{
  "type": "FeatureCollection",
  "source": "incois_textdata",
  "timestamp": "2026-09-20T06:49:07.666863+00:00",
  "count": 723,
  "sector_count": 11,
  "features": [
    {
      "type": "Feature",
      "geometry": {
        "type": "Point",
        "coordinates": [
          72.41083,
          20.12083
        ]
      },
      "properties": {
        "place": "Gholvad",
        "sector": "SEC002",
        "sector_name": "MAHARASHTRA",
        "dir": "NW",
        "direction": "NW",
        "bearing": 277,
        "distance": "31-36",
        "depth": "33-38",
        "lat_dms": "20 7 15 N",
        "lon_dms": "72 24 39 E",
        "suitability": "high",
        "timestamp": "2026-09-19T05:04:34.584822+00:00",
        "source": "incois_textdata",
        "zone_id": "SEC002_Gholvad_000"
      }
    },
    {
      "type": "Feature",
      "geometry": {
        "type": "Point",
        "coordinates": [
          72.4,
          20.10639
        ]
      },
      "properties": {
        "place": "Narpad/DahanuAgar",
        "sector": "SEC002",
        "sector_name": "MAHARASHTRA",
        "dir": "NW",
        "direction": "NW",
        "bearing": 287,
        "distance": "32-37",
        "depth": "34-39",
        "lat_dms": "20 6 23 N",
        "lon_dms": "72 24 0 E",
        "suitability": "high",
        "timestamp": "2026-09-19T05:04:34.584822+00:00",
        "source": "incois_textdata",
        "zone_id": "SEC002_Narpad/DahanuAgar_001"
      }
    },
    {
      "type": "Feature",
      "geometry": {
        "type": "Point",
        "coordinates": [
          72.3975,
          20.08806
        ]
      },
      "properties": {
        "place": "DhaktiDahanu/Gungawada",
        "sector": "SEC002",
        "sector_name": "MAHARASHTRA",
        "dir": "NW",
        "direction": "NW",
        "bearing": 293,
        "distance": "30-35",
        "depth": "34-39",
        "lat_dms": "20 5 17 N",
        "lon_dms": "72 23 51 E",
        "suitability": "high",
        "timestamp": "2026-09-19T05:04:34.584822+00:00",
        "source": "incois_textdata",
        "zone_id": "SEC002_DhaktiDahanu/Gungawada_002"
      }
    },
    {
      "type": "Feature",
      "geometry": {
        "type": "Point",
        "coordinates": [
          72.39556,
          20.06972
        ]
      },
      "properties": {
        "place": "Varor",
        "sector": "SEC002",
        "sector_name": "MAHARASHTRA",
        "dir": "NW",
        "direction": "NW",
        "bearing": 302,
        "distance": "29-34",
        "depth": "33-38",
        "lat_dms": "20 4 11 N",
        "lon_dms": "72 23 44 E",
        "suitability": "high",
        "timestamp": "2026-09-19T05:04:34.584822+00:00",
        "source": "incois_textdata",
        "zone_id": "SEC002_Varor_003"
      }
    },
    {
      "type": "Feature",
      "geometry": {
        "type": "Point",
        "coordinates": [
          72.38694,
          20.05333
        ]
      },
      "properties": {
        "place": "Dahanu",
        "sector": "SEC002",
        "sector_name": "MAHARASHTRA",
        "dir": "NW",
        "direction": "NW",
        "bearing": 283,
        "distance": "29-34",
        "depth": "35-40",
        "lat_dms": "20 3 12 N",
        "lon_dms": "72 23 13 E",
        "suitability": "high",
        "timestamp": "2026-09-19T05:04:34.584822+00:00",
        "source": "incois_textdata",
        "zone_id": "SEC002_Dahanu_004"
      }
    },
    {
      "type": "Feature",
      "geometry": {
        "type": "Point",
        "coordinates": [
          72.37417,
          20.04028
        ]
      },
      "properties": {
        "place": "Tarapur Pt",
        "sector": "SEC002",
        "sector_name": "MAHARASHTRA",
        "dir": "NW",
        "direction": "NW",
        "bearing": 307,
        "distance": "29-34",
        "depth": "36-41",
        "lat_dms": "20 2 25 N",
        "lon_dms": "72 22 27 E",
        "suitability": "high",
        "timestamp": "2026-09-19T05:04:34.584822+00:00",
        "source": "incois_textdata",
        "zone_id": "SEC002_Tarapur_Pt_005"
      }
    },
    {
      "type": "Feature",
      "geometry": {
        "type": "Point",
        "coordinates": [
          72.35639,
          20.03583
        ]
      },
      "properties": {
        "place": "Ghivali",
        "sector": "SEC002",
        "sector_name": "MAHARASHTRA",
        "dir": "NW",
        "direction": "NW",
        "bearing": 303,
        "distance": "29-34",
        "depth": "37-42",
        "lat_dms": "20 2 9 N",
        "lon_dms": "72 21 23 E",
        "suitability": "high",
        "timestamp": "2026-09-19T05:04:34.584822+00:00",
        "source": "incois_textdata",
        "zone_id": "SEC002_Ghivali_006"
      }
    },
    {
      "type": "Feature",
      "geometry": {
        "type": "Point",
        "coordinates": [
          72.33917,
          20.03
        ]
      },
      "properties": {
        "place": "Kambode",
        "sector": "SEC002",
        "sector_name": "MAHARASHTRA",
        "dir": "NW",
        "direction": "NW",
        "bearing": 299,
        "distance": "30-35",
        "depth": "39-44",
        "lat_dms": "20 1 48 N",
        "lon_dms": "72 20 21 E",
        "suitability": "high",
        "timestamp": "2026-09-19T05:04:34.584822+00:00",
        "source": "incois_textdata",
        "zone_id": "SEC002_Kambode_007"
      }
    },
    {
      "type": "Feature",
      "geometry": {
        "type": "Point",
        "coordinates": [
          72.32917,
          20.01444
        ]
      },
      "properties": {
        "place": "Khondha Cr",
        "sector": "SEC002",
        "sector_name": "MAHARASHTRA",
        "dir": "NW",
        "direction": "NW",
        "bearing": 276,
        "distance": "31-36",
        "depth": "40-45",
        "lat_dms": "20 0 52 N",
        "lon_dms": "72 19 45 E",
        "suitability": "high",
        "timestamp": "2026-09-19T05:04:34.584822+00:00",
        "source": "incois_textdata",
        "zone_id": "SEC002_Khondha_Cr_008"
      }
    },
    {
      "type": "Feature",
      "geometry": {
        "type": "Point",
        "coordinates": [
          72.31889,
          19.99972
        ]
      },
      "properties": {
        "place": "PokharanDandi/Uchheli",
        "sector": "SEC002",
        "sector_name": "MAHARASHTRA",
        "dir": "NW",
        "direction": "NW",
        "bearing": 299,
        "distance": "30-35",
        "depth": "42-47",
        "lat_dms": "19 59 59 N",
        "lon_dms": "72 19 8 E",
        "suitability": "high",
        "timestamp": "2026-09-19T05:04:34.584822+00:00",
        "source": "incois_textdata",
        "zone_id": "SEC002_PokharanDandi/Uchheli_009"
      }
    },
    {
      "type": "Feature",
      "geometry": {
        "type": "Point",
        "coordinates": [
          71.90778,
          19.99417
        ]
      },
      "properties": {
        "place": "Navapur (Ucheli Cr)",
        "sector": "SEC002",
        "sector_name": "MAHARASHTRA",
        "dir": "NW",
        "direction": "NW",
        "bearing": 286,
        "distance": "25-30",
        "depth": "85-90",
        "lat_dms": "19 59 39 N",
        "lon_dms": "71 54 28 E",
        "suitability": "high",
        "timestamp": "2026-09-19T05:04:34.584822+00:00",
        "source": "incois_textdata",
        "zone_id": "SEC002_Navapur_(Ucheli_Cr)_010"
      }
    },
    {
      "type": "Feature",
      "geometry": {
        "type": "Point",
        "coordinates": [
          71.91361,
          19.97556
        ]
      },
      "properties": {
        "place": "Murbe",
        "sector": "SEC002",
        "sector_name": "MAHARASHTRA",
        "dir": "NW",
        "direction": "NW",
        "bearing": 288,
        "distance": "24-29",
        "depth": "87-92",
        "lat_dms": "19 58 32 N",
        "lon_dms": "71 54 49 E",
        "suitability": "high",
        "timestamp": "2026-09-19T05:04:34.584822+00:00",
        "source": "incois_textdata",
        "zone_id": "SEC002_Murbe_011"
      }
    },
    {
      "type": "Feature",
      "geometry": {
        "type": "Point",
        "coordinates": [
          71.93083,
          19.96583
        ]
      },
      "properties": {
        "place": "Satpati(N)",
        "sector": "SEC002",
        "sector_name": "MAHARASHTRA",
        "dir": "NW",
        "direction": "NW",
        "bearing": 289,
        "distance": "25-30",
        "depth": "85-90",
        "lat_dms": "19 57 57 N",
        "lon_dms": "71 55 51 E",
        "suitability": "high",
        "timestamp": "2026-09-19T05:04:34.584822+00:00",
        "source": "incois_textdata",
        "zone_id": "SEC002_Satpati(N)_012"
      }
    },
    {
      "type": "Feature",
      "geometry": {
        "type": "Point",
        "coordinates": [
          71.94806,
          19.95639
        ]
      },
      "properties": {
        "place": "Satpati(M/S)",
        "sector": "SEC002",
        "sector_name": "MAHARASHTRA",
        "dir": "NW",
        "direction": "NW",
        "bearing": 289,
        "distance": "26-31",
        "depth": "83-88",
        "lat_dms": "19 57 23 N",
        "lon_dms": "71 56 53 E",
        "suitability": "high",
        "timestamp": "2026-09-19T05:04:34.584822+00:00",
        "source": "incois_textdata",
        "zone_id": "SEC002_Satpati(M/S)_013"
      }
    },
    {
      "type": "Feature",
      "geometry": {
        "type": "Point",
        "coordinates": [
          71.95833,
          19.93972
        ]
      },
      "properties": {
        "place": "Satpati",
        "sector": "SEC002",
        "sector_name": "MAHARASHTRA",
        "dir": "NW",
        "direction": "NW",
        "bearing": 288,
        "distance": "27-32",
        "depth": "82-87",
        "lat_dms": "19 56 23 N",
        "lon_dms": "71 57 30 E",
        "suitability": "high",
        "timestamp": "2026-09-19T05:04:34.584822+00:00",
        "source": "incois_textdata",
        "zone_id": "SEC002_Satpati_014"
      }
    },
    {
      "type": "Feature",
      "geometry": {
        "type": "Point",
        "coordinates": [
          71.96139,
          19.92028
        ]
      },
      "properties": {
        "place": "Shirgaon",
        "sector": "SEC002",
        "sector_name": "MAHARASHTRA",
        "dir": "NW",
        "direction": "NW",
        "bearing": 288,
        "distance": "28-33",
        "depth": "82-87",
        "lat_dms": "19 55 13 N",
        "lon_dms": "71 57 41 E",
        "suitability": "high",
        "timestamp": "2026-09-19T05:04:34.584822+00:00",
        "source": "incois_textdata",
        "zone_id": "SEC002_Shirgaon_015"
      }
    },
    {
      "type": "Feature",
      "geometry": {
        "type": "Point",
        "coordinates": [
          71.95944,
          19.90056
        ]
      },
      "properties": {
        "place": "Vadarai",
        "sector": "SEC002",
        "sector_name": "MAHARASHTRA",
        "dir": "NW",
        "direction": "NW",
        "bearing": 289,
        "distance": "27-32",
        "depth": "83-88",
        "lat_dms": "19 54 2 N",
        "lon_dms": "71 57 34 E",
        "suitability": "high",
        "timestamp": "2026-09-19T05:04:34.584822+00:00",
        "source": "incois_textdata",
        "zone_id": "SEC002_Vadarai_016"
      }
    },
    {
      "type": "Feature",
      "geometry": {
        "type": "Point",
        "coordinates": [
          71.96306,
          19.88139
        ]
      },
      "properties": {
        "place": "Kelwane",
        "sector": "SEC002",
        "sector_name": "MAHARASHTRA",
        "dir": "NW",
        "direction": "NW",
        "bearing": 290,
        "distance": "27-32",
        "depth": "86-91",
        "lat_dms": "19 52 53 N",
        "lon_dms": "71 57 47 E",
        "suitability": "high",
        "timestamp": "2026-09-19T05:04:34.584822+00:00",
        "source": "incois_textdata",
        "zone_id": "SEC002_Kelwane_017"
      }
    },
    {
      "type": "Feature",
      "geometry": {
        "type": "Point",
        "coordinates": [
          71.97472,
          19.86556
        ]
      },
      "properties": {
        "place": "Danda",
        "sector": "SEC002",
        "sector_name": "MAHARASHTRA",
        "dir": "NW",
        "direction": "NW",
        "bearing": 291,
        "distance": "27-32",
        "depth": "84-89",
        "lat_dms": "19 51 56 N",
        "lon_dms": "71 58 29 E",
        "suitability": "high",
        "timestamp": "2026-09-19T05:04:34.584822+00:00",
        "source": "incois_textdata",
        "zone_id": "SEC002_Danda_018"
      }
    },
    {
      "type": "Feature",
      "geometry": {
        "type": "Point",
        "coordinates": [
          71.98194,
          19.84778
        ]
      },
      "properties": {
        "place": "Kelwa/KelwaDadar",
        "sector": "SEC002",
        "sector_name": "MAHARASHTRA",
        "dir": "NW",
        "direction": "NW",
        "bearing": 289,
        "distance": "27-32",
        "depth": "83-88",
        "lat_dms": "19 50 52 N",
        "lon_dms": "71 58 55 E",
        "suitability": "high",
        "timestamp": "2026-09-19T05:04:34.584822+00:00",
        "source": "incois_textdata",
        "zone_id": "SEC002_Kelwa/KelwaDadar_019"
      }
    },
    {
      "type": "Feature",
      "geometry": {
        "type": "Point",
        "coordinates": [
          72.59778,
          19.76667
        ]
      },
      "properties": {
        "place": "Mahim Cr",
        "sector": "SEC002",
        "sector_name": "MAHARASHTRA",
        "dir": "NW",
        "direction": "NW",
        "bearing": 322,
        "distance": "12-17",
        "depth": "22-27",
        "lat_dms": "19 46 0 N",
        "lon_dms": "72 35 52 E",
        "suitability": "high",
        "timestamp": "2026-09-19T05:04:34.584822+00:00",
        "source": "incois_textdata",
        "zone_id": "SEC002_Mahim_Cr_020"
      }
    },
    {
      "type": "Feature",
      "geometry": {
        "type": "Point",
        "coordinates": [
          72.58861,
          19.74444
        ]
      },
      "properties": {
        "place": "Edavan/Kore",
        "sector": "SEC002",
        "sector_name": "MAHARASHTRA",
        "dir": "NW",
        "direction": "NW",
        "bearing": 328,
        "distance": "13-18",
        "depth": "25-30",
        "lat_dms": "19 44 40 N",
        "lon_dms": "72 35 19 E",
        "suitability": "high",
        "timestamp": "2026-09-19T05:04:34.584822+00:00",
        "source": "incois_textdata",
        "zone_id": "SEC002_Edavan/Kore_021"
      }
    },
    {
      "type": "Feature",
      "geometry": {
        "type": "Point",
        "coordinates": [
          72.56722,
          19.73306
        ]
      },
      "properties": {
        "place": "Datiware",
        "sector": "SEC002",
        "sector_name": "MAHARASHTRA",
        "dir": "NW",
        "direction": "NW",
        "bearing": 322,
        "distance": "13-18",
        "depth": "29-34",
        "lat_dms": "19 43 59 N",
        "lon_dms": "72 34 2 E",
        "suitability": "high",
        "timestamp": "2026-09-19T05:04:34.584822+00:00",
        "source": "incois_textdata",
        "zone_id": "SEC002_Datiware_022"
      }
    },
    {
      "type": "Feature",
      "geometry": {
        "type": "Point",
        "coordinates": [
          72.51806,
          19.73083
        ]
      },
      "properties": {
        "place": "Tembhi",
        "sector": "SEC002",
        "sector_name": "MAHARASHTRA",
        "dir": "NW",
        "direction": "NW",
        "bearing": 322,
        "distance": "16-21",
        "depth": "37-42",
        "lat_dms": "19 43 51 N",
        "lon_dms": "72 31 5 E",
        "suitability": "high",
        "timestamp": "2026-09-19T05:04:34.584822+00:00",
        "source": "incois_textdata",
        "zone_id": "SEC002_Tembhi_023"
      }
    },
    {
      "type": "Feature",
      "geometry": {
        "type": "Point",
        "coordinates": [
          72.54278,
          19.72944
        ]
      },
      "properties": {
        "place": "Arnala",
        "sector": "SEC002",
        "sector_name": "MAHARASHTRA",
        "dir": "NW",
        "direction": "NW",
        "bearing": 326,
        "distance": "15-20",
        "depth": "33-38",
        "lat_dms": "19 43 46 N",
        "lon_dms": "72 32 34 E",
        "suitability": "high",
        "timestamp": "2026-09-19T05:04:34.584822+00:00",
        "source": "incois_textdata",
        "zone_id": "SEC002_Arnala_024"
      }
    },
    {
      "type": "Feature",
      "geometry": {
        "type": "Point",
        "coordinates": [
          72.49389,
          19.72778
        ]
      },
      "properties": {
        "place": "Arnalapada",
        "sector": "SEC002",
        "sector_name": "MAHARASHTRA",
        "dir": "NW",
        "direction": "NW",
        "bearing": 319,
        "distance": "17-22",
        "depth": "38-43",
        "lat_dms": "19 43 40 N",
        "lon_dms": "72 29 38 E",
        "suitability": "high",
        "timestamp": "2026-09-19T05:04:34.584822+00:00",
        "source": "incois_textdata",
        "zone_id": "SEC002_Arnalapada_025"
      }
    },
    {
      "type": "Feature",
      "geometry": {
        "type": "Point",
        "coordinates": [
          72.48278,
          19.70639
        ]
      },
      "properties": {
        "place": "Rangaon",
        "sector": "SEC002",
        "sector_name": "MAHARASHTRA",
        "dir": "NW",
        "direction": "NW",
        "bearing": 321,
        "distance": "18-23",
        "depth": "45-50",
        "lat_dms": "19 42 23 N",
        "lon_dms": "72 28 58 E",
        "suitability": "high",
        "timestamp": "2026-09-19T05:04:34.584822+00:00",
        "source": "incois_textdata",
        "zone_id": "SEC002_Rangaon_026"
      }
    },
    {
      "type": "Feature",
      "geometry": {
        "type": "Point",
        "coordinates": [
          72.46472,
          19.69139
        ]
      },
      "properties": {
        "place": "MulgaonDanda",
        "sector": "SEC002",
        "sector_name": "MAHARASHTRA",
        "dir": "NW",
        "direction": "NW",
        "bearing": 318,
        "distance": "19-24",
        "depth": "50-55",
        "lat_dms": "19 41 29 N",
        "lon_dms": "72 27 53 E",
        "suitability": "high",
        "timestamp": "2026-09-19T05:04:34.584822+00:00",
        "source": "incois_textdata",
        "zone_id": "SEC002_MulgaonDanda_027"
      }
    },
    {
      "type": "Feature",
      "geometry": {
        "type": "Point",
        "coordinates": [
          72.44111,
          19.68417
        ]
      },
      "properties": {
        "place": "Vasai(Pachubandar)",
        "sector": "SEC002",
        "sector_name": "MAHARASHTRA",
        "dir": "NW",
        "direction": "NW",
        "bearing": 316,
        "distance": "19-24",
        "depth": "53-58",
        "lat_dms": "19 41 3 N",
        "lon_dms": "72 26 28 E",
        "suitability": "high",
        "timestamp": "2026-09-19T05:04:34.584822+00:00",
        "source": "incois_textdata",
        "zone_id": "SEC002_Vasai(Pachubandar)_028"
      }
    },
    {
      "type": "Feature",
      "geometry": {
        "type": "Point",
        "coordinates": [
          72.42139,
          19.66944
        ]
      },
      "properties": {
        "place": "Dongi Point",
        "sector": "SEC002",
        "sector_name": "MAHARASHTRA",
        "dir": "NW",
        "direction": "NW",
        "bearing": 316,
        "distance": "19-24",
        "depth": "54-59",
        "lat_dms": "19 40 10 N",
        "lon_dms": "72 25 17 E",
        "suitability": "high",
        "timestamp": "2026-09-19T05:04:34.584822+00:00",
        "source": "incois_textdata",
        "zone_id": "SEC002_Dongi_Point_029"
      }
    },
    {
      "type": "Feature",
      "geometry": {
        "type": "Point",
        "coordinates": [
          72.37944,
          19.58167
        ]
      },
      "properties": {
        "place": "Uttan",
        "sector": "SEC002",
        "sector_name": "MAHARASHTRA",
        "dir": "NW",
        "direction": "NW",
        "bearing": 309,
        "distance": "20-25",
        "depth": "52-57",
        "lat_dms": "19 34 54 N",
        "lon_dms": "72 22 46 E",
        "suitability": "high",
        "timestamp": "2026-09-19T05:04:34.584822+00:00",
        "source": "incois_textdata",
        "zone_id": "SEC002_Uttan_030"
      }
    },
    {
      "type": "Feature",
      "geometry": {
        "type": "Point",
        "coordinates": [
          72.36778,
          19.56667
        ]
      },
      "properties": {
        "place": "Dongri",
        "sector": "SEC002",
        "sector_name": "MAHARASHTRA",
        "dir": "NW",
        "direction": "NW",
        "bearing": 306,
        "distance": "20-25",
        "depth": "53-58",
        "lat_dms": "19 34 0 N",
        "lon_dms": "72 22 4 E",
        "suitability": "high",
        "timestamp": "2026-09-19T05:04:34.584822+00:00",
        "source": "incois_textdata",
        "zone_id": "SEC002_Dongri_031"
      }
    },
    {
      "type": "Feature",
      "geometry": {
        "type": "Point",
        "coordinates": [
          72.34972,
          19.55833
        ]
      },
      "properties": {
        "place": "Uttan(Bhatye)",
        "sector": "SEC002",
        "sector_name": "MAHARASHTRA",
        "dir": "NW",
        "direction": "NW",
        "bearing": 305,
        "distance": "19-24",
        "depth": "54-59",
        "lat_dms": "19 33 30 N",
        "lon_dms": "72 20 59 E",
        "suitability": "high",
        "timestamp": "2026-09-19T05:04:34.584822+00:00",
        "source": "incois_textdata",
        "zone_id": "SEC002_Uttan(Bhatye)_032"
      }
    },
    {
      "type": "Feature",
      "geometry": {
        "type": "Point",
        "coordinates": [
          72.33194,
          19.54944
        ]
      },
      "properties": {
        "place": "Vasai",
        "sector": "SEC002",
        "sector_name": "MAHARASHTRA",
        "dir": "NW",
        "direction": "NW",
        "bearing": 296,
        "distance": "21-26",
        "depth": "56-61",
        "lat_dms": "19 32 58 N",
        "lon_dms": "72 19 55 E",
        "suitability": "high",
        "timestamp": "2026-09-19T05:04:34.584822+00:00",
        "source": "incois_textdata",
        "zone_id": "SEC002_Vasai_033"
      }
    },
    {
      "type": "Feature",
      "geometry": {
        "type": "Point",
        "coordinates": [
          72.31917,
          19.53444
        ]
      },
      "properties": {
        "place": "Khochiwade",
        "sector": "SEC002",
        "sector_name": "MAHARASHTRA",
        "dir": "NW",
        "direction": "NW",
        "bearing": 293,
        "distance": "21-26",
        "depth": "57-62",
        "lat_dms": "19 32 4 N",
        "lon_dms": "72 19 9 E",
        "suitability": "high",
        "timestamp": "2026-09-19T05:04:34.584822+00:00",
        "source": "incois_textdata",
        "zone_id": "SEC002_Khochiwade_034"
      }
    },
    {
      "type": "Feature",
      "geometry": {
        "type": "Point",
        "coordinates": [
          72.31222,
          19.51583
        ]
      },
      "properties": {
        "place": "Gorai",
        "sector": "SEC002",
        "sector_name": "MAHARASHTRA",
        "dir": "NW",
        "direction": "NW",
        "bearing": 302,
        "distance": "21-26",
        "depth": "57-62",
        "lat_dms": "19 30 57 N",
        "lon_dms": "72 18 44 E",
        "suitability": "high",
        "timestamp": "2026-09-19T05:04:34.584822+00:00",
        "source": "incois_textdata",
        "zone_id": "SEC002_Gorai_035"
      }
    },
    {
      "type": "Feature",
      "geometry": {
        "type": "Point",
        "coordinates": [
          72.30389,
          19.49778
        ]
      },
      "properties": {
        "place": "Manori",
        "sector": "SEC002",
        "sector_name": "MAHARASHTRA",
        "dir": "NW",
        "direction": "NW",
        "bearing": 303,
        "distance": "21-26",
        "depth": "58-63",
        "lat_dms": "19 29 52 N",
        "lon_dms": "72 18 14 E",
        "suitability": "high",
        "timestamp": "2026-09-19T05:04:34.584822+00:00",
        "source": "incois_textdata",
        "zone_id": "SEC002_Manori_036"
      }
    },
    {
      "type": "Feature",
      "geometry": {
        "type": "Point",
        "coordinates": [
          72.28944,
          19.48417
        ]
      },
      "properties": {
        "place": "Marve/Malvani",
        "sector": "SEC002",
        "sector_name": "MAHARASHTRA",
        "dir": "NW",
        "direction": "NW",
        "bearing": 302,
        "distance": "22-27",
        "depth": "62-67",
        "lat_dms": "19 29 3 N",
        "lon_dms": "72 17 22 E",
        "suitability": "high",
        "timestamp": "2026-09-19T05:04:34.584822+00:00",
        "source": "incois_textdata",
        "zone_id": "SEC002_Marve/Malvani_037"
      }
    },
    {
      "type": "Feature",
      "geometry": {
        "type": "Point",
        "coordinates": [
          72.27222,
          19.47417
        ]
      },
      "properties": {
        "place": "YerangalBhati",
        "sector": "SEC002",
        "sector_name": "MAHARASHTRA",
        "dir": "NW",
        "direction": "NW",
        "bearing": 303,
        "distance": "22-27",
        "depth": "63-68",
        "lat_dms": "19 28 27 N",
        "lon_dms": "72 16 20 E",
        "suitability": "high",
        "timestamp": "2026-09-19T05:04:34.584822+00:00",
        "source": "incois_textdata",
        "zone_id": "SEC002_YerangalBhati_038"
      }
    },
    {
      "type": "Feature",
      "geometry": {
        "type": "Point",
        "coordinates": [
          72.25306,
          19.47
        ]
      },
      "properties": {
        "place": "Madh",
        "sector": "SEC002",
        "sector_name": "MAHARASHTRA",
        "dir": "NW",
        "direction": "NW",
        "bearing": 302,
        "distance": "22-27",
        "depth": "64-69",
        "lat_dms": "19 28 12 N",
        "lon_dms": "72 15 11 E",
        "suitability": "high",
        "timestamp": "2026-09-19T05:04:34.584822+00:00",
        "source": "incois_textdata",
        "zone_id": "SEC002_Madh_039"
      }
    },
    {
      "type": "Feature",
      "geometry": {
        "type": "Point",
        "coordinates": [
          72.37917,
          19.31694
        ]
      },
      "properties": {
        "place": "Patwadi",
        "sector": "SEC002",
        "sector_name": "MAHARASHTRA",
        "dir": "NW",
        "direction": "NW",
        "bearing": 295,
        "distance": "20-25",
        "depth": "46-51",
        "lat_dms": "19 19 1 N",
        "lon_dms": "72 22 45 E",
        "suitability": "high",
        "timestamp": "2026-09-19T05:04:34.584822+00:00",
        "source": "incois_textdata",
        "zone_id": "SEC002_Patwadi_040"
      }
    },
    {
      "type": "Feature",
      "geometry": {
        "type": "Point",
        "coordinates": [
          72.37083,
          19.29611
        ]
      },
      "properties": {
        "place": "Vesava",
        "sector": "SEC002",
        "sector_name": "MAHARASHTRA",
        "dir": "NW",
        "direction": "NW",
        "bearing": 291,
        "distance": "21-26",
        "depth": "48-53",
        "lat_dms": "19 17 46 N",
        "lon_dms": "72 22 15 E",
        "suitability": "high",
        "timestamp": "2026-09-19T05:04:34.584822+00:00",
        "source": "incois_textdata",
        "zone_id": "SEC002_Vesava_041"
      }
    },
    {
      "type": "Feature",
      "geometry": {
        "type": "Point",
        "coordinates": [
          72.37056,
          19.27389
        ]
      },
      "properties": {
        "place": "Varsova",
        "sector": "SEC002",
        "sector_name": "MAHARASHTRA",
        "dir": "NW",
        "direction": "NW",
        "bearing": 289,
        "distance": "22-27",
        "depth": "48-53",
        "lat_dms": "19 16 26 N",
        "lon_dms": "72 22 14 E",
        "suitability": "high",
        "timestamp": "2026-09-19T05:04:34.584822+00:00",
        "source": "incois_textdata",
        "zone_id": "SEC002_Varsova_042"
      }
    },
    {
      "type": "Feature",
      "geometry": {
        "type": "Point",
        "coordinates": [
          72.36472,
          19.25194
        ]
      },
      "properties": {
        "place": "JuhumoraGaon",
        "sector": "SEC002",
        "sector_name": "MAHARASHTRA",
        "dir": "NW",
        "direction": "NW",
        "bearing": 287,
        "distance": "23-28",
        "depth": "49-54",
        "lat_dms": "19 15 7 N",
        "lon_dms": "72 21 53 E",
        "suitability": "high",
        "timestamp": "2026-09-19T05:04:34.584822+00:00",
        "source": "incois_textdata",
        "zone_id": "SEC002_JuhumoraGaon_043"
      }
    },
    {
      "type": "Feature",
      "geometry": {
        "type": "Point",
        "coordinates": [
          72.35111,
          19.23472
        ]
      },
      "properties": {
        "place": "JuhuTara",
        "sector": "SEC002",
        "sector_name": "MAHARASHTRA",
        "dir": "NW",
        "direction": "NW",
        "bearing": 287,
        "distance": "24-29",
        "depth": "51-56",
        "lat_dms": "19 14 5 N",
        "lon_dms": "72 21 4 E",
        "suitability": "high",
        "timestamp": "2026-09-19T05:04:34.584822+00:00",
        "source": "incois_textdata",
        "zone_id": "SEC002_JuhuTara_044"
      }
    },
    {
      "type": "Feature",
      "geometry": {
        "type": "Point",
        "coordinates": [
          72.33028,
          19.22722
        ]
      },
      "properties": {
        "place": "Uarashi Rf",
        "sector": "SEC002",
        "sector_name": "MAHARASHTRA",
        "dir": "NW",
        "direction": "NW",
        "bearing": 289,
        "distance": "25-30",
        "depth": "54-59",
        "lat_dms": "19 13 38 N",
        "lon_dms": "72 19 49 E",
        "suitability": "high",
        "timestamp": "2026-09-19T05:04:34.584822+00:00",
        "source": "incois_textdata",
        "zone_id": "SEC002_Uarashi_Rf_045"
      }
    },
    {
      "type": "Feature",
      "geometry": {
        "type": "Point",
        "coordinates": [
          72.30833,
          19.22361
        ]
      },
      "properties": {
        "place": "KharDanda",
        "sector": "SEC002",
        "sector_name": "MAHARASHTRA",
        "dir": "NW",
        "direction": "NW",
        "bearing": 287,
        "distance": "27-32",
        "depth": "56-61",
        "lat_dms": "19 13 25 N",
        "lon_dms": "72 18 30 E",
        "suitability": "high",
        "timestamp": "2026-09-19T05:04:34.584822+00:00",
        "source": "incois_textdata",
        "zone_id": "SEC002_KharDanda_046"
      }
    },
    {
      "type": "Feature",
      "geometry": {
        "type": "Point",
        "coordinates": [
          72.3,
          19.20444
        ]
      },
      "properties": {
        "place": "Chimbai",
        "sector": "SEC002",
        "sector_name": "MAHARASHTRA",
        "dir": "NW",
        "direction": "NW",
        "bearing": 287,
        "distance": "28-33",
        "depth": "57-62",
        "lat_dms": "19 12 16 N",
        "lon_dms": "72 18 0 E",
        "suitability": "high",
        "timestamp": "2026-09-19T05:04:34.584822+00:00",
        "source": "incois_textdata",
        "zone_id": "SEC002_Chimbai_047"
      }
    },
    {
      "type": "Feature",
      "geometry": {
        "type": "Point",
        "coordinates": [
          72.30306,
          19.18222
        ]
      },
      "properties": {
        "place": "Worli",
        "sector": "SEC002",
        "sector_name": "MAHARASHTRA",
        "dir": "NW",
        "direction": "NW",
        "bearing": 290,
        "distance": "31-36",
        "depth": "56-61",
        "lat_dms": "19 10 56 N",
        "lon_dms": "72 18 11 E",
        "suitability": "high",
        "timestamp": "2026-09-19T05:04:34.584822+00:00",
        "source": "incois_textdata",
        "zone_id": "SEC002_Worli_048"
      }
    },
    {
      "type": "Feature",
      "geometry": {
        "type": "Point",
        "coordinates": [
          72.30222,
          19.16
        ]
      },
      "properties": {
        "place": "Malabar Port (Mumbai)",
        "sector": "SEC002",
        "sector_name": "MAHARASHTRA",
        "dir": "NW",
        "direction": "NW",
        "bearing": 296,
        "distance": "33-38",
        "depth": "56-61",
        "lat_dms": "19 9 36 N",
        "lon_dms": "72 18 8 E",
        "suitability": "high",
        "timestamp": "2026-09-19T05:04:34.584822+00:00",
        "source": "incois_textdata",
        "zone_id": "SEC002_Malabar_Port_(Mumbai)_049"
      }
    },
    {
      "type": "Feature",
      "geometry": {
        "type": "Point",
        "coordinates": [
          72.54194,
          19.08278
        ]
      },
      "properties": {
        "place": "Naigaon",
        "sector": "SEC002",
        "sector_name": "MAHARASHTRA",
        "dir": "NW",
        "direction": "NW",
        "bearing": 283,
        "distance": "20-25",
        "depth": "30-35",
        "lat_dms": "19 4 58 N",
        "lon_dms": "72 32 31 E",
        "suitability": "high",
        "timestamp": "2026-09-19T05:04:34.584822+00:00",
        "source": "incois_textdata",
        "zone_id": "SEC002_Naigaon_050"
      }
    },
    {
      "type": "Feature",
      "geometry": {
        "type": "Point",
        "coordinates": [
          72.52528,
          19.06583
        ]
      },
      "properties": {
        "place": "Mahim",
        "sector": "SEC002",
        "sector_name": "MAHARASHTRA",
        "dir": "NW",
        "direction": "NW",
        "bearing": 275,
        "distance": "22-27",
        "depth": "32-37",
        "lat_dms": "19 3 57 N",
        "lon_dms": "72 31 31 E",
        "suitability": "high",
        "timestamp": "2026-09-19T05:04:34.584822+00:00",
        "source": "incois_textdata",
        "zone_id": "SEC002_Mahim_051"
      }
    },
    {
      "type": "Feature",
      "geometry": {
        "type": "Point",
        "coordinates": [
          72.51417,
          19.04472
        ]
      },
      "properties": {
        "place": "Trombay",
        "sector": "SEC002",
        "sector_name": "MAHARASHTRA",
        "dir": "NW",
        "direction": "NW",
        "bearing": 276,
        "distance": "24-29",
        "depth": "38-43",
        "lat_dms": "19 2 41 N",
        "lon_dms": "72 30 51 E",
        "suitability": "high",
        "timestamp": "2026-09-19T05:04:34.584822+00:00",
        "source": "incois_textdata",
        "zone_id": "SEC002_Trombay_052"
      }
    },
    {
      "type": "Feature",
      "geometry": {
        "type": "Point",
        "coordinates": [
          72.50694,
          19.02194
        ]
      },
      "properties": {
        "place": "Mahul",
        "sector": "SEC002",
        "sector_name": "MAHARASHTRA",
        "dir": "NW",
        "direction": "NW",
        "bearing": 273,
        "distance": "26-31",
        "depth": "39-44",
        "lat_dms": "19 1 19 N",
        "lon_dms": "72 30 25 E",
        "suitability": "high",
        "timestamp": "2026-09-19T05:04:34.584822+00:00",
        "source": "incois_textdata",
        "zone_id": "SEC002_Mahul_053"
      }
    },
    {
      "type": "Feature",
      "geometry": {
        "type": "Point",
        "coordinates": [
          72.49444,
          19.00139
        ]
      },
      "properties": {
        "place": "Nhawa",
        "sector": "SEC002",
        "sector_name": "MAHARASHTRA",
        "dir": "NW",
        "direction": "NW",
        "bearing": 275,
        "distance": "26-31",
        "depth": "48-53",
        "lat_dms": "19 0 5 N",
        "lon_dms": "72 29 40 E",
        "suitability": "high",
        "timestamp": "2026-09-19T05:04:34.584822+00:00",
        "source": "incois_textdata",
        "zone_id": "SEC002_Nhawa_054"
      }
    },
    {
      "type": "Feature",
      "geometry": {
        "type": "Point",
        "coordinates": [
          72.38528,
          18.98778
        ]
      },
      "properties": {
        "place": "Belapur",
        "sector": "SEC002",
        "sector_name": "MAHARASHTRA",
        "dir": "SW",
        "direction": "SW",
        "bearing": 269,
        "distance": "39-44",
        "depth": "67-72",
        "lat_dms": "18 59 16 N",
        "lon_dms": "72 23 7 E",
        "suitability": "high",
        "timestamp": "2026-09-19T05:04:34.584822+00:00",
        "source": "incois_textdata",
        "zone_id": "SEC002_Belapur_055"
      }
    },
    {
      "type": "Feature",
      "geometry": {
        "type": "Point",
        "coordinates": [
          72.47722,
          18.985
        ]
      },
      "properties": {
        "place": "WashiBridge,PWDJetty",
        "sector": "SEC002",
        "sector_name": "MAHARASHTRA",
        "dir": "SW",
        "direction": "SW",
        "bearing": 261,
        "distance": "29-34",
        "depth": "51-56",
        "lat_dms": "18 59 6 N",
        "lon_dms": "72 28 38 E",
        "suitability": "high",
        "timestamp": "2026-09-19T05:04:34.584822+00:00",
        "source": "incois_textdata",
        "zone_id": "SEC002_WashiBridge,PWDJetty_056"
      }
    },
    {
      "type": "Feature",
      "geometry": {
        "type": "Point",
        "coordinates": [
          72.4075,
          18.97917
        ]
      },
      "properties": {
        "place": "Morave-1",
        "sector": "SEC002",
        "sector_name": "MAHARASHTRA",
        "dir": "W",
        "direction": "W",
        "bearing": 270,
        "distance": "37-42",
        "depth": "64-69",
        "lat_dms": "18 58 45 N",
        "lon_dms": "72 24 27 E",
        "suitability": "high",
        "timestamp": "2026-09-19T05:04:34.584822+00:00",
        "source": "incois_textdata",
        "zone_id": "SEC002_Morave-1_057"
      }
    },
    {
      "type": "Feature",
      "geometry": {
        "type": "Point",
        "coordinates": [
          72.455,
          18.97611
        ]
      },
      "properties": {
        "place": "Dighode",
        "sector": "SEC002",
        "sector_name": "MAHARASHTRA",
        "dir": "NW",
        "direction": "NW",
        "bearing": 277,
        "distance": "33-38",
        "depth": "53-58",
        "lat_dms": "18 58 34 N",
        "lon_dms": "72 27 18 E",
        "suitability": "high",
        "timestamp": "2026-09-19T05:04:34.584822+00:00",
        "source": "incois_textdata",
        "zone_id": "SEC002_Dighode_058"
      }
    },
    {
      "type": "Feature",
      "geometry": {
        "type": "Point",
        "coordinates": [
          72.43111,
          18.975
        ]
      },
      "properties": {
        "place": "Vashi(Haveli)",
        "sector": "SEC002",
        "sector_name": "MAHARASHTRA",
        "dir": "SW",
        "direction": "SW",
        "bearing": 258,
        "distance": "37-42",
        "depth": "61-66",
        "lat_dms": "18 58 30 N",
        "lon_dms": "72 25 52 E",
        "suitability": "high",
        "timestamp": "2026-09-19T05:04:34.584822+00:00",
        "source": "incois_textdata",
        "zone_id": "SEC002_Vashi(Haveli)_059"
      }
    },
    {
      "type": "Feature",
      "geometry": {
        "type": "Point",
        "coordinates": [
          72.73,
          18.85556
        ]
      },
      "properties": {
        "place": "Colaba Pt.(Mumbai)",
        "sector": "SEC002",
        "sector_name": "MAHARASHTRA",
        "dir": "SW",
        "direction": "SW",
        "bearing": 244,
        "distance": "10-15",
        "depth": "7-12",
        "lat_dms": "18 51 20 N",
        "lon_dms": "72 43 48 E",
        "suitability": "high",
        "timestamp": "2026-09-19T05:04:34.584822+00:00",
        "source": "incois_textdata",
        "zone_id": "SEC002_Colaba_Pt.(Mumbai)_060"
      }
    },
    {
      "type": "Feature",
      "geometry": {
        "type": "Point",
        "coordinates": [
          72.71833,
          18.83333
        ]
      },
      "properties": {
        "place": "CuffPared",
        "sector": "SEC002",
        "sector_name": "MAHARASHTRA",
        "dir": "SW",
        "direction": "SW",
        "bearing": 229,
        "distance": "11-16",
        "depth": "12-17",
        "lat_dms": "18 50 0 N",
        "lon_dms": "72 43 6 E",
        "suitability": "high",
        "timestamp": "2026-09-19T05:04:34.584822+00:00",
        "source": "incois_textdata",
        "zone_id": "SEC002_CuffPared_061"
      }
    },
    {
      "type": "Feature",
      "geometry": {
        "type": "Point",
        "coordinates": [
          72.70222,
          18.81417
        ]
      },
      "properties": {
        "place": "SasoonDock",
        "sector": "SEC002",
        "sector_name": "MAHARASHTRA",
        "dir": "SW",
        "direction": "SW",
        "bearing": 231,
        "distance": "11-16",
        "depth": "15-20",
        "lat_dms": "18 48 51 N",
        "lon_dms": "72 42 8 E",
        "suitability": "high",
        "timestamp": "2026-09-19T05:04:34.584822+00:00",
        "source": "incois_textdata",
        "zone_id": "SEC002_SasoonDock_062"
      }
    },
    {
      "type": "Feature",
      "geometry": {
        "type": "Point",
        "coordinates": [
          72.68056,
          18.80139
        ]
      },
      "properties": {
        "place": "Kalbadevi",
        "sector": "SEC002",
        "sector_name": "MAHARASHTRA",
        "dir": "SW",
        "direction": "SW",
        "bearing": 228,
        "distance": "14-19",
        "depth": "21-26",
        "lat_dms": "18 48 5 N",
        "lon_dms": "72 40 50 E",
        "suitability": "high",
        "timestamp": "2026-09-19T05:04:34.584822+00:00",
        "source": "incois_textdata",
        "zone_id": "SEC002_Kalbadevi_063"
      }
    },
    {
      "type": "Feature",
      "geometry": {
        "type": "Point",
        "coordinates": [
          72.66889,
          18.77944
        ]
      },
      "properties": {
        "place": "Chinchbunder",
        "sector": "SEC002",
        "sector_name": "MAHARASHTRA",
        "dir": "SW",
        "direction": "SW",
        "bearing": 224,
        "distance": "15-20",
        "depth": "25-30",
        "lat_dms": "18 46 46 N",
        "lon_dms": "72 40 8 E",
        "suitability": "high",
        "timestamp": "2026-09-19T05:04:34.584822+00:00",
        "source": "incois_textdata",
        "zone_id": "SEC002_Chinchbunder_064"
      }
    },
    {
      "type": "Feature",
      "geometry": {
        "type": "Point",
        "coordinates": [
          72.66639,
          18.75472
        ]
      },
      "properties": {
        "place": "NewFerryWharf",
        "sector": "SEC002",
        "sector_name": "MAHARASHTRA",
        "dir": "SW",
        "direction": "SW",
        "bearing": 221,
        "distance": "16-21",
        "depth": "27-32",
        "lat_dms": "18 45 17 N",
        "lon_dms": "72 39 59 E",
        "suitability": "high",
        "timestamp": "2026-09-19T05:04:34.584822+00:00",
        "source": "incois_textdata",
        "zone_id": "SEC002_NewFerryWharf_065"
      }
    },
    {
      "type": "Feature",
      "geometry": {
        "type": "Point",
        "coordinates": [
          72.66667,
          18.72944
        ]
      },
      "properties": {
        "place": "Uran",
        "sector": "SEC002",
        "sector_name": "MAHARASHTRA",
        "dir": "SW",
        "direction": "SW",
        "bearing": 239,
        "distance": "15-20",
        "depth": "29-34",
        "lat_dms": "18 43 46 N",
        "lon_dms": "72 40 0 E",
        "suitability": "high",
        "timestamp": "2026-09-19T05:04:34.584822+00:00",
        "source": "incois_textdata",
        "zone_id": "SEC002_Uran_066"
      }
    },
    {
      "type": "Feature",
      "geometry": {
        "type": "Point",
        "coordinates": [
          72.65917,
          18.70556
        ]
      },
      "properties": {
        "place": "Worli-Lotus",
        "sector": "SEC002",
        "sector_name": "MAHARASHTRA",
        "dir": "SW",
        "direction": "SW",
        "bearing": 207,
        "distance": "16-21",
        "depth": "33-38",
        "lat_dms": "18 42 20 N",
        "lon_dms": "72 39 33 E",
        "suitability": "high",
        "timestamp": "2026-09-19T05:04:34.584822+00:00",
        "source": "incois_textdata",
        "zone_id": "SEC002_Worli-Lotus_067"
      }
    },
    {
      "type": "Feature",
      "geometry": {
        "type": "Point",
        "coordinates": [
          72.64361,
          18.68639
        ]
      },
      "properties": {
        "place": "Mora",
        "sector": "SEC002",
        "sector_name": "MAHARASHTRA",
        "dir": "SW",
        "direction": "SW",
        "bearing": 230,
        "distance": "19-24",
        "depth": "36-41",
        "lat_dms": "18 41 11 N",
        "lon_dms": "72 38 37 E",
        "suitability": "high",
        "timestamp": "2026-09-19T05:04:34.584822+00:00",
        "source": "incois_textdata",
        "zone_id": "SEC002_Mora_068"
      }
    },
    {
      "type": "Feature",
      "geometry": {
        "type": "Point",
        "coordinates": [
          72.62694,
          18.66806
        ]
      },
      "properties": {
        "place": "HanumanKoliwada",
        "sector": "SEC002",
        "sector_name": "MAHARASHTRA",
        "dir": "SW",
        "direction": "SW",
        "bearing": 231,
        "distance": "19-24",
        "depth": "40-45",
        "lat_dms": "18 40 5 N",
        "lon_dms": "72 37 37 E",
        "suitability": "high",
        "timestamp": "2026-09-19T05:04:34.584822+00:00",
        "source": "incois_textdata",
        "zone_id": "SEC002_HanumanKoliwada_069"
      }
    },
    {
      "type": "Feature",
      "geometry": {
        "type": "Point",
        "coordinates": [
          72.73472,
          18.58722
        ]
      },
      "properties": {
        "place": "VarsoliChalmala",
        "sector": "SEC002",
        "sector_name": "MAHARASHTRA",
        "dir": "SW",
        "direction": "SW",
        "bearing": 240,
        "distance": "10-15",
        "depth": "14-19",
        "lat_dms": "18 35 14 N",
        "lon_dms": "72 44 5 E",
        "suitability": "high",
        "timestamp": "2026-09-19T05:04:34.584822+00:00",
        "source": "incois_textdata",
        "zone_id": "SEC002_VarsoliChalmala_070"
      }
    },
    {
      "type": "Feature",
      "geometry": {
        "type": "Point",
        "coordinates": [
          72.74083,
          18.56639
        ]
      },
      "properties": {
        "place": "Alibag",
        "sector": "SEC002",
        "sector_name": "MAHARASHTRA",
        "dir": "SW",
        "direction": "SW",
        "bearing": 239,
        "distance": "13-18",
        "depth": "14-19",
        "lat_dms": "18 33 59 N",
        "lon_dms": "72 44 27 E",
        "suitability": "high",
        "timestamp": "2026-09-19T05:04:34.584822+00:00",
        "source": "incois_textdata",
        "zone_id": "SEC002_Alibag_071"
      }
    },
    {
      "type": "Feature",
      "geometry": {
        "type": "Point",
        "coordinates": [
          72.75278,
          18.54806
        ]
      },
      "properties": {
        "place": "Nagaon",
        "sector": "SEC002",
        "sector_name": "MAHARASHTRA",
        "dir": "SW",
        "direction": "SW",
        "bearing": 248,
        "distance": "9-14",
        "depth": "15-20",
        "lat_dms": "18 32 53 N",
        "lon_dms": "72 45 10 E",
        "suitability": "high",
        "timestamp": "2026-09-19T05:04:34.584822+00:00",
        "source": "incois_textdata",
        "zone_id": "SEC002_Nagaon_072"
      }
    },
    {
      "type": "Feature",
      "geometry": {
        "type": "Point",
        "coordinates": [
          72.77056,
          18.53556
        ]
      },
      "properties": {
        "place": "Revadanda",
        "sector": "SEC002",
        "sector_name": "MAHARASHTRA",
        "dir": "W",
        "direction": "W",
        "bearing": 270,
        "distance": "9-14",
        "depth": "13-18",
        "lat_dms": "18 32 8 N",
        "lon_dms": "72 46 14 E",
        "suitability": "high",
        "timestamp": "2026-09-19T05:04:34.584822+00:00",
        "source": "incois_textdata",
        "zone_id": "SEC002_Revadanda_073"
      }
    },
    {
      "type": "Feature",
      "geometry": {
        "type": "Point",
        "coordinates": [
          72.78722,
          18.52167
        ]
      },
      "properties": {
        "place": "Korlai",
        "sector": "SEC002",
        "sector_name": "MAHARASHTRA",
        "dir": "SW",
        "direction": "SW",
        "bearing": 269,
        "distance": "10-15",
        "depth": "11-16",
        "lat_dms": "18 31 18 N",
        "lon_dms": "72 47 14 E",
        "suitability": "high",
        "timestamp": "2026-09-19T05:04:34.584822+00:00",
        "source": "incois_textdata",
        "zone_id": "SEC002_Korlai_074"
      }
    },
    {
      "type": "Feature",
      "geometry": {
        "type": "Point",
        "coordinates": [
          72.79722,
          18.5025
        ]
      },
      "properties": {
        "place": "Borli-Mandla",
        "sector": "SEC002",
        "sector_name": "MAHARASHTRA",
        "dir": "SW",
        "direction": "SW",
        "bearing": 265,
        "distance": "9-14",
        "depth": "10-15",
        "lat_dms": "18 30 9 N",
        "lon_dms": "72 47 50 E",
        "suitability": "high",
        "timestamp": "2026-09-19T05:04:34.584822+00:00",
        "source": "incois_textdata",
        "zone_id": "SEC002_Borli-Mandla_075"
      }
    },
    {
      "type": "Feature",
      "geometry": {
        "type": "Point",
        "coordinates": [
          72.79861,
          18.48056
        ]
      },
      "properties": {
        "place": "Salav",
        "sector": "SEC002",
        "sector_name": "MAHARASHTRA",
        "dir": "SW",
        "direction": "SW",
        "bearing": 246,
        "distance": "10-15",
        "depth": "13-18",
        "lat_dms": "18 28 50 N",
        "lon_dms": "72 47 55 E",
        "suitability": "high",
        "timestamp": "2026-09-19T05:04:34.584822+00:00",
        "source": "incois_textdata",
        "zone_id": "SEC002_Salav_076"
      }
    },
    {
      "type": "Feature",
      "geometry": {
        "type": "Point",
        "coordinates": [
          72.80833,
          18.46139
        ]
      },
      "properties": {
        "place": "Rewdanda",
        "sector": "SEC002",
        "sector_name": "MAHARASHTRA",
        "dir": "SW",
        "direction": "SW",
        "bearing": 229,
        "distance": "11-16",
        "depth": "14-19",
        "lat_dms": "18 27 41 N",
        "lon_dms": "72 48 30 E",
        "suitability": "high",
        "timestamp": "2026-09-19T05:04:34.584822+00:00",
        "source": "incois_textdata",
        "zone_id": "SEC002_Rewdanda_077"
      }
    },
    {
      "type": "Feature",
      "geometry": {
        "type": "Point",
        "coordinates": [
          72.8225,
          18.44444
        ]
      },
      "properties": {
        "place": "Mazgaon",
        "sector": "SEC002",
        "sector_name": "MAHARASHTRA",
        "dir": "NW",
        "direction": "NW",
        "bearing": 306,
        "distance": "10-15",
        "depth": "12-17",
        "lat_dms": "18 26 40 N",
        "lon_dms": "72 49 21 E",
        "suitability": "high",
        "timestamp": "2026-09-19T05:04:34.584822+00:00",
        "source": "incois_textdata",
        "zone_id": "SEC002_Mazgaon_078"
      }
    },
    {
      "type": "Feature",
      "geometry": {
        "type": "Point",
        "coordinates": [
          72.83333,
          18.42583
        ]
      },
      "properties": {
        "place": "Theronda",
        "sector": "SEC002",
        "sector_name": "MAHARASHTRA",
        "dir": "SW",
        "direction": "SW",
        "bearing": 206,
        "distance": "8-13",
        "depth": "16-21",
        "lat_dms": "18 25 33 N",
        "lon_dms": "72 50 0 E",
        "suitability": "high",
        "timestamp": "2026-09-19T05:04:34.584822+00:00",
        "source": "incois_textdata",
        "zone_id": "SEC002_Theronda_079"
      }
    },
    {
      "type": "Feature",
      "geometry": {
        "type": "Point",
        "coordinates": [
          72.69167,
          18.38333
        ]
      },
      "properties": {
        "place": "Boghar",
        "sector": "SEC002",
        "sector_name": "MAHARASHTRA",
        "dir": "SW",
        "direction": "SW",
        "bearing": 240,
        "distance": "23-28",
        "depth": "32-37",
        "lat_dms": "18 23 0 N",
        "lon_dms": "72 41 30 E",
        "suitability": "high",
        "timestamp": "2026-09-19T05:04:34.584822+00:00",
        "source": "incois_textdata",
        "zone_id": "SEC002_Boghar_080"
      }
    },
    {
      "type": "Feature",
      "geometry": {
        "type": "Point",
        "coordinates": [
          72.68611,
          18.35833
        ]
      },
      "properties": {
        "place": "Thal",
        "sector": "SEC002",
        "sector_name": "MAHARASHTRA",
        "dir": "SW",
        "direction": "SW",
        "bearing": 207,
        "distance": "24-29",
        "depth": "38-43",
        "lat_dms": "18 21 30 N",
        "lon_dms": "72 41 10 E",
        "suitability": "high",
        "timestamp": "2026-09-19T05:04:34.584822+00:00",
        "source": "incois_textdata",
        "zone_id": "SEC002_Thal_081"
      }
    },
    {
      "type": "Feature",
      "geometry": {
        "type": "Point",
        "coordinates": [
          72.685,
          18.33333
        ]
      },
      "properties": {
        "place": "Navgaon",
        "sector": "SEC002",
        "sector_name": "MAHARASHTRA",
        "dir": "SW",
        "direction": "SW",
        "bearing": 204,
        "distance": "25-30",
        "depth": "43-48",
        "lat_dms": "18 20 0 N",
        "lon_dms": "72 41 6 E",
        "suitability": "high",
        "timestamp": "2026-09-19T05:04:34.584822+00:00",
        "source": "incois_textdata",
        "zone_id": "SEC002_Navgaon_082"
      }
    },
    {
      "type": "Feature",
      "geometry": {
        "type": "Point",
        "coordinates": [
          72.69583,
          18.31028
        ]
      },
      "properties": {
        "place": "Avas",
        "sector": "SEC002",
        "sector_name": "MAHARASHTRA",
        "dir": "SW",
        "direction": "SW",
        "bearing": 199,
        "distance": "26-31",
        "depth": "50-55",
        "lat_dms": "18 18 37 N",
        "lon_dms": "72 41 45 E",
        "suitability": "high",
        "timestamp": "2026-09-19T05:04:34.584822+00:00",
        "source": "incois_textdata",
        "zone_id": "SEC002_Avas_083"
      }
    },
    {
      "type": "Feature",
      "geometry": {
        "type": "Point",
        "coordinates": [
          72.71556,
          18.29389
        ]
      },
      "properties": {
        "place": "Sasawane",
        "sector": "SEC002",
        "sector_name": "MAHARASHTRA",
        "dir": "SW",
        "direction": "SW",
        "bearing": 196,
        "distance": "24-29",
        "depth": "54-59",
        "lat_dms": "18 17 38 N",
        "lon_dms": "72 42 56 E",
        "suitability": "high",
        "timestamp": "2026-09-19T05:04:34.584822+00:00",
        "source": "incois_textdata",
        "zone_id": "SEC002_Sasawane_084"
      }
    },
    {
      "type": "Feature",
      "geometry": {
        "type": "Point",
        "coordinates": [
          72.73528,
          18.27778
        ]
      },
      "properties": {
        "place": "Dharmtar Dhakka",
        "sector": "SEC002",
        "sector_name": "MAHARASHTRA",
        "dir": "SW",
        "direction": "SW",
        "bearing": 210,
        "distance": "22-27",
        "depth": "54-59",
        "lat_dms": "18 16 40 N",
        "lon_dms": "72 44 7 E",
        "suitability": "high",
        "timestamp": "2026-09-19T05:04:34.584822+00:00",
        "source": "incois_textdata",
        "zone_id": "SEC002_Dharmtar_Dhakka_085"
      }
    },
    {
      "type": "Feature",
      "geometry": {
        "type": "Point",
        "coordinates": [
          72.74806,
          18.25556
        ]
      },
      "properties": {
        "place": "Revas",
        "sector": "SEC002",
        "sector_name": "MAHARASHTRA",
        "dir": "SW",
        "direction": "SW",
        "bearing": 197,
        "distance": "22-27",
        "depth": "59-64",
        "lat_dms": "18 15 20 N",
        "lon_dms": "72 44 53 E",
        "suitability": "high",
        "timestamp": "2026-09-19T05:04:34.584822+00:00",
        "source": "incois_textdata",
        "zone_id": "SEC002_Revas_086"
      }
    },
    {
      "type": "Feature",
      "geometry": {
        "type": "Point",
        "coordinates": [
          72.755,
          18.23111
        ]
      },
      "properties": {
        "place": "Bhalpada",
        "sector": "SEC002",
        "sector_name": "MAHARASHTRA",
        "dir": "SW",
        "direction": "SW",
        "bearing": 203,
        "distance": "23-28",
        "depth": "63-68",
        "lat_dms": "18 13 52 N",
        "lon_dms": "72 45 18 E",
        "suitability": "high",
        "timestamp": "2026-09-19T05:04:34.584822+00:00",
        "source": "incois_textdata",
        "zone_id": "SEC002_Bhalpada_087"
      }
    },
    {
      "type": "Feature",
      "geometry": {
        "type": "Point",
        "coordinates": [
          72.75222,
          18.20556
        ]
      },
      "properties": {
        "place": "Karanja Uran",
        "sector": "SEC002",
        "sector_name": "MAHARASHTRA",
        "dir": "SW",
        "direction": "SW",
        "bearing": 196,
        "distance": "23-28",
        "depth": "67-72",
        "lat_dms": "18 12 20 N",
        "lon_dms": "72 45 8 E",
        "suitability": "high",
        "timestamp": "2026-09-19T05:04:34.584822+00:00",
        "source": "incois_textdata",
        "zone_id": "SEC002_Karanja_Uran_088"
      }
    },
    {
      "type": "Feature",
      "geometry": {
        "type": "Point",
        "coordinates": [
          72.76028,
          18.18222
        ]
      },
      "properties": {
        "place": "Waredi",
        "sector": "SEC002",
        "sector_name": "MAHARASHTRA",
        "dir": "SW",
        "direction": "SW",
        "bearing": 201,
        "distance": "23-28",
        "depth": "70-75",
        "lat_dms": "18 10 56 N",
        "lon_dms": "72 45 37 E",
        "suitability": "high",
        "timestamp": "2026-09-19T05:04:34.584822+00:00",
        "source": "incois_textdata",
        "zone_id": "SEC002_Waredi_089"
      }
    },
    {
      "type": "Feature",
      "geometry": {
        "type": "Point",
        "coordinates": [
          72.89694,
          18.085
        ]
      },
      "properties": {
        "place": "Shekhadi(Khalchi)",
        "sector": "SEC002",
        "sector_name": "MAHARASHTRA",
        "dir": "SW",
        "direction": "SW",
        "bearing": 245,
        "distance": "13-18",
        "depth": "7-12",
        "lat_dms": "18 5 6 N",
        "lon_dms": "72 53 49 E",
        "suitability": "high",
        "timestamp": "2026-09-19T05:04:34.584822+00:00",
        "source": "incois_textdata",
        "zone_id": "SEC002_Shekhadi(Khalchi)_090"
      }
    },
    {
      "type": "Feature",
      "geometry": {
        "type": "Point",
        "coordinates": [
          72.89472,
          18.05806
        ]
      },
      "properties": {
        "place": "Srivardhan",
        "sector": "SEC002",
        "sector_name": "MAHARASHTRA",
        "dir": "NW",
        "direction": "NW",
        "bearing": 274,
        "distance": "13-18",
        "depth": "9-14",
        "lat_dms": "18 3 29 N",
        "lon_dms": "72 53 41 E",
        "suitability": "high",
        "timestamp": "2026-09-19T05:04:34.584822+00:00",
        "source": "incois_textdata",
        "zone_id": "SEC002_Srivardhan_091"
      }
    },
    {
      "type": "Feature",
      "geometry": {
        "type": "Point",
        "coordinates": [
          72.87417,
          18.04083
        ]
      },
      "properties": {
        "place": "Diveagar",
        "sector": "SEC002",
        "sector_name": "MAHARASHTRA",
        "dir": "SW",
        "direction": "SW",
        "bearing": 220,
        "distance": "16-21",
        "depth": "17-22",
        "lat_dms": "18 2 27 N",
        "lon_dms": "72 52 27 E",
        "suitability": "high",
        "timestamp": "2026-09-19T05:04:34.584822+00:00",
        "source": "incois_textdata",
        "zone_id": "SEC002_Diveagar_092"
      }
    },
    {
      "type": "Feature",
      "geometry": {
        "type": "Point",
        "coordinates": [
          72.85056,
          18.02694
        ]
      },
      "properties": {
        "place": "Bankot",
        "sector": "SEC002",
        "sector_name": "MAHARASHTRA",
        "dir": "NW",
        "direction": "NW",
        "bearing": 288,
        "distance": "17-22",
        "depth": "19-24",
        "lat_dms": "18 1 37 N",
        "lon_dms": "72 51 2 E",
        "suitability": "high",
        "timestamp": "2026-09-19T05:04:34.584822+00:00",
        "source": "incois_textdata",
        "zone_id": "SEC002_Bankot_093"
      }
    },
    {
      "type": "Feature",
      "geometry": {
        "type": "Point",
        "coordinates": [
          72.8425,
          18.00194
        ]
      },
      "properties": {
        "place": "Velas",
        "sector": "SEC002",
        "sector_name": "MAHARASHTRA",
        "dir": "NW",
        "direction": "NW",
        "bearing": 284,
        "distance": "19-24",
        "depth": "19-24",
        "lat_dms": "18 0 7 N",
        "lon_dms": "72 50 33 E",
        "suitability": "high",
        "timestamp": "2026-09-19T05:04:34.584822+00:00",
        "source": "incois_textdata",
        "zone_id": "SEC002_Velas_094"
      }
    },
    {
      "type": "Feature",
      "geometry": {
        "type": "Point",
        "coordinates": [
          72.84556,
          17.97472
        ]
      },
      "properties": {
        "place": "Veshawi-Bankot",
        "sector": "SEC002",
        "sector_name": "MAHARASHTRA",
        "dir": "SW",
        "direction": "SW",
        "bearing": 269,
        "distance": "21-26",
        "depth": "19-24",
        "lat_dms": "17 58 29 N",
        "lon_dms": "72 50 44 E",
        "suitability": "high",
        "timestamp": "2026-09-19T05:04:34.584822+00:00",
        "source": "incois_textdata",
        "zone_id": "SEC002_Veshawi-Bankot_095"
      }
    },
    {
      "type": "Feature",
      "geometry": {
        "type": "Point",
        "coordinates": [
          72.8375,
          17.95
        ]
      },
      "properties": {
        "place": "Bagmandla",
        "sector": "SEC002",
        "sector_name": "MAHARASHTRA",
        "dir": "SW",
        "direction": "SW",
        "bearing": 259,
        "distance": "22-27",
        "depth": "21-26",
        "lat_dms": "17 57 0 N",
        "lon_dms": "72 50 15 E",
        "suitability": "high",
        "timestamp": "2026-09-19T05:04:34.584822+00:00",
        "source": "incois_textdata",
        "zone_id": "SEC002_Bagmandla_096"
      }
    },
    {
      "type": "Feature",
      "geometry": {
        "type": "Point",
        "coordinates": [
          72.81278,
          17.93861
        ]
      },
      "properties": {
        "place": "Kelshi",
        "sector": "SEC002",
        "sector_name": "MAHARASHTRA",
        "dir": "NW",
        "direction": "NW",
        "bearing": 275,
        "distance": "24-29",
        "depth": "24-29",
        "lat_dms": "17 56 19 N",
        "lon_dms": "72 48 46 E",
        "suitability": "high",
        "timestamp": "2026-09-19T05:04:34.584822+00:00",
        "source": "incois_textdata",
        "zone_id": "SEC002_Kelshi_097"
      }
    },
    {
      "type": "Feature",
      "geometry": {
        "type": "Point",
        "coordinates": [
          72.79306,
          17.92056
        ]
      },
      "properties": {
        "place": "AadeUttambar",
        "sector": "SEC002",
        "sector_name": "MAHARASHTRA",
        "dir": "NW",
        "direction": "NW",
        "bearing": 277,
        "distance": "27-32",
        "depth": "27-32",
        "lat_dms": "17 55 14 N",
        "lon_dms": "72 47 35 E",
        "suitability": "high",
        "timestamp": "2026-09-19T05:04:34.584822+00:00",
        "source": "incois_textdata",
        "zone_id": "SEC002_AadeUttambar_098"
      }
    },
    {
      "type": "Feature",
      "geometry": {
        "type": "Point",
        "coordinates": [
          72.78222,
          17.89556
        ]
      },
      "properties": {
        "place": "Bhardkhol-Diveagar",
        "sector": "SEC002",
        "sector_name": "MAHARASHTRA",
        "dir": "SW",
        "direction": "SW",
        "bearing": 213,
        "distance": "30-35",
        "depth": "37-42",
        "lat_dms": "17 53 44 N",
        "lon_dms": "72 46 56 E",
        "suitability": "high",
        "timestamp": "2026-09-19T05:04:34.584822+00:00",
        "source": "incois_textdata",
        "zone_id": "SEC002_Bhardkhol-Diveagar_099"
      }
    },
    {
      "type": "Feature",
      "geometry": {
        "type": "Point",
        "coordinates": [
          72.80194,
          17.77861
        ]
      },
      "properties": {
        "place": "Kharsai",
        "sector": "SEC002",
        "sector_name": "MAHARASHTRA",
        "dir": "SW",
        "direction": "SW",
        "bearing": 213,
        "distance": "28-33",
        "depth": "49-54",
        "lat_dms": "17 46 43 N",
        "lon_dms": "72 48 7 E",
        "suitability": "high",
        "timestamp": "2026-09-19T05:04:34.584822+00:00",
        "source": "incois_textdata",
        "zone_id": "SEC002_Kharsai_100"
      }
    },
    {
      "type": "Feature",
      "geometry": {
        "type": "Point",
        "coordinates": [
          72.80306,
          17.75167
        ]
      },
      "properties": {
        "place": "Pabhare",
        "sector": "SEC002",
        "sector_name": "MAHARASHTRA",
        "dir": "SW",
        "direction": "SW",
        "bearing": 214,
        "distance": "27-32",
        "depth": "53-58",
        "lat_dms": "17 45 6 N",
        "lon_dms": "72 48 11 E",
        "suitability": "high",
        "timestamp": "2026-09-19T05:04:34.584822+00:00",
        "source": "incois_textdata",
        "zone_id": "SEC002_Pabhare_101"
      }
    },
    {
      "type": "Feature",
      "geometry": {
        "type": "Point",
        "coordinates": [
          72.79944,
          17.725
        ]
      },
      "properties": {
        "place": "Kudgaon",
        "sector": "SEC002",
        "sector_name": "MAHARASHTRA",
        "dir": "SW",
        "direction": "SW",
        "bearing": 199,
        "distance": "28-33",
        "depth": "57-62",
        "lat_dms": "17 43 30 N",
        "lon_dms": "72 47 58 E",
        "suitability": "high",
        "timestamp": "2026-09-19T05:04:34.584822+00:00",
        "source": "incois_textdata",
        "zone_id": "SEC002_Kudgaon_102"
      }
    },
    {
      "type": "Feature",
      "geometry": {
        "type": "Point",
        "coordinates": [
          72.79,
          17.69944
        ]
      },
      "properties": {
        "place": "Nanwell Pt",
        "sector": "SEC002",
        "sector_name": "MAHARASHTRA",
        "dir": "SW",
        "direction": "SW",
        "bearing": 194,
        "distance": "30-35",
        "depth": "62-67",
        "lat_dms": "17 41 58 N",
        "lon_dms": "72 47 24 E",
        "suitability": "high",
        "timestamp": "2026-09-19T05:04:34.584822+00:00",
        "source": "incois_textdata",
        "zone_id": "SEC002_Nanwell_Pt_103"
      }
    },
    {
      "type": "Feature",
      "geometry": {
        "type": "Point",
        "coordinates": [
          72.78639,
          17.67306
        ]
      },
      "properties": {
        "place": "Dighi(Savari)",
        "sector": "SEC002",
        "sector_name": "MAHARASHTRA",
        "dir": "SW",
        "direction": "SW",
        "bearing": 196,
        "distance": "30-35",
        "depth": "66-71",
        "lat_dms": "17 40 23 N",
        "lon_dms": "72 47 11 E",
        "suitability": "high",
        "timestamp": "2026-09-19T05:04:34.584822+00:00",
        "source": "incois_textdata",
        "zone_id": "SEC002_Dighi(Savari)_104"
      }
    },
    {
      "type": "Feature",
      "geometry": {
        "type": "Point",
        "coordinates": [
          72.80083,
          17.65056
        ]
      },
      "properties": {
        "place": "Agardanda",
        "sector": "SEC002",
        "sector_name": "MAHARASHTRA",
        "dir": "SW",
        "direction": "SW",
        "bearing": 196,
        "distance": "30-35",
        "depth": "69-74",
        "lat_dms": "17 39 2 N",
        "lon_dms": "72 48 3 E",
        "suitability": "high",
        "timestamp": "2026-09-19T05:04:34.584822+00:00",
        "source": "incois_textdata",
        "zone_id": "SEC002_Agardanda_105"
      }
    },
    {
      "type": "Feature",
      "geometry": {
        "type": "Point",
        "coordinates": [
          72.81639,
          17.62889
        ]
      },
      "properties": {
        "place": "Rajpuri",
        "sector": "SEC002",
        "sector_name": "MAHARASHTRA",
        "dir": "SW",
        "direction": "SW",
        "bearing": 192,
        "distance": "29-34",
        "depth": "73-78",
        "lat_dms": "17 37 44 N",
        "lon_dms": "72 48 59 E",
        "suitability": "high",
        "timestamp": "2026-09-19T05:04:34.584822+00:00",
        "source": "incois_textdata",
        "zone_id": "SEC002_Rajpuri_106"
      }
    },
    {
      "type": "Feature",
      "geometry": {
        "type": "Point",
        "coordinates": [
          72.81444,
          17.57583
        ]
      },
      "properties": {
        "place": "Mandad",
        "sector": "SEC002",
        "sector_name": "MAHARASHTRA",
        "dir": "SW",
        "direction": "SW",
        "bearing": 198,
        "distance": "34-39",
        "depth": "79-84",
        "lat_dms": "17 34 33 N",
        "lon_dms": "72 48 52 E",
        "suitability": "high",
        "timestamp": "2026-09-19T05:04:34.584822+00:00",
        "source": "incois_textdata",
        "zone_id": "SEC002_Mandad_107"
      }
    },
    {
      "type": "Feature",
      "geometry": {
        "type": "Point",
        "coordinates": [
          72.83667,
          17.56139
        ]
      },
      "properties": {
        "place": "Ekdara",
        "sector": "SEC002",
        "sector_name": "MAHARASHTRA",
        "dir": "SW",
        "direction": "SW",
        "bearing": 189,
        "distance": "30-35",
        "depth": "81-86",
        "lat_dms": "17 33 41 N",
        "lon_dms": "72 50 12 E",
        "suitability": "high",
        "timestamp": "2026-09-19T05:04:34.584822+00:00",
        "source": "incois_textdata",
        "zone_id": "SEC002_Ekdara_108"
      }
    },
    {
      "type": "Feature",
      "geometry": {
        "type": "Point",
        "coordinates": [
          72.84917,
          17.46889
        ]
      },
      "properties": {
        "place": "Tolkeshwar Pt",
        "sector": "SEC002",
        "sector_name": "MAHARASHTRA",
        "dir": "SW",
        "direction": "SW",
        "bearing": 251,
        "distance": "36-41",
        "depth": "31-36",
        "lat_dms": "17 28 8 N",
        "lon_dms": "72 50 57 E",
        "suitability": "high",
        "timestamp": "2026-09-19T05:04:34.584822+00:00",
        "source": "incois_textdata",
        "zone_id": "SEC002_Tolkeshwar_Pt_109"
      }
    },
    {
      "type": "Feature",
      "geometry": {
        "type": "Point",
        "coordinates": [
          72.8475,
          17.44333
        ]
      },
      "properties": {
        "place": "Dabhol",
        "sector": "SEC002",
        "sector_name": "MAHARASHTRA",
        "dir": "SW",
        "direction": "SW",
        "bearing": 245,
        "distance": "38-43",
        "depth": "36-41",
        "lat_dms": "17 26 36 N",
        "lon_dms": "72 50 51 E",
        "suitability": "high",
        "timestamp": "2026-09-19T05:04:34.584822+00:00",
        "source": "incois_textdata",
        "zone_id": "SEC002_Dabhol_110"
      }
    },
    {
      "type": "Feature",
      "geometry": {
        "type": "Point",
        "coordinates": [
          72.84611,
          17.41778
        ]
      },
      "properties": {
        "place": "Veldur/Navanagar/Dhopave",
        "sector": "SEC002",
        "sector_name": "MAHARASHTRA",
        "dir": "SW",
        "direction": "SW",
        "bearing": 243,
        "distance": "43-48",
        "depth": "38-43",
        "lat_dms": "17 25 4 N",
        "lon_dms": "72 50 46 E",
        "suitability": "high",
        "timestamp": "2026-09-19T05:04:34.584822+00:00",
        "source": "incois_textdata",
        "zone_id": "SEC002_Veldur/Navanagar/Dhopave_111"
      }
    },
    {
      "type": "Feature",
      "geometry": {
        "type": "Point",
        "coordinates": [
          72.85583,
          17.39389
        ]
      },
      "properties": {
        "place": "Kolthare",
        "sector": "SEC002",
        "sector_name": "MAHARASHTRA",
        "dir": "SW",
        "direction": "SW",
        "bearing": 227,
        "distance": "45-50",
        "depth": "39-44",
        "lat_dms": "17 23 38 N",
        "lon_dms": "72 51 21 E",
        "suitability": "high",
        "timestamp": "2026-09-19T05:04:34.584822+00:00",
        "source": "incois_textdata",
        "zone_id": "SEC002_Kolthare_112"
      }
    },
    {
      "type": "Feature",
      "geometry": {
        "type": "Point",
        "coordinates": [
          72.87278,
          17.37444
        ]
      },
      "properties": {
        "place": "Burondi",
        "sector": "SEC002",
        "sector_name": "MAHARASHTRA",
        "dir": "SW",
        "direction": "SW",
        "bearing": 217,
        "distance": "42-47",
        "depth": "43-48",
        "lat_dms": "17 22 28 N",
        "lon_dms": "72 52 22 E",
        "suitability": "high",
        "timestamp": "2026-09-19T05:04:34.584822+00:00",
        "source": "incois_textdata",
        "zone_id": "SEC002_Burondi_113"
      }
    },
    {
      "type": "Feature",
      "geometry": {
        "type": "Point",
        "coordinates": [
          72.89417,
          17.36056
        ]
      },
      "properties": {
        "place": "Murud",
        "sector": "SEC002",
        "sector_name": "MAHARASHTRA",
        "dir": "SW",
        "direction": "SW",
        "bearing": 208,
        "distance": "40-45",
        "depth": "48-53",
        "lat_dms": "17 21 38 N",
        "lon_dms": "72 53 39 E",
        "suitability": "high",
        "timestamp": "2026-09-19T05:04:34.584822+00:00",
        "source": "incois_textdata",
        "zone_id": "SEC002_Murud_114"
      }
    },
    {
      "type": "Feature",
      "geometry": {
        "type": "Point",
        "coordinates": [
          72.91139,
          17.34139
        ]
      },
      "properties": {
        "place": "Harne",
        "sector": "SEC002",
        "sector_name": "MAHARASHTRA",
        "dir": "SW",
        "direction": "SW",
        "bearing": 201,
        "distance": "44-49",
        "depth": "52-57",
        "lat_dms": "17 20 29 N",
        "lon_dms": "72 54 41 E",
        "suitability": "high",
        "timestamp": "2026-09-19T05:04:34.584822+00:00",
        "source": "incois_textdata",
        "zone_id": "SEC002_Harne_115"
      }
    },
    {
      "type": "Feature",
      "geometry": {
        "type": "Point",
        "coordinates": [
          72.95556,
          17.32556
        ]
      },
      "properties": {
        "place": "Paj",
        "sector": "SEC002",
        "sector_name": "MAHARASHTRA",
        "dir": "SW",
        "direction": "SW",
        "bearing": 194,
        "distance": "38-43",
        "depth": "55-60",
        "lat_dms": "17 19 32 N",
        "lon_dms": "72 57 20 E",
        "suitability": "high",
        "timestamp": "2026-09-19T05:04:34.584822+00:00",
        "source": "incois_textdata",
        "zone_id": "SEC002_Paj_116"
      }
    },
    {
      "type": "Feature",
      "geometry": {
        "type": "Point",
        "coordinates": [
          72.98056,
          17.32472
        ]
      },
      "properties": {
        "place": "Anjarle",
        "sector": "SEC002",
        "sector_name": "MAHARASHTRA",
        "dir": "SW",
        "direction": "SW",
        "bearing": 191,
        "distance": "36-41",
        "depth": "56-61",
        "lat_dms": "17 19 29 N",
        "lon_dms": "72 58 50 E",
        "suitability": "high",
        "timestamp": "2026-09-19T05:04:34.584822+00:00",
        "source": "incois_textdata",
        "zone_id": "SEC002_Anjarle_117"
      }
    },
    {
      "type": "Feature",
      "geometry": {
        "type": "Point",
        "coordinates": [
          72.93,
          17.32389
        ]
      },
      "properties": {
        "place": "HarnePort",
        "sector": "SEC002",
        "sector_name": "MAHARASHTRA",
        "dir": "SW",
        "direction": "SW",
        "bearing": 198,
        "distance": "43-48",
        "depth": "53-58",
        "lat_dms": "17 19 26 N",
        "lon_dms": "72 55 48 E",
        "suitability": "high",
        "timestamp": "2026-09-19T05:04:34.584822+00:00",
        "source": "incois_textdata",
        "zone_id": "SEC002_HarnePort_118"
      }
    },
    {
      "type": "Feature",
      "geometry": {
        "type": "Point",
        "coordinates": [
          73.03528,
          17.2525
        ]
      },
      "properties": {
        "place": "Jaigarh Head",
        "sector": "SEC002",
        "sector_name": "MAHARASHTRA",
        "dir": "SW",
        "direction": "SW",
        "bearing": 254,
        "distance": "31-36",
        "depth": "16-21",
        "lat_dms": "17 15 9 N",
        "lon_dms": "73 2 7 E",
        "suitability": "high",
        "timestamp": "2026-09-19T05:04:34.584822+00:00",
        "source": "incois_textdata",
        "zone_id": "SEC002_Jaigarh_Head_119"
      }
    },
    {
      "type": "Feature",
      "geometry": {
        "type": "Point",
        "coordinates": [
          73.04167,
          17.22944
        ]
      },
      "properties": {
        "place": "Jaigad",
        "sector": "SEC002",
        "sector_name": "MAHARASHTRA",
        "dir": "SW",
        "direction": "SW",
        "bearing": 249,
        "distance": "32-37",
        "depth": "19-24",
        "lat_dms": "17 13 46 N",
        "lon_dms": "73 2 30 E",
        "suitability": "high",
        "timestamp": "2026-09-19T05:04:34.584822+00:00",
        "source": "incois_textdata",
        "zone_id": "SEC002_Jaigad_120"
      }
    },
    {
      "type": "Feature",
      "geometry": {
        "type": "Point",
        "coordinates": [
          73.06028,
          17.21583
        ]
      },
      "properties": {
        "place": "SakharJaigad",
        "sector": "SEC002",
        "sector_name": "MAHARASHTRA",
        "dir": "SW",
        "direction": "SW",
        "bearing": 240,
        "distance": "32-37",
        "depth": "18-23",
        "lat_dms": "17 12 57 N",
        "lon_dms": "73 3 37 E",
        "suitability": "high",
        "timestamp": "2026-09-19T05:04:34.584822+00:00",
        "source": "incois_textdata",
        "zone_id": "SEC002_SakharJaigad_121"
      }
    },
    {
      "type": "Feature",
      "geometry": {
        "type": "Point",
        "coordinates": [
          73.08222,
          17.20583
        ]
      },
      "properties": {
        "place": "Kharviwada",
        "sector": "SEC002",
        "sector_name": "MAHARASHTRA",
        "dir": "NW",
        "direction": "NW",
        "bearing": 276,
        "distance": "30-35",
        "depth": "16-21",
        "lat_dms": "17 12 21 N",
        "lon_dms": "73 4 56 E",
        "suitability": "high",
        "timestamp": "2026-09-19T05:04:34.584822+00:00",
        "source": "incois_textdata",
        "zone_id": "SEC002_Kharviwada_122"
      }
    },
    {
      "type": "Feature",
      "geometry": {
        "type": "Point",
        "coordinates": [
          73.10056,
          17.19056
        ]
      },
      "properties": {
        "place": "Varawade",
        "sector": "SEC002",
        "sector_name": "MAHARASHTRA",
        "dir": "SW",
        "direction": "SW",
        "bearing": 267,
        "distance": "29-34",
        "depth": "14-19",
        "lat_dms": "17 11 26 N",
        "lon_dms": "73 6 2 E",
        "suitability": "high",
        "timestamp": "2026-09-19T05:04:34.584822+00:00",
        "source": "incois_textdata",
        "zone_id": "SEC002_Varawade_123"
      }
    },
    {
      "type": "Feature",
      "geometry": {
        "type": "Point",
        "coordinates": [
          73.11111,
          17.16917
        ]
      },
      "properties": {
        "place": "MTDC",
        "sector": "SEC002",
        "sector_name": "MAHARASHTRA",
        "dir": "NW",
        "direction": "NW",
        "bearing": 279,
        "distance": "28-33",
        "depth": "15-20",
        "lat_dms": "17 10 9 N",
        "lon_dms": "73 6 40 E",
        "suitability": "high",
        "timestamp": "2026-09-19T05:04:34.584822+00:00",
        "source": "incois_textdata",
        "zone_id": "SEC002_MTDC_124"
      }
    },
    {
      "type": "Feature",
      "geometry": {
        "type": "Point",
        "coordinates": [
          73.11194,
          17.14528
        ]
      },
      "properties": {
        "place": "Kalabadevi",
        "sector": "SEC002",
        "sector_name": "MAHARASHTRA",
        "dir": "NW",
        "direction": "NW",
        "bearing": 298,
        "distance": "29-34",
        "depth": "20-25",
        "lat_dms": "17 8 43 N",
        "lon_dms": "73 6 43 E",
        "suitability": "high",
        "timestamp": "2026-09-19T05:04:34.584822+00:00",
        "source": "incois_textdata",
        "zone_id": "SEC002_Kalabadevi_125"
      }
    },
    {
      "type": "Feature",
      "geometry": {
        "type": "Point",
        "coordinates": [
          73.11694,
          17.12222
        ]
      },
      "properties": {
        "place": "SakhartarKasarveli",
        "sector": "SEC002",
        "sector_name": "MAHARASHTRA",
        "dir": "NW",
        "direction": "NW",
        "bearing": 295,
        "distance": "27-32",
        "depth": "19-24",
        "lat_dms": "17 7 20 N",
        "lon_dms": "73 7 1 E",
        "suitability": "high",
        "timestamp": "2026-09-19T05:04:34.584822+00:00",
        "source": "incois_textdata",
        "zone_id": "SEC002_SakhartarKasarveli_126"
      }
    },
    {
      "type": "Feature",
      "geometry": {
        "type": "Point",
        "coordinates": [
          73.13361,
          17.105
        ]
      },
      "properties": {
        "place": "Rajiwada",
        "sector": "SEC002",
        "sector_name": "MAHARASHTRA",
        "dir": "NW",
        "direction": "NW",
        "bearing": 308,
        "distance": "26-31",
        "depth": "19-24",
        "lat_dms": "17 6 18 N",
        "lon_dms": "73 8 1 E",
        "suitability": "high",
        "timestamp": "2026-09-19T05:04:34.584822+00:00",
        "source": "incois_textdata",
        "zone_id": "SEC002_Rajiwada_127"
      }
    },
    {
      "type": "Feature",
      "geometry": {
        "type": "Point",
        "coordinates": [
          73.14639,
          17.085
        ]
      },
      "properties": {
        "place": "Rajiwada-Kerla",
        "sector": "SEC002",
        "sector_name": "MAHARASHTRA",
        "dir": "NW",
        "direction": "NW",
        "bearing": 305,
        "distance": "26-31",
        "depth": "18-23",
        "lat_dms": "17 5 6 N",
        "lon_dms": "73 8 47 E",
        "suitability": "high",
        "timestamp": "2026-09-19T05:04:34.584822+00:00",
        "source": "incois_textdata",
        "zone_id": "SEC002_Rajiwada-Kerla_128"
      }
    },
    {
      "type": "Feature",
      "geometry": {
        "type": "Point",
        "coordinates": [
          73.16333,
          16.98333
        ]
      },
      "properties": {
        "place": "JakiMirya",
        "sector": "SEC002",
        "sector_name": "MAHARASHTRA",
        "dir": "SW",
        "direction": "SW",
        "bearing": 243,
        "distance": "26-31",
        "depth": "9-14",
        "lat_dms": "16 59 0 N",
        "lon_dms": "73 9 48 E",
        "suitability": "high",
        "timestamp": "2026-09-19T05:04:34.584822+00:00",
        "source": "incois_textdata",
        "zone_id": "SEC002_JakiMirya_129"
      }
    },
    {
      "type": "Feature",
      "geometry": {
        "type": "Point",
        "coordinates": [
          73.16556,
          16.96028
        ]
      },
      "properties": {
        "place": "Ratnagiri",
        "sector": "SEC002",
        "sector_name": "MAHARASHTRA",
        "dir": "SW",
        "direction": "SW",
        "bearing": 256,
        "distance": "26-31",
        "depth": "10-15",
        "lat_dms": "16 57 37 N",
        "lon_dms": "73 9 56 E",
        "suitability": "high",
        "timestamp": "2026-09-19T05:04:34.584822+00:00",
        "source": "incois_textdata",
        "zone_id": "SEC002_Ratnagiri_130"
      }
    },
    {
      "type": "Feature",
      "geometry": {
        "type": "Point",
        "coordinates": [
          73.15833,
          16.93833
        ]
      },
      "properties": {
        "place": "Mirkarwada",
        "sector": "SEC002",
        "sector_name": "MAHARASHTRA",
        "dir": "SW",
        "direction": "SW",
        "bearing": 242,
        "distance": "27-32",
        "depth": "13-18",
        "lat_dms": "16 56 18 N",
        "lon_dms": "73 9 30 E",
        "suitability": "high",
        "timestamp": "2026-09-19T05:04:34.584822+00:00",
        "source": "incois_textdata",
        "zone_id": "SEC002_Mirkarwada_131"
      }
    },
    {
      "type": "Feature",
      "geometry": {
        "type": "Point",
        "coordinates": [
          73.14194,
          16.9225
        ]
      },
      "properties": {
        "place": "Phansop",
        "sector": "SEC002",
        "sector_name": "MAHARASHTRA",
        "dir": "SW",
        "direction": "SW",
        "bearing": 257,
        "distance": "29-34",
        "depth": "15-20",
        "lat_dms": "16 55 21 N",
        "lon_dms": "73 8 31 E",
        "suitability": "high",
        "timestamp": "2026-09-19T05:04:34.584822+00:00",
        "source": "incois_textdata",
        "zone_id": "SEC002_Phansop_132"
      }
    },
    {
      "type": "Feature",
      "geometry": {
        "type": "Point",
        "coordinates": [
          73.13833,
          16.90028
        ]
      },
      "properties": {
        "place": "Purnagad",
        "sector": "SEC002",
        "sector_name": "MAHARASHTRA",
        "dir": "NW",
        "direction": "NW",
        "bearing": 287,
        "distance": "31-36",
        "depth": "15-20",
        "lat_dms": "16 54 1 N",
        "lon_dms": "73 8 18 E",
        "suitability": "high",
        "timestamp": "2026-09-19T05:04:34.584822+00:00",
        "source": "incois_textdata",
        "zone_id": "SEC002_Purnagad_133"
      }
    },
    {
      "type": "Feature",
      "geometry": {
        "type": "Point",
        "coordinates": [
          73.13278,
          16.87833
        ]
      },
      "properties": {
        "place": "Golap-Pawas",
        "sector": "SEC002",
        "sector_name": "MAHARASHTRA",
        "dir": "SW",
        "direction": "SW",
        "bearing": 267,
        "distance": "35-40",
        "depth": "18-23",
        "lat_dms": "16 52 42 N",
        "lon_dms": "73 7 58 E",
        "suitability": "high",
        "timestamp": "2026-09-19T05:04:34.584822+00:00",
        "source": "incois_textdata",
        "zone_id": "SEC002_Golap-Pawas_134"
      }
    },
    {
      "type": "Feature",
      "geometry": {
        "type": "Point",
        "coordinates": [
          73.13639,
          16.85556
        ]
      },
      "properties": {
        "place": "Purangad",
        "sector": "SEC002",
        "sector_name": "MAHARASHTRA",
        "dir": "NW",
        "direction": "NW",
        "bearing": 286,
        "distance": "35-40",
        "depth": "17-22",
        "lat_dms": "16 51 20 N",
        "lon_dms": "73 8 11 E",
        "suitability": "high",
        "timestamp": "2026-09-19T05:04:34.584822+00:00",
        "source": "incois_textdata",
        "zone_id": "SEC002_Purangad_135"
      }
    },
    {
      "type": "Feature",
      "geometry": {
        "type": "Point",
        "coordinates": [
          73.12333,
          16.83833
        ]
      },
      "properties": {
        "place": "Sakhri-Natye",
        "sector": "SEC002",
        "sector_name": "MAHARASHTRA",
        "dir": "NW",
        "direction": "NW",
        "bearing": 277,
        "distance": "36-41",
        "depth": "20-25",
        "lat_dms": "16 50 18 N",
        "lon_dms": "73 7 24 E",
        "suitability": "high",
        "timestamp": "2026-09-19T05:04:34.584822+00:00",
        "source": "incois_textdata",
        "zone_id": "SEC002_Sakhri-Natye_136"
      }
    },
    {
      "type": "Feature",
      "geometry": {
        "type": "Point",
        "coordinates": [
          73.10889,
          16.82111
        ]
      },
      "properties": {
        "place": "Bokarwadi",
        "sector": "SEC002",
        "sector_name": "MAHARASHTRA",
        "dir": "NW",
        "direction": "NW",
        "bearing": 292,
        "distance": "37-42",
        "depth": "21-26",
        "lat_dms": "16 49 16 N",
        "lon_dms": "73 6 32 E",
        "suitability": "high",
        "timestamp": "2026-09-19T05:04:34.584822+00:00",
        "source": "incois_textdata",
        "zone_id": "SEC002_Bokarwadi_137"
      }
    },
    {
      "type": "Feature",
      "geometry": {
        "type": "Point",
        "coordinates": [
          73.10306,
          16.79889
        ]
      },
      "properties": {
        "place": "Ambere",
        "sector": "SEC002",
        "sector_name": "MAHARASHTRA",
        "dir": "SW",
        "direction": "SW",
        "bearing": 263,
        "distance": "39-44",
        "depth": "23-28",
        "lat_dms": "16 47 56 N",
        "lon_dms": "73 6 11 E",
        "suitability": "high",
        "timestamp": "2026-09-19T05:04:34.584822+00:00",
        "source": "incois_textdata",
        "zone_id": "SEC002_Ambere_138"
      }
    },
    {
      "type": "Feature",
      "geometry": {
        "type": "Point",
        "coordinates": [
          73.09139,
          16.69611
        ]
      },
      "properties": {
        "place": "Someshvar",
        "sector": "SEC002",
        "sector_name": "MAHARASHTRA",
        "dir": "SW",
        "direction": "SW",
        "bearing": 219,
        "distance": "43-48",
        "depth": "36-41",
        "lat_dms": "16 41 46 N",
        "lon_dms": "73 5 29 E",
        "suitability": "high",
        "timestamp": "2026-09-19T05:04:34.584822+00:00",
        "source": "incois_textdata",
        "zone_id": "SEC002_Someshvar_139"
      }
    },
    {
      "type": "Feature",
      "geometry": {
        "type": "Point",
        "coordinates": [
          73.0925,
          16.67639
        ]
      },
      "properties": {
        "place": "Hedvi",
        "sector": "SEC002",
        "sector_name": "MAHARASHTRA",
        "dir": "SW",
        "direction": "SW",
        "bearing": 190,
        "distance": "43-48",
        "depth": "72-77",
        "lat_dms": "16 40 35 N",
        "lon_dms": "73 5 33 E",
        "suitability": "high",
        "timestamp": "2026-09-19T05:04:34.584822+00:00",
        "source": "incois_textdata",
        "zone_id": "SEC002_Hedvi_140"
      }
    },
    {
      "type": "Feature",
      "geometry": {
        "type": "Point",
        "coordinates": [
          73.08722,
          16.6575
        ]
      },
      "properties": {
        "place": "Welneshwar",
        "sector": "SEC002",
        "sector_name": "MAHARASHTRA",
        "dir": "SW",
        "direction": "SW",
        "bearing": 189,
        "distance": "42-47",
        "depth": "76-81",
        "lat_dms": "16 39 27 N",
        "lon_dms": "73 5 14 E",
        "suitability": "high",
        "timestamp": "2026-09-19T05:04:34.584822+00:00",
        "source": "incois_textdata",
        "zone_id": "SEC002_Welneshwar_141"
      }
    },
    {
      "type": "Feature",
      "geometry": {
        "type": "Point",
        "coordinates": [
          73.07639,
          16.64111
        ]
      },
      "properties": {
        "place": "Kondkarul",
        "sector": "SEC002",
        "sector_name": "MAHARASHTRA",
        "dir": "SW",
        "direction": "SW",
        "bearing": 187,
        "distance": "43-48",
        "depth": "80-85",
        "lat_dms": "16 38 28 N",
        "lon_dms": "73 4 35 E",
        "suitability": "high",
        "timestamp": "2026-09-19T05:04:34.584822+00:00",
        "source": "incois_textdata",
        "zone_id": "SEC002_Kondkarul_142"
      }
    },
    {
      "type": "Feature",
      "geometry": {
        "type": "Point",
        "coordinates": [
          73.06,
          16.63083
        ]
      },
      "properties": {
        "place": "Budhal",
        "sector": "SEC002",
        "sector_name": "MAHARASHTRA",
        "dir": "SW",
        "direction": "SW",
        "bearing": 188,
        "distance": "47-52",
        "depth": "83-88",
        "lat_dms": "16 37 51 N",
        "lon_dms": "73 3 36 E",
        "suitability": "high",
        "timestamp": "2026-09-19T05:04:34.584822+00:00",
        "source": "incois_textdata",
        "zone_id": "SEC002_Budhal_143"
      }
    },
    {
      "type": "Feature",
      "geometry": {
        "type": "Point",
        "coordinates": [
          73.04333,
          16.62028
        ]
      },
      "properties": {
        "place": "Palshet",
        "sector": "SEC002",
        "sector_name": "MAHARASHTRA",
        "dir": "SW",
        "direction": "SW",
        "bearing": 190,
        "distance": "49-54",
        "depth": "88-93",
        "lat_dms": "16 37 13 N",
        "lon_dms": "73 2 36 E",
        "suitability": "high",
        "timestamp": "2026-09-19T05:04:34.584822+00:00",
        "source": "incois_textdata",
        "zone_id": "SEC002_Palshet_144"
      }
    },
    {
      "type": "Feature",
      "geometry": {
        "type": "Point",
        "coordinates": [
          73.03333,
          16.60361
        ]
      },
      "properties": {
        "place": "Sakhar-Hedvi",
        "sector": "SEC002",
        "sector_name": "MAHARASHTRA",
        "dir": "SW",
        "direction": "SW",
        "bearing": 190,
        "distance": "52-57",
        "depth": "93-98",
        "lat_dms": "16 36 13 N",
        "lon_dms": "73 2 0 E",
        "suitability": "high",
        "timestamp": "2026-09-19T05:04:34.584822+00:00",
        "source": "incois_textdata",
        "zone_id": "SEC002_Sakhar-Hedvi_145"
      }
    },
    {
      "type": "Feature",
      "geometry": {
        "type": "Point",
        "coordinates": [
          73.02694,
          16.58556
        ]
      },
      "properties": {
        "place": "Asgoli",
        "sector": "SEC002",
        "sector_name": "MAHARASHTRA",
        "dir": "SW",
        "direction": "SW",
        "bearing": 190,
        "distance": "51-56",
        "depth": "95-100",
        "lat_dms": "16 35 8 N",
        "lon_dms": "73 1 37 E",
        "suitability": "high",
        "timestamp": "2026-09-19T05:04:34.584822+00:00",
        "source": "incois_textdata",
        "zone_id": "SEC002_Asgoli_146"
      }
    },
    {
      "type": "Feature",
      "geometry": {
        "type": "Point",
        "coordinates": [
          73.00917,
          16.5775
        ]
      },
      "properties": {
        "place": "Guhagar",
        "sector": "SEC002",
        "sector_name": "MAHARASHTRA",
        "dir": "SW",
        "direction": "SW",
        "bearing": 191,
        "distance": "54-59",
        "depth": "98-103",
        "lat_dms": "16 34 39 N",
        "lon_dms": "73 0 33 E",
        "suitability": "high",
        "timestamp": "2026-09-19T05:04:34.584822+00:00",
        "source": "incois_textdata",
        "zone_id": "SEC002_Guhagar_147"
      }
    },
    {
      "type": "Feature",
      "geometry": {
        "type": "Point",
        "coordinates": [
          72.99,
          16.57333
        ]
      },
      "properties": {
        "place": "Anjanvel",
        "sector": "SEC002",
        "sector_name": "MAHARASHTRA",
        "dir": "SW",
        "direction": "SW",
        "bearing": 188,
        "distance": "55-60",
        "depth": "105-110",
        "lat_dms": "16 34 24 N",
        "lon_dms": "72 59 24 E",
        "suitability": "high",
        "timestamp": "2026-09-19T05:04:34.584822+00:00",
        "source": "incois_textdata",
        "zone_id": "SEC002_Anjanvel_148"
      }
    },
    {
      "type": "Feature",
      "geometry": {
        "type": "Point",
        "coordinates": [
          72.99833,
          16.49389
        ]
      },
      "properties": {
        "place": "Vijaydurg",
        "sector": "SEC002",
        "sector_name": "MAHARASHTRA",
        "dir": "SW",
        "direction": "SW",
        "bearing": 259,
        "distance": "59-64",
        "depth": "34-39",
        "lat_dms": "16 29 38 N",
        "lon_dms": "72 59 54 E",
        "suitability": "high",
        "timestamp": "2026-09-19T05:04:34.584822+00:00",
        "source": "incois_textdata",
        "zone_id": "SEC002_Vijaydurg_149"
      }
    },
    {
      "type": "Feature",
      "geometry": {
        "type": "Point",
        "coordinates": [
          73.01444,
          16.47917
        ]
      },
      "properties": {
        "place": "Wagapur Pt",
        "sector": "SEC002",
        "sector_name": "MAHARASHTRA",
        "dir": "SW",
        "direction": "SW",
        "bearing": 247,
        "distance": "56-61",
        "depth": "34-39",
        "lat_dms": "16 28 45 N",
        "lon_dms": "73 0 52 E",
        "suitability": "high",
        "timestamp": "2026-09-19T05:04:34.584822+00:00",
        "source": "incois_textdata",
        "zone_id": "SEC002_Wagapur_Pt_150"
      }
    },
    {
      "type": "Feature",
      "geometry": {
        "type": "Point",
        "coordinates": [
          73.0325,
          16.46667
        ]
      },
      "properties": {
        "place": "Vijayadurg Hr",
        "sector": "SEC002",
        "sector_name": "MAHARASHTRA",
        "dir": "SW",
        "direction": "SW",
        "bearing": 252,
        "distance": "53-58",
        "depth": "32-37",
        "lat_dms": "16 28 0 N",
        "lon_dms": "73 1 57 E",
        "suitability": "high",
        "timestamp": "2026-09-19T05:04:34.584822+00:00",
        "source": "incois_textdata",
        "zone_id": "SEC002_Vijayadurg_Hr_151"
      }
    },
    {
      "type": "Feature",
      "geometry": {
        "type": "Point",
        "coordinates": [
          73.0375,
          16.44556
        ]
      },
      "properties": {
        "place": "Ambolgad",
        "sector": "SEC002",
        "sector_name": "MAHARASHTRA",
        "dir": "SW",
        "direction": "SW",
        "bearing": 234,
        "distance": "54-59",
        "depth": "36-41",
        "lat_dms": "16 26 44 N",
        "lon_dms": "73 2 15 E",
        "suitability": "high",
        "timestamp": "2026-09-19T05:04:34.584822+00:00",
        "source": "incois_textdata",
        "zone_id": "SEC002_Ambolgad_152"
      }
    },
    {
      "type": "Feature",
      "geometry": {
        "type": "Point",
        "coordinates": [
          73.03917,
          16.42389
        ]
      },
      "properties": {
        "place": "PhansePadawane",
        "sector": "SEC002",
        "sector_name": "MAHARASHTRA",
        "dir": "SW",
        "direction": "SW",
        "bearing": 233,
        "distance": "55-60",
        "depth": "38-43",
        "lat_dms": "16 25 26 N",
        "lon_dms": "73 2 21 E",
        "suitability": "high",
        "timestamp": "2026-09-19T05:04:34.584822+00:00",
        "source": "incois_textdata",
        "zone_id": "SEC002_PhansePadawane_153"
      }
    },
    {
      "type": "Feature",
      "geometry": {
        "type": "Point",
        "coordinates": [
          73.05278,
          16.40667
        ]
      },
      "properties": {
        "place": "Sakharinate",
        "sector": "SEC002",
        "sector_name": "MAHARASHTRA",
        "dir": "SW",
        "direction": "SW",
        "bearing": 228,
        "distance": "53-58",
        "depth": "38-43",
        "lat_dms": "16 24 24 N",
        "lon_dms": "73 3 10 E",
        "suitability": "high",
        "timestamp": "2026-09-19T05:04:34.584822+00:00",
        "source": "incois_textdata",
        "zone_id": "SEC002_Sakharinate_154"
      }
    },
    {
      "type": "Feature",
      "geometry": {
        "type": "Point",
        "coordinates": [
          73.0725,
          16.39778
        ]
      },
      "properties": {
        "place": "Sakhar-Akshi",
        "sector": "SEC002",
        "sector_name": "MAHARASHTRA",
        "dir": "SW",
        "direction": "SW",
        "bearing": 239,
        "distance": "51-56",
        "depth": "39-44",
        "lat_dms": "16 23 52 N",
        "lon_dms": "73 4 21 E",
        "suitability": "high",
        "timestamp": "2026-09-19T05:04:34.584822+00:00",
        "source": "incois_textdata",
        "zone_id": "SEC002_Sakhar-Akshi_155"
      }
    },
    {
      "type": "Feature",
      "geometry": {
        "type": "Point",
        "coordinates": [
          73.09361,
          16.39194
        ]
      },
      "properties": {
        "place": "Padve",
        "sector": "SEC002",
        "sector_name": "MAHARASHTRA",
        "dir": "SW",
        "direction": "SW",
        "bearing": 232,
        "distance": "48-53",
        "depth": "39-44",
        "lat_dms": "16 23 31 N",
        "lon_dms": "73 5 37 E",
        "suitability": "high",
        "timestamp": "2026-09-19T05:04:34.584822+00:00",
        "source": "incois_textdata",
        "zone_id": "SEC002_Padve_156"
      }
    },
    {
      "type": "Feature",
      "geometry": {
        "type": "Point",
        "coordinates": [
          73.10778,
          16.37583
        ]
      },
      "properties": {
        "place": "Wada Vetye",
        "sector": "SEC002",
        "sector_name": "MAHARASHTRA",
        "dir": "SW",
        "direction": "SW",
        "bearing": 214,
        "distance": "47-52",
        "depth": "39-44",
        "lat_dms": "16 22 33 N",
        "lon_dms": "73 6 28 E",
        "suitability": "high",
        "timestamp": "2026-09-19T05:04:34.584822+00:00",
        "source": "incois_textdata",
        "zone_id": "SEC002_Wada_Vetye_157"
      }
    },
    {
      "type": "Feature",
      "geometry": {
        "type": "Point",
        "coordinates": [
          73.11778,
          16.35639
        ]
      },
      "properties": {
        "place": "Mavlanga",
        "sector": "SEC002",
        "sector_name": "MAHARASHTRA",
        "dir": "SW",
        "direction": "SW",
        "bearing": 205,
        "distance": "47-52",
        "depth": "55-60",
        "lat_dms": "16 21 23 N",
        "lon_dms": "73 7 4 E",
        "suitability": "high",
        "timestamp": "2026-09-19T05:04:34.584822+00:00",
        "source": "incois_textdata",
        "zone_id": "SEC002_Mavlanga_158"
      }
    },
    {
      "type": "Feature",
      "geometry": {
        "type": "Point",
        "coordinates": [
          73.13639,
          16.26056
        ]
      },
      "properties": {
        "place": "Kunkeshwar",
        "sector": "SEC002",
        "sector_name": "MAHARASHTRA",
        "dir": "SW",
        "direction": "SW",
        "bearing": 253,
        "distance": "47-52",
        "depth": "26-31",
        "lat_dms": "16 15 38 N",
        "lon_dms": "73 8 11 E",
        "suitability": "high",
        "timestamp": "2026-09-19T05:04:34.584822+00:00",
        "source": "incois_textdata",
        "zone_id": "SEC002_Kunkeshwar_159"
      }
    },
    {
      "type": "Feature",
      "geometry": {
        "type": "Point",
        "coordinates": [
          73.14167,
          16.24
        ]
      },
      "properties": {
        "place": "Kunkeshwar/Katvan",
        "sector": "SEC002",
        "sector_name": "MAHARASHTRA",
        "dir": "SW",
        "direction": "SW",
        "bearing": 249,
        "distance": "48-53",
        "depth": "27-32",
        "lat_dms": "16 14 24 N",
        "lon_dms": "73 8 30 E",
        "suitability": "high",
        "timestamp": "2026-09-19T05:04:34.584822+00:00",
        "source": "incois_textdata",
        "zone_id": "SEC002_Kunkeshwar/Katvan_160"
      }
    },
    {
      "type": "Feature",
      "geometry": {
        "type": "Point",
        "coordinates": [
          73.14278,
          16.21861
        ]
      },
      "properties": {
        "place": "Mithmumbri/Taramumbari",
        "sector": "SEC002",
        "sector_name": "MAHARASHTRA",
        "dir": "SW",
        "direction": "SW",
        "bearing": 238,
        "distance": "49-54",
        "depth": "28-33",
        "lat_dms": "16 13 7 N",
        "lon_dms": "73 8 34 E",
        "suitability": "high",
        "timestamp": "2026-09-19T05:04:34.584822+00:00",
        "source": "incois_textdata",
        "zone_id": "SEC002_Mithmumbri/Taramumbari_161"
      }
    },
    {
      "type": "Feature",
      "geometry": {
        "type": "Point",
        "coordinates": [
          73.13806,
          16.19778
        ]
      },
      "properties": {
        "place": "Munge",
        "sector": "SEC002",
        "sector_name": "MAHARASHTRA",
        "dir": "SW",
        "direction": "SW",
        "bearing": 262,
        "distance": "54-59",
        "depth": "29-34",
        "lat_dms": "16 11 52 N",
        "lon_dms": "73 8 17 E",
        "suitability": "high",
        "timestamp": "2026-09-19T05:04:34.584822+00:00",
        "source": "incois_textdata",
        "zone_id": "SEC002_Munge_162"
      }
    },
    {
      "type": "Feature",
      "geometry": {
        "type": "Point",
        "coordinates": [
          73.12778,
          16.17917
        ]
      },
      "properties": {
        "place": "Mithbao",
        "sector": "SEC002",
        "sector_name": "MAHARASHTRA",
        "dir": "SW",
        "direction": "SW",
        "bearing": 249,
        "distance": "55-60",
        "depth": "32-37",
        "lat_dms": "16 10 45 N",
        "lon_dms": "73 7 40 E",
        "suitability": "high",
        "timestamp": "2026-09-19T05:04:34.584822+00:00",
        "source": "incois_textdata",
        "zone_id": "SEC002_Mithbao_163"
      }
    },
    {
      "type": "Feature",
      "geometry": {
        "type": "Point",
        "coordinates": [
          73.11889,
          16.15972
        ]
      },
      "properties": {
        "place": "Devgarh",
        "sector": "SEC002",
        "sector_name": "MAHARASHTRA",
        "dir": "SW",
        "direction": "SW",
        "bearing": 227,
        "distance": "49-54",
        "depth": "35-40",
        "lat_dms": "16 9 35 N",
        "lon_dms": "73 7 8 E",
        "suitability": "high",
        "timestamp": "2026-09-19T05:04:34.584822+00:00",
        "source": "incois_textdata",
        "zone_id": "SEC002_Devgarh_164"
      }
    },
    {
      "type": "Feature",
      "geometry": {
        "type": "Point",
        "coordinates": [
          73.11639,
          16.13861
        ]
      },
      "properties": {
        "place": "Anandwadi(Devgad)",
        "sector": "SEC002",
        "sector_name": "MAHARASHTRA",
        "dir": "SW",
        "direction": "SW",
        "bearing": 226,
        "distance": "52-57",
        "depth": "37-42",
        "lat_dms": "16 8 19 N",
        "lon_dms": "73 6 59 E",
        "suitability": "high",
        "timestamp": "2026-09-19T05:04:34.584822+00:00",
        "source": "incois_textdata",
        "zone_id": "SEC002_Anandwadi(Devgad)_165"
      }
    },
    {
      "type": "Feature",
      "geometry": {
        "type": "Point",
        "coordinates": [
          73.1175,
          16.11722
        ]
      },
      "properties": {
        "place": "Kalamaiwadi",
        "sector": "SEC002",
        "sector_name": "MAHARASHTRA",
        "dir": "SW",
        "direction": "SW",
        "bearing": 215,
        "distance": "54-59",
        "depth": "42-47",
        "lat_dms": "16 7 2 N",
        "lon_dms": "73 7 3 E",
        "suitability": "high",
        "timestamp": "2026-09-19T05:04:34.584822+00:00",
        "source": "incois_textdata",
        "zone_id": "SEC002_Kalamaiwadi_166"
      }
    },
    {
      "type": "Feature",
      "geometry": {
        "type": "Point",
        "coordinates": [
          73.12028,
          16.09583
        ]
      },
      "properties": {
        "place": "Wadatar/Malai",
        "sector": "SEC002",
        "sector_name": "MAHARASHTRA",
        "dir": "SW",
        "direction": "SW",
        "bearing": 221,
        "distance": "56-61",
        "depth": "43-48",
        "lat_dms": "16 5 45 N",
        "lon_dms": "73 7 13 E",
        "suitability": "high",
        "timestamp": "2026-09-19T05:04:34.584822+00:00",
        "source": "incois_textdata",
        "zone_id": "SEC002_Wadatar/Malai_167"
      }
    },
    {
      "type": "Feature",
      "geometry": {
        "type": "Point",
        "coordinates": [
          73.12583,
          16.07528
        ]
      },
      "properties": {
        "place": "Jambhari",
        "sector": "SEC002",
        "sector_name": "MAHARASHTRA",
        "dir": "SW",
        "direction": "SW",
        "bearing": 206,
        "distance": "55-60",
        "depth": "53-58",
        "lat_dms": "16 4 31 N",
        "lon_dms": "73 7 33 E",
        "suitability": "high",
        "timestamp": "2026-09-19T05:04:34.584822+00:00",
        "source": "incois_textdata",
        "zone_id": "SEC002_Jambhari_168"
      }
    },
    {
      "type": "Feature",
      "geometry": {
        "type": "Point",
        "coordinates": [
          73.17944,
          16.02056
        ]
      },
      "properties": {
        "place": "Dhurivada",
        "sector": "SEC002",
        "sector_name": "MAHARASHTRA",
        "dir": "SW",
        "direction": "SW",
        "bearing": 261,
        "distance": "52-57",
        "depth": "28-33",
        "lat_dms": "16 1 14 N",
        "lon_dms": "73 10 46 E",
        "suitability": "high",
        "timestamp": "2026-09-19T05:04:34.584822+00:00",
        "source": "incois_textdata",
        "zone_id": "SEC002_Dhurivada_169"
      }
    },
    {
      "type": "Feature",
      "geometry": {
        "type": "Point",
        "coordinates": [
          73.18694,
          16.00444
        ]
      },
      "properties": {
        "place": "Sarjekot",
        "sector": "SEC002",
        "sector_name": "MAHARASHTRA",
        "dir": "SW",
        "direction": "SW",
        "bearing": 254,
        "distance": "51-56",
        "depth": "29-34",
        "lat_dms": "16 0 16 N",
        "lon_dms": "73 11 13 E",
        "suitability": "high",
        "timestamp": "2026-09-19T05:04:34.584822+00:00",
        "source": "incois_textdata",
        "zone_id": "SEC002_Sarjekot_170"
      }
    },
    {
      "type": "Feature",
      "geometry": {
        "type": "Point",
        "coordinates": [
          73.2025,
          15.99361
        ]
      },
      "properties": {
        "place": "Talashil",
        "sector": "SEC002",
        "sector_name": "MAHARASHTRA",
        "dir": "SW",
        "direction": "SW",
        "bearing": 247,
        "distance": "49-54",
        "depth": "28-33",
        "lat_dms": "15 59 37 N",
        "lon_dms": "73 12 9 E",
        "suitability": "high",
        "timestamp": "2026-09-19T05:04:34.584822+00:00",
        "source": "incois_textdata",
        "zone_id": "SEC002_Talashil_171"
      }
    },
    {
      "type": "Feature",
      "geometry": {
        "type": "Point",
        "coordinates": [
          73.21917,
          15.98472
        ]
      },
      "properties": {
        "place": "Wayri",
        "sector": "SEC002",
        "sector_name": "MAHARASHTRA",
        "dir": "SW",
        "direction": "SW",
        "bearing": 257,
        "distance": "48-53",
        "depth": "27-32",
        "lat_dms": "15 59 5 N",
        "lon_dms": "73 13 9 E",
        "suitability": "high",
        "timestamp": "2026-09-19T05:04:34.584822+00:00",
        "source": "incois_textdata",
        "zone_id": "SEC002_Wayri_172"
      }
    },
    {
      "type": "Feature",
      "geometry": {
        "type": "Point",
        "coordinates": [
          73.23139,
          15.97028
        ]
      },
      "properties": {
        "place": "Sarjekot-MiryaBandh",
        "sector": "SEC002",
        "sector_name": "MAHARASHTRA",
        "dir": "SW",
        "direction": "SW",
        "bearing": 233,
        "distance": "46-51",
        "depth": "28-33",
        "lat_dms": "15 58 13 N",
        "lon_dms": "73 13 53 E",
        "suitability": "high",
        "timestamp": "2026-09-19T05:04:34.584822+00:00",
        "source": "incois_textdata",
        "zone_id": "SEC002_Sarjekot-MiryaBandh_173"
      }
    },
    {
      "type": "Feature",
      "geometry": {
        "type": "Point",
        "coordinates": [
          73.23694,
          15.95222
        ]
      },
      "properties": {
        "place": "Hadi",
        "sector": "SEC002",
        "sector_name": "MAHARASHTRA",
        "dir": "SW",
        "direction": "SW",
        "bearing": 230,
        "distance": "43-48",
        "depth": "30-35",
        "lat_dms": "15 57 8 N",
        "lon_dms": "73 14 13 E",
        "suitability": "high",
        "timestamp": "2026-09-19T05:04:34.584822+00:00",
        "source": "incois_textdata",
        "zone_id": "SEC002_Hadi_174"
      }
    },
    {
      "type": "Feature",
      "geometry": {
        "type": "Point",
        "coordinates": [
          73.24278,
          15.93417
        ]
      },
      "properties": {
        "place": "Tondavli",
        "sector": "SEC002",
        "sector_name": "MAHARASHTRA",
        "dir": "SW",
        "direction": "SW",
        "bearing": 221,
        "distance": "49-54",
        "depth": "31-36",
        "lat_dms": "15 56 3 N",
        "lon_dms": "73 14 34 E",
        "suitability": "high",
        "timestamp": "2026-09-19T05:04:34.584822+00:00",
        "source": "incois_textdata",
        "zone_id": "SEC002_Tondavli_175"
      }
    },
    {
      "type": "Feature",
      "geometry": {
        "type": "Point",
        "coordinates": [
          73.25444,
          15.91917
        ]
      },
      "properties": {
        "place": "Achara",
        "sector": "SEC002",
        "sector_name": "MAHARASHTRA",
        "dir": "SW",
        "direction": "SW",
        "bearing": 214,
        "distance": "49-54",
        "depth": "34-39",
        "lat_dms": "15 55 9 N",
        "lon_dms": "73 15 16 E",
        "suitability": "high",
        "timestamp": "2026-09-19T05:04:34.584822+00:00",
        "source": "incois_textdata",
        "zone_id": "SEC002_Achara_176"
      }
    },
    {
      "type": "Feature",
      "geometry": {
        "type": "Point",
        "coordinates": [
          73.27028,
          15.90889
        ]
      },
      "properties": {
        "place": "Achra Pt",
        "sector": "SEC002",
        "sector_name": "MAHARASHTRA",
        "dir": "SW",
        "direction": "SW",
        "bearing": 209,
        "distance": "45-50",
        "depth": "34-39",
        "lat_dms": "15 54 32 N",
        "lon_dms": "73 16 13 E",
        "suitability": "high",
        "timestamp": "2026-09-19T05:04:34.584822+00:00",
        "source": "incois_textdata",
        "zone_id": "SEC002_Achra_Pt_177"
      }
    },
    {
      "type": "Feature",
      "geometry": {
        "type": "Point",
        "coordinates": [
          73.28306,
          15.89528
        ]
      },
      "properties": {
        "place": "MuthUbhadanda",
        "sector": "SEC002",
        "sector_name": "MAHARASHTRA",
        "dir": "NW",
        "direction": "NW",
        "bearing": 279,
        "distance": "44-49",
        "depth": "36-41",
        "lat_dms": "15 53 43 N",
        "lon_dms": "73 16 59 E",
        "suitability": "high",
        "timestamp": "2026-09-19T05:04:34.584822+00:00",
        "source": "incois_textdata",
        "zone_id": "SEC002_MuthUbhadanda_178"
      }
    },
    {
      "type": "Feature",
      "geometry": {
        "type": "Point",
        "coordinates": [
          73.29583,
          15.84306
        ]
      },
      "properties": {
        "place": "Sindhudurg (Malvan)",
        "sector": "SEC002",
        "sector_name": "MAHARASHTRA",
        "dir": "SW",
        "direction": "SW",
        "bearing": 219,
        "distance": "46-51",
        "depth": "26-31",
        "lat_dms": "15 50 35 N",
        "lon_dms": "73 17 45 E",
        "suitability": "high",
        "timestamp": "2026-09-19T05:04:34.584822+00:00",
        "source": "incois_textdata",
        "zone_id": "SEC002_Sindhudurg_(Malvan)_179"
      }
    },
    {
      "type": "Feature",
      "geometry": {
        "type": "Point",
        "coordinates": [
          73.29917,
          15.83194
        ]
      },
      "properties": {
        "place": "Kochara-Nivati",
        "sector": "SEC002",
        "sector_name": "MAHARASHTRA",
        "dir": "SW",
        "direction": "SW",
        "bearing": 245,
        "distance": "49-54",
        "depth": "26-31",
        "lat_dms": "15 49 55 N",
        "lon_dms": "73 17 57 E",
        "suitability": "high",
        "timestamp": "2026-09-19T05:04:34.584822+00:00",
        "source": "incois_textdata",
        "zone_id": "SEC002_Kochara-Nivati_180"
      }
    },
    {
      "type": "Feature",
      "geometry": {
        "type": "Point",
        "coordinates": [
          73.29861,
          15.82028
        ]
      },
      "properties": {
        "place": "Khavana",
        "sector": "SEC002",
        "sector_name": "MAHARASHTRA",
        "dir": "SW",
        "direction": "SW",
        "bearing": 243,
        "distance": "50-55",
        "depth": "27-32",
        "lat_dms": "15 49 13 N",
        "lon_dms": "73 17 55 E",
        "suitability": "high",
        "timestamp": "2026-09-19T05:04:34.584822+00:00",
        "source": "incois_textdata",
        "zone_id": "SEC002_Khavana_181"
      }
    },
    {
      "type": "Feature",
      "geometry": {
        "type": "Point",
        "coordinates": [
          73.29806,
          15.80833
        ]
      },
      "properties": {
        "place": "Deobag",
        "sector": "SEC002",
        "sector_name": "MAHARASHTRA",
        "dir": "SW",
        "direction": "SW",
        "bearing": 222,
        "distance": "50-55",
        "depth": "28-33",
        "lat_dms": "15 48 30 N",
        "lon_dms": "73 17 53 E",
        "suitability": "high",
        "timestamp": "2026-09-19T05:04:34.584822+00:00",
        "source": "incois_textdata",
        "zone_id": "SEC002_Deobag_182"
      }
    },
    {
      "type": "Feature",
      "geometry": {
        "type": "Point",
        "coordinates": [
          73.30139,
          15.79722
        ]
      },
      "properties": {
        "place": "Tarkarli/Kalethar",
        "sector": "SEC002",
        "sector_name": "MAHARASHTRA",
        "dir": "SW",
        "direction": "SW",
        "bearing": 216,
        "distance": "50-55",
        "depth": "30-35",
        "lat_dms": "15 47 50 N",
        "lon_dms": "73 18 5 E",
        "suitability": "high",
        "timestamp": "2026-09-19T05:04:34.584822+00:00",
        "source": "incois_textdata",
        "zone_id": "SEC002_Tarkarli/Kalethar_183"
      }
    },
    {
      "type": "Feature",
      "geometry": {
        "type": "Point",
        "coordinates": [
          73.30667,
          15.78667
        ]
      },
      "properties": {
        "place": "Kelus",
        "sector": "SEC002",
        "sector_name": "MAHARASHTRA",
        "dir": "SW",
        "direction": "SW",
        "bearing": 245,
        "distance": "51-56",
        "depth": "31-36",
        "lat_dms": "15 47 12 N",
        "lon_dms": "73 18 24 E",
        "suitability": "high",
        "timestamp": "2026-09-19T05:04:34.584822+00:00",
        "source": "incois_textdata",
        "zone_id": "SEC002_Kelus_184"
      }
    },
    {
      "type": "Feature",
      "geometry": {
        "type": "Point",
        "coordinates": [
          73.31472,
          15.77861
        ]
      },
      "properties": {
        "place": "Mobar-Bhogave",
        "sector": "SEC002",
        "sector_name": "MAHARASHTRA",
        "dir": "SW",
        "direction": "SW",
        "bearing": 245,
        "distance": "49-54",
        "depth": "31-36",
        "lat_dms": "15 46 43 N",
        "lon_dms": "73 18 53 E",
        "suitability": "high",
        "timestamp": "2026-09-19T05:04:34.584822+00:00",
        "source": "incois_textdata",
        "zone_id": "SEC002_Mobar-Bhogave_185"
      }
    },
    {
      "type": "Feature",
      "geometry": {
        "type": "Point",
        "coordinates": [
          73.32472,
          15.77306
        ]
      },
      "properties": {
        "place": "Khanoli-Wayangani",
        "sector": "SEC002",
        "sector_name": "MAHARASHTRA",
        "dir": "SW",
        "direction": "SW",
        "bearing": 248,
        "distance": "49-54",
        "depth": "30-35",
        "lat_dms": "15 46 23 N",
        "lon_dms": "73 19 29 E",
        "suitability": "high",
        "timestamp": "2026-09-19T05:04:34.584822+00:00",
        "source": "incois_textdata",
        "zone_id": "SEC002_Khanoli-Wayangani_186"
      }
    },
    {
      "type": "Feature",
      "geometry": {
        "type": "Point",
        "coordinates": [
          73.33389,
          15.76611
        ]
      },
      "properties": {
        "place": "Vengurla",
        "sector": "SEC002",
        "sector_name": "MAHARASHTRA",
        "dir": "SW",
        "direction": "SW",
        "bearing": 252,
        "distance": "47-52",
        "depth": "30-35",
        "lat_dms": "15 45 58 N",
        "lon_dms": "73 20 2 E",
        "suitability": "high",
        "timestamp": "2026-09-19T05:04:34.584822+00:00",
        "source": "incois_textdata",
        "zone_id": "SEC002_Vengurla_187"
      }
    },
    {
      "type": "Feature",
      "geometry": {
        "type": "Point",
        "coordinates": [
          73.34,
          15.75694
        ]
      },
      "properties": {
        "place": "Dabhoswada/Navabag",
        "sector": "SEC002",
        "sector_name": "MAHARASHTRA",
        "dir": "SW",
        "direction": "SW",
        "bearing": 251,
        "distance": "48-53",
        "depth": "30-35",
        "lat_dms": "15 45 25 N",
        "lon_dms": "73 20 24 E",
        "suitability": "high",
        "timestamp": "2026-09-19T05:04:34.584822+00:00",
        "source": "incois_textdata",
        "zone_id": "SEC002_Dabhoswada/Navabag_188"
      }
    },
    {
      "type": "Feature",
      "geometry": {
        "type": "Point",
        "coordinates": [
          73.29389,
          15.63778
        ]
      },
      "properties": {
        "place": "Chapora",
        "sector": "SEC003",
        "sector_name": "GOA",
        "dir": "NW",
        "direction": "NW",
        "bearing": 276,
        "distance": "57-62",
        "depth": "46-51",
        "lat_dms": "15 38 16 N",
        "lon_dms": "73 17 38 E",
        "suitability": "high",
        "timestamp": "2026-09-19T05:04:34.709159+00:00",
        "source": "incois_textdata",
        "zone_id": "SEC003_Chapora_000"
      }
    },
    {
      "type": "Feature",
      "geometry": {
        "type": "Point",
        "coordinates": [
          73.27806,
          15.6025
        ]
      },
      "properties": {
        "place": "Aguada",
        "sector": "SEC003",
        "sector_name": "GOA",
        "dir": "NW",
        "direction": "NW",
        "bearing": 283,
        "distance": "58-63",
        "depth": "53-58",
        "lat_dms": "15 36 9 N",
        "lon_dms": "73 16 41 E",
        "suitability": "high",
        "timestamp": "2026-09-19T05:04:34.709159+00:00",
        "source": "incois_textdata",
        "zone_id": "SEC003_Aguada_001"
      }
    },
    {
      "type": "Feature",
      "geometry": {
        "type": "Point",
        "coordinates": [
          73.26167,
          15.5675
        ]
      },
      "properties": {
        "place": "Santerem Pt (Vasco)",
        "sector": "SEC003",
        "sector_name": "GOA",
        "dir": "NW",
        "direction": "NW",
        "bearing": 294,
        "distance": "62-67",
        "depth": "57-62",
        "lat_dms": "15 34 3 N",
        "lon_dms": "73 15 42 E",
        "suitability": "high",
        "timestamp": "2026-09-19T05:04:34.709159+00:00",
        "source": "incois_textdata",
        "zone_id": "SEC003_Santerem_Pt_(Vasco)_002"
      }
    },
    {
      "type": "Feature",
      "geometry": {
        "type": "Point",
        "coordinates": [
          73.26139,
          15.52806
        ]
      },
      "properties": {
        "place": "Panaji (Malim)",
        "sector": "SEC003",
        "sector_name": "GOA",
        "dir": "NW",
        "direction": "NW",
        "bearing": 274,
        "distance": "67-72",
        "depth": "58-63",
        "lat_dms": "15 31 41 N",
        "lon_dms": "73 15 41 E",
        "suitability": "high",
        "timestamp": "2026-09-19T05:04:34.709159+00:00",
        "source": "incois_textdata",
        "zone_id": "SEC003_Panaji_(Malim)_003"
      }
    },
    {
      "type": "Feature",
      "geometry": {
        "type": "Point",
        "coordinates": [
          73.31528,
          15.42583
        ]
      },
      "properties": {
        "place": "Talpona",
        "sector": "SEC003",
        "sector_name": "GOA",
        "dir": "NW",
        "direction": "NW",
        "bearing": 303,
        "distance": "71-76",
        "depth": "90-95",
        "lat_dms": "15 25 33 N",
        "lon_dms": "73 18 55 E",
        "suitability": "high",
        "timestamp": "2026-09-19T05:04:34.709159+00:00",
        "source": "incois_textdata",
        "zone_id": "SEC003_Talpona_004"
      }
    },
    {
      "type": "Feature",
      "geometry": {
        "type": "Point",
        "coordinates": [
          73.30806,
          15.37667
        ]
      },
      "properties": {
        "place": "Kolamb",
        "sector": "SEC003",
        "sector_name": "GOA",
        "dir": "NW",
        "direction": "NW",
        "bearing": 300,
        "distance": "71-76",
        "depth": "90-95",
        "lat_dms": "15 22 36 N",
        "lon_dms": "73 18 29 E",
        "suitability": "high",
        "timestamp": "2026-09-19T05:04:34.709159+00:00",
        "source": "incois_textdata",
        "zone_id": "SEC003_Kolamb_005"
      }
    },
    {
      "type": "Feature",
      "geometry": {
        "type": "Point",
        "coordinates": [
          73.35417,
          15.21111
        ]
      },
      "properties": {
        "place": "Majorde",
        "sector": "SEC003",
        "sector_name": "GOA",
        "dir": "SW",
        "direction": "SW",
        "bearing": 259,
        "distance": "77-82",
        "depth": "58-63",
        "lat_dms": "15 12 40 N",
        "lon_dms": "73 21 15 E",
        "suitability": "high",
        "timestamp": "2026-09-19T05:04:34.709159+00:00",
        "source": "incois_textdata",
        "zone_id": "SEC003_Majorde_006"
      }
    },
    {
      "type": "Feature",
      "geometry": {
        "type": "Point",
        "coordinates": [
          73.34694,
          15.16556
        ]
      },
      "properties": {
        "place": "Cutbona",
        "sector": "SEC003",
        "sector_name": "GOA",
        "dir": "NW",
        "direction": "NW",
        "bearing": 278,
        "distance": "75-80",
        "depth": "60-65",
        "lat_dms": "15 9 56 N",
        "lon_dms": "73 20 49 E",
        "suitability": "high",
        "timestamp": "2026-09-19T05:04:34.709159+00:00",
        "source": "incois_textdata",
        "zone_id": "SEC003_Cutbona_007"
      }
    },
    {
      "type": "Feature",
      "geometry": {
        "type": "Point",
        "coordinates": [
          73.33611,
          15.12083
        ]
      },
      "properties": {
        "place": "Fatarde",
        "sector": "SEC003",
        "sector_name": "GOA",
        "dir": "SW",
        "direction": "SW",
        "bearing": 261,
        "distance": "80-85",
        "depth": "64-69",
        "lat_dms": "15 7 15 N",
        "lon_dms": "73 20 10 E",
        "suitability": "high",
        "timestamp": "2026-09-19T05:04:34.709159+00:00",
        "source": "incois_textdata",
        "zone_id": "SEC003_Fatarde_008"
      }
    },
    {
      "type": "Feature",
      "geometry": {
        "type": "Point",
        "coordinates": [
          73.3475,
          15.07722
        ]
      },
      "properties": {
        "place": "Betul",
        "sector": "SEC003",
        "sector_name": "GOA",
        "dir": "SW",
        "direction": "SW",
        "bearing": 264,
        "distance": "81-86",
        "depth": "63-68",
        "lat_dms": "15 4 38 N",
        "lon_dms": "73 20 51 E",
        "suitability": "high",
        "timestamp": "2026-09-19T05:04:34.709159+00:00",
        "source": "incois_textdata",
        "zone_id": "SEC003_Betul_009"
      }
    },
    {
      "type": "Feature",
      "geometry": {
        "type": "Point",
        "coordinates": [
          73.41444,
          14.86361
        ]
      },
      "properties": {
        "place": "Karwar",
        "sector": "SEC004",
        "sector_name": "KARNATAKA",
        "dir": "NW",
        "direction": "NW",
        "bearing": 274,
        "distance": "82-87",
        "depth": "68-73",
        "lat_dms": "14 51 49 N",
        "lon_dms": "73 24 52 E",
        "suitability": "high",
        "timestamp": "2026-09-19T05:04:34.518125+00:00",
        "source": "incois_textdata",
        "zone_id": "SEC004_Karwar_000"
      }
    },
    {
      "type": "Feature",
      "geometry": {
        "type": "Point",
        "coordinates": [
          73.39472,
          14.82583
        ]
      },
      "properties": {
        "place": "Majali",
        "sector": "SEC004",
        "sector_name": "KARNATAKA",
        "dir": "SW",
        "direction": "SW",
        "bearing": 265,
        "distance": "82-87",
        "depth": "75-80",
        "lat_dms": "14 49 33 N",
        "lon_dms": "73 23 41 E",
        "suitability": "high",
        "timestamp": "2026-09-19T05:04:34.518125+00:00",
        "source": "incois_textdata",
        "zone_id": "SEC004_Majali_001"
      }
    },
    {
      "type": "Feature",
      "geometry": {
        "type": "Point",
        "coordinates": [
          73.37389,
          14.78833
        ]
      },
      "properties": {
        "place": "Sadasguvgarg",
        "sector": "SEC004",
        "sector_name": "KARNATAKA",
        "dir": "SW",
        "direction": "SW",
        "bearing": 265,
        "distance": "93-98",
        "depth": "80-85",
        "lat_dms": "14 47 18 N",
        "lon_dms": "73 22 26 E",
        "suitability": "high",
        "timestamp": "2026-09-19T05:04:34.518125+00:00",
        "source": "incois_textdata",
        "zone_id": "SEC004_Sadasguvgarg_002"
      }
    },
    {
      "type": "Feature",
      "geometry": {
        "type": "Point",
        "coordinates": [
          73.37222,
          14.74556
        ]
      },
      "properties": {
        "place": "Belekeri",
        "sector": "SEC004",
        "sector_name": "KARNATAKA",
        "dir": "NW",
        "direction": "NW",
        "bearing": 273,
        "distance": "97-102",
        "depth": "94-99",
        "lat_dms": "14 44 44 N",
        "lon_dms": "73 22 20 E",
        "suitability": "high",
        "timestamp": "2026-09-19T05:04:34.518125+00:00",
        "source": "incois_textdata",
        "zone_id": "SEC004_Belekeri_003"
      }
    },
    {
      "type": "Feature",
      "geometry": {
        "type": "Point",
        "coordinates": [
          73.39667,
          14.6125
        ]
      },
      "properties": {
        "place": "Gangavali",
        "sector": "SEC004",
        "sector_name": "KARNATAKA",
        "dir": "NW",
        "direction": "NW",
        "bearing": 272,
        "distance": "105-110",
        "depth": "95-100",
        "lat_dms": "14 36 45 N",
        "lon_dms": "73 23 48 E",
        "suitability": "high",
        "timestamp": "2026-09-19T05:04:34.518125+00:00",
        "source": "incois_textdata",
        "zone_id": "SEC004_Gangavali_004"
      }
    },
    {
      "type": "Feature",
      "geometry": {
        "type": "Point",
        "coordinates": [
          73.43056,
          14.56972
        ]
      },
      "properties": {
        "place": "Tadri",
        "sector": "SEC004",
        "sector_name": "KARNATAKA",
        "dir": "NW",
        "direction": "NW",
        "bearing": 274,
        "distance": "107-112",
        "depth": "96-101",
        "lat_dms": "14 34 11 N",
        "lon_dms": "73 25 50 E",
        "suitability": "high",
        "timestamp": "2026-09-19T05:04:34.518125+00:00",
        "source": "incois_textdata",
        "zone_id": "SEC004_Tadri_005"
      }
    },
    {
      "type": "Feature",
      "geometry": {
        "type": "Point",
        "coordinates": [
          73.45333,
          14.52194
        ]
      },
      "properties": {
        "place": "Kumta Pt",
        "sector": "SEC004",
        "sector_name": "KARNATAKA",
        "dir": "NW",
        "direction": "NW",
        "bearing": 276,
        "distance": "105-110",
        "depth": "99-104",
        "lat_dms": "14 31 19 N",
        "lon_dms": "73 27 12 E",
        "suitability": "high",
        "timestamp": "2026-09-19T05:04:34.518125+00:00",
        "source": "incois_textdata",
        "zone_id": "SEC004_Kumta_Pt_006"
      }
    },
    {
      "type": "Feature",
      "geometry": {
        "type": "Point",
        "coordinates": [
          73.48583,
          14.47972
        ]
      },
      "properties": {
        "place": "Dhareshvar",
        "sector": "SEC004",
        "sector_name": "KARNATAKA",
        "dir": "NW",
        "direction": "NW",
        "bearing": 277,
        "distance": "93-98",
        "depth": "98-103",
        "lat_dms": "14 28 47 N",
        "lon_dms": "73 29 9 E",
        "suitability": "high",
        "timestamp": "2026-09-19T05:04:34.518125+00:00",
        "source": "incois_textdata",
        "zone_id": "SEC004_Dhareshvar_007"
      }
    },
    {
      "type": "Feature",
      "geometry": {
        "type": "Point",
        "coordinates": [
          73.68917,
          14.40639
        ]
      },
      "properties": {
        "place": "Honavar",
        "sector": "SEC004",
        "sector_name": "KARNATAKA",
        "dir": "NW",
        "direction": "NW",
        "bearing": 280,
        "distance": "59-64",
        "depth": "80-85",
        "lat_dms": "14 24 23 N",
        "lon_dms": "73 41 21 E",
        "suitability": "high",
        "timestamp": "2026-09-19T05:04:34.518125+00:00",
        "source": "incois_textdata",
        "zone_id": "SEC004_Honavar_008"
      }
    },
    {
      "type": "Feature",
      "geometry": {
        "type": "Point",
        "coordinates": [
          73.63722,
          14.40083
        ]
      },
      "properties": {
        "place": "Karki",
        "sector": "SEC004",
        "sector_name": "KARNATAKA",
        "dir": "NW",
        "direction": "NW",
        "bearing": 277,
        "distance": "61-66",
        "depth": "83-88",
        "lat_dms": "14 24 3 N",
        "lon_dms": "73 38 14 E",
        "suitability": "high",
        "timestamp": "2026-09-19T05:04:34.518125+00:00",
        "source": "incois_textdata",
        "zone_id": "SEC004_Karki_009"
      }
    },
    {
      "type": "Feature",
      "geometry": {
        "type": "Point",
        "coordinates": [
          73.73306,
          14.38361
        ]
      },
      "properties": {
        "place": "Kasarkod",
        "sector": "SEC004",
        "sector_name": "KARNATAKA",
        "dir": "NW",
        "direction": "NW",
        "bearing": 281,
        "distance": "57-62",
        "depth": "75-80",
        "lat_dms": "14 23 1 N",
        "lon_dms": "73 43 59 E",
        "suitability": "high",
        "timestamp": "2026-09-19T05:04:34.518125+00:00",
        "source": "incois_textdata",
        "zone_id": "SEC004_Kasarkod_010"
      }
    },
    {
      "type": "Feature",
      "geometry": {
        "type": "Point",
        "coordinates": [
          73.76806,
          14.34694
        ]
      },
      "properties": {
        "place": "Navayatkere",
        "sector": "SEC004",
        "sector_name": "KARNATAKA",
        "dir": "NW",
        "direction": "NW",
        "bearing": 283,
        "distance": "60-65",
        "depth": "75-80",
        "lat_dms": "14 20 49 N",
        "lon_dms": "73 46 5 E",
        "suitability": "high",
        "timestamp": "2026-09-19T05:04:34.518125+00:00",
        "source": "incois_textdata",
        "zone_id": "SEC004_Navayatkere_011"
      }
    },
    {
      "type": "Feature",
      "geometry": {
        "type": "Point",
        "coordinates": [
          73.80639,
          14.20806
        ]
      },
      "properties": {
        "place": "Mavalli",
        "sector": "SEC004",
        "sector_name": "KARNATAKA",
        "dir": "NW",
        "direction": "NW",
        "bearing": 279,
        "distance": "60-65",
        "depth": "72-77",
        "lat_dms": "14 12 29 N",
        "lon_dms": "73 48 23 E",
        "suitability": "high",
        "timestamp": "2026-09-19T05:04:34.518125+00:00",
        "source": "incois_textdata",
        "zone_id": "SEC004_Mavalli_012"
      }
    },
    {
      "type": "Feature",
      "geometry": {
        "type": "Point",
        "coordinates": [
          73.82167,
          14.16056
        ]
      },
      "properties": {
        "place": "Shirali",
        "sector": "SEC004",
        "sector_name": "KARNATAKA",
        "dir": "NW",
        "direction": "NW",
        "bearing": 281,
        "distance": "64-69",
        "depth": "74-79",
        "lat_dms": "14 9 38 N",
        "lon_dms": "73 49 18 E",
        "suitability": "high",
        "timestamp": "2026-09-19T05:04:34.518125+00:00",
        "source": "incois_textdata",
        "zone_id": "SEC004_Shirali_013"
      }
    },
    {
      "type": "Feature",
      "geometry": {
        "type": "Point",
        "coordinates": [
          73.86306,
          14.13278
        ]
      },
      "properties": {
        "place": "Bhatkal",
        "sector": "SEC004",
        "sector_name": "KARNATAKA",
        "dir": "NW",
        "direction": "NW",
        "bearing": 284,
        "distance": "61-66",
        "depth": "72-77",
        "lat_dms": "14 7 58 N",
        "lon_dms": "73 51 47 E",
        "suitability": "high",
        "timestamp": "2026-09-19T05:04:34.518125+00:00",
        "source": "incois_textdata",
        "zone_id": "SEC004_Bhatkal_014"
      }
    },
    {
      "type": "Feature",
      "geometry": {
        "type": "Point",
        "coordinates": [
          73.89278,
          14.09444
        ]
      },
      "properties": {
        "place": "Baindur",
        "sector": "SEC004",
        "sector_name": "KARNATAKA",
        "dir": "NW",
        "direction": "NW",
        "bearing": 288,
        "distance": "59-64",
        "depth": "79-84",
        "lat_dms": "14 5 40 N",
        "lon_dms": "73 53 34 E",
        "suitability": "high",
        "timestamp": "2026-09-19T05:04:34.518125+00:00",
        "source": "incois_textdata",
        "zone_id": "SEC004_Baindur_015"
      }
    },
    {
      "type": "Feature",
      "geometry": {
        "type": "Point",
        "coordinates": [
          73.98417,
          13.97583
        ]
      },
      "properties": {
        "place": "Mangalore",
        "sector": "SEC004",
        "sector_name": "KARNATAKA",
        "dir": "NW",
        "direction": "NW",
        "bearing": 324,
        "distance": "51-56",
        "depth": "151-156",
        "lat_dms": "13 58 33 N",
        "lon_dms": "73 59 3 E",
        "suitability": "high",
        "timestamp": "2026-09-19T05:04:34.518125+00:00",
        "source": "incois_textdata",
        "zone_id": "SEC004_Mangalore_016"
      }
    },
    {
      "type": "Feature",
      "geometry": {
        "type": "Point",
        "coordinates": [
          73.93528,
          13.77833
        ]
      },
      "properties": {
        "place": "Navunda",
        "sector": "SEC004",
        "sector_name": "KARNATAKA",
        "dir": "NW",
        "direction": "NW",
        "bearing": 272,
        "distance": "47-52",
        "depth": "74-79",
        "lat_dms": "13 46 42 N",
        "lon_dms": "73 56 7 E",
        "suitability": "high",
        "timestamp": "2026-09-19T05:04:34.518125+00:00",
        "source": "incois_textdata",
        "zone_id": "SEC004_Navunda_017"
      }
    },
    {
      "type": "Feature",
      "geometry": {
        "type": "Point",
        "coordinates": [
          73.89972,
          13.755
        ]
      },
      "properties": {
        "place": "Mulki",
        "sector": "SEC004",
        "sector_name": "KARNATAKA",
        "dir": "NW",
        "direction": "NW",
        "bearing": 308,
        "distance": "61-66",
        "depth": "118-123",
        "lat_dms": "13 45 18 N",
        "lon_dms": "73 53 59 E",
        "suitability": "high",
        "timestamp": "2026-09-19T05:04:34.518125+00:00",
        "source": "incois_textdata",
        "zone_id": "SEC004_Mulki_018"
      }
    },
    {
      "type": "Feature",
      "geometry": {
        "type": "Point",
        "coordinates": [
          73.8875,
          13.715
        ]
      },
      "properties": {
        "place": "Suratakal Pt",
        "sector": "SEC004",
        "sector_name": "KARNATAKA",
        "dir": "NW",
        "direction": "NW",
        "bearing": 309,
        "distance": "52-57",
        "depth": "122-127",
        "lat_dms": "13 42 54 N",
        "lon_dms": "73 53 15 E",
        "suitability": "high",
        "timestamp": "2026-09-19T05:04:34.518125+00:00",
        "source": "incois_textdata",
        "zone_id": "SEC004_Suratakal_Pt_019"
      }
    },
    {
      "type": "Feature",
      "geometry": {
        "type": "Point",
        "coordinates": [
          73.88972,
          13.67194
        ]
      },
      "properties": {
        "place": "New Mangalore",
        "sector": "SEC004",
        "sector_name": "KARNATAKA",
        "dir": "NW",
        "direction": "NW",
        "bearing": 310,
        "distance": "50-55",
        "depth": "127-132",
        "lat_dms": "13 40 19 N",
        "lon_dms": "73 53 23 E",
        "suitability": "high",
        "timestamp": "2026-09-19T05:04:34.518125+00:00",
        "source": "incois_textdata",
        "zone_id": "SEC004_New_Mangalore_020"
      }
    },
    {
      "type": "Feature",
      "geometry": {
        "type": "Point",
        "coordinates": [
          73.88861,
          13.39417
        ]
      },
      "properties": {
        "place": "Kota",
        "sector": "SEC004",
        "sector_name": "KARNATAKA",
        "dir": "SW",
        "direction": "SW",
        "bearing": 262,
        "distance": "69-74",
        "depth": "85-90",
        "lat_dms": "13 23 39 N",
        "lon_dms": "73 53 19 E",
        "suitability": "high",
        "timestamp": "2026-09-19T05:04:34.518125+00:00",
        "source": "incois_textdata",
        "zone_id": "SEC004_Kota_021"
      }
    },
    {
      "type": "Feature",
      "geometry": {
        "type": "Point",
        "coordinates": [
          73.83972,
          13.33056
        ]
      },
      "properties": {
        "place": "Hangarkatta",
        "sector": "SEC004",
        "sector_name": "KARNATAKA",
        "dir": "SW",
        "direction": "SW",
        "bearing": 263,
        "distance": "68-73",
        "depth": "92-97",
        "lat_dms": "13 19 50 N",
        "lon_dms": "73 50 23 E",
        "suitability": "high",
        "timestamp": "2026-09-19T05:04:34.518125+00:00",
        "source": "incois_textdata",
        "zone_id": "SEC004_Hangarkatta_022"
      }
    },
    {
      "type": "Feature",
      "geometry": {
        "type": "Point",
        "coordinates": [
          73.76111,
          13.31778
        ]
      },
      "properties": {
        "place": "Coondapoor (gangoli)",
        "sector": "SEC004",
        "sector_name": "KARNATAKA",
        "dir": "SW",
        "direction": "SW",
        "bearing": 251,
        "distance": "67-72",
        "depth": "101-106",
        "lat_dms": "13 19 4 N",
        "lon_dms": "73 45 40 E",
        "suitability": "high",
        "timestamp": "2026-09-19T05:04:34.518125+00:00",
        "source": "incois_textdata",
        "zone_id": "SEC004_Coondapoor_(gangoli)_023"
      }
    },
    {
      "type": "Feature",
      "geometry": {
        "type": "Point",
        "coordinates": [
          73.71472,
          13.25278
        ]
      },
      "properties": {
        "place": "Gangoli",
        "sector": "SEC004",
        "sector_name": "KARNATAKA",
        "dir": "SW",
        "direction": "SW",
        "bearing": 246,
        "distance": "70-75",
        "depth": "109-114",
        "lat_dms": "13 15 10 N",
        "lon_dms": "73 42 53 E",
        "suitability": "high",
        "timestamp": "2026-09-19T05:04:34.518125+00:00",
        "source": "incois_textdata",
        "zone_id": "SEC004_Gangoli_024"
      }
    },
    {
      "type": "Feature",
      "geometry": {
        "type": "Point",
        "coordinates": [
          73.655,
          13.04167
        ]
      },
      "properties": {
        "place": "Malpe",
        "sector": "SEC004",
        "sector_name": "KARNATAKA",
        "dir": "SW",
        "direction": "SW",
        "bearing": 253,
        "distance": "857-862",
        "depth": "114-119",
        "lat_dms": "13 2 30 N",
        "lon_dms": "73 39 18 E",
        "suitability": "high",
        "timestamp": "2026-09-19T05:04:34.518125+00:00",
        "source": "incois_textdata",
        "zone_id": "SEC004_Malpe_025"
      }
    },
    {
      "type": "Feature",
      "geometry": {
        "type": "Point",
        "coordinates": [
          73.70194,
          13.0125
        ]
      },
      "properties": {
        "place": "Udiyavara",
        "sector": "SEC004",
        "sector_name": "KARNATAKA",
        "dir": "SW",
        "direction": "SW",
        "bearing": 254,
        "distance": "613-618",
        "depth": "112-117",
        "lat_dms": "13 0 45 N",
        "lon_dms": "73 42 7 E",
        "suitability": "high",
        "timestamp": "2026-09-19T05:04:34.518125+00:00",
        "source": "incois_textdata",
        "zone_id": "SEC004_Udiyavara_026"
      }
    },
    {
      "type": "Feature",
      "geometry": {
        "type": "Point",
        "coordinates": [
          73.74222,
          12.97417
        ]
      },
      "properties": {
        "place": "Kapu",
        "sector": "SEC004",
        "sector_name": "KARNATAKA",
        "dir": "SW",
        "direction": "SW",
        "bearing": 256,
        "distance": "849-854",
        "depth": "109-114",
        "lat_dms": "12 58 27 N",
        "lon_dms": "73 44 32 E",
        "suitability": "high",
        "timestamp": "2026-09-19T05:04:34.518125+00:00",
        "source": "incois_textdata",
        "zone_id": "SEC004_Kapu_027"
      }
    },
    {
      "type": "Feature",
      "geometry": {
        "type": "Point",
        "coordinates": [
          73.76056,
          12.92167
        ]
      },
      "properties": {
        "place": "Hosabettu-Udaivar",
        "sector": "SEC004",
        "sector_name": "KARNATAKA",
        "dir": "SW",
        "direction": "SW",
        "bearing": 263,
        "distance": "781-786",
        "depth": "109-114",
        "lat_dms": "12 55 18 N",
        "lon_dms": "73 45 38 E",
        "suitability": "high",
        "timestamp": "2026-09-19T05:04:34.518125+00:00",
        "source": "incois_textdata",
        "zone_id": "SEC004_Hosabettu-Udaivar_028"
      }
    },
    {
      "type": "Feature",
      "geometry": {
        "type": "Point",
        "coordinates": [
          74.37333,
          12.74778
        ]
      },
      "properties": {
        "place": "Kunzhathur",
        "sector": "SEC005",
        "sector_name": "KERALA",
        "dir": "NW",
        "direction": "NW",
        "bearing": 271,
        "distance": "65-70",
        "depth": "52-57",
        "lat_dms": "12 44 52 N",
        "lon_dms": "74 22 24 E",
        "suitability": "high",
        "timestamp": "2026-09-19T05:04:34.915835+00:00",
        "source": "incois_textdata",
        "zone_id": "SEC005_Kunzhathur_000"
      }
    },
    {
      "type": "Feature",
      "geometry": {
        "type": "Point",
        "coordinates": [
          74.36694,
          12.72194
        ]
      },
      "properties": {
        "place": "Manjeshwara",
        "sector": "SEC005",
        "sector_name": "KERALA",
        "dir": "NW",
        "direction": "NW",
        "bearing": 271,
        "distance": "65-70",
        "depth": "55-60",
        "lat_dms": "12 43 19 N",
        "lon_dms": "74 22 1 E",
        "suitability": "high",
        "timestamp": "2026-09-19T05:04:34.915835+00:00",
        "source": "incois_textdata",
        "zone_id": "SEC005_Manjeshwara_001"
      }
    },
    {
      "type": "Feature",
      "geometry": {
        "type": "Point",
        "coordinates": [
          74.37028,
          12.69556
        ]
      },
      "properties": {
        "place": "Uppala",
        "sector": "SEC005",
        "sector_name": "KERALA",
        "dir": "NW",
        "direction": "NW",
        "bearing": 272,
        "distance": "70-75",
        "depth": "55-60",
        "lat_dms": "12 41 44 N",
        "lon_dms": "74 22 13 E",
        "suitability": "high",
        "timestamp": "2026-09-19T05:04:34.915835+00:00",
        "source": "incois_textdata",
        "zone_id": "SEC005_Uppala_002"
      }
    },
    {
      "type": "Feature",
      "geometry": {
        "type": "Point",
        "coordinates": [
          74.37972,
          12.67083
        ]
      },
      "properties": {
        "place": "Arikkadi",
        "sector": "SEC005",
        "sector_name": "KERALA",
        "dir": "NW",
        "direction": "NW",
        "bearing": 276,
        "distance": "82-87",
        "depth": "58-63",
        "lat_dms": "12 40 15 N",
        "lon_dms": "74 22 47 E",
        "suitability": "high",
        "timestamp": "2026-09-19T05:04:34.915835+00:00",
        "source": "incois_textdata",
        "zone_id": "SEC005_Arikkadi_003"
      }
    },
    {
      "type": "Feature",
      "geometry": {
        "type": "Point",
        "coordinates": [
          74.39611,
          12.64972
        ]
      },
      "properties": {
        "place": "Kumbla",
        "sector": "SEC005",
        "sector_name": "KERALA",
        "dir": "NW",
        "direction": "NW",
        "bearing": 275,
        "distance": "88-93",
        "depth": "57-62",
        "lat_dms": "12 38 59 N",
        "lon_dms": "74 23 46 E",
        "suitability": "high",
        "timestamp": "2026-09-19T05:04:34.915835+00:00",
        "source": "incois_textdata",
        "zone_id": "SEC005_Kumbla_004"
      }
    },
    {
      "type": "Feature",
      "geometry": {
        "type": "Point",
        "coordinates": [
          74.41694,
          12.63333
        ]
      },
      "properties": {
        "place": "Koipadi",
        "sector": "SEC005",
        "sector_name": "KERALA",
        "dir": "NW",
        "direction": "NW",
        "bearing": 275,
        "distance": "79-84",
        "depth": "54-59",
        "lat_dms": "12 38 0 N",
        "lon_dms": "74 25 1 E",
        "suitability": "high",
        "timestamp": "2026-09-19T05:04:34.915835+00:00",
        "source": "incois_textdata",
        "zone_id": "SEC005_Koipadi_005"
      }
    },
    {
      "type": "Feature",
      "geometry": {
        "type": "Point",
        "coordinates": [
          74.42472,
          12.60833
        ]
      },
      "properties": {
        "place": "Mogral",
        "sector": "SEC005",
        "sector_name": "KERALA",
        "dir": "NW",
        "direction": "NW",
        "bearing": 275,
        "distance": "74-79",
        "depth": "55-60",
        "lat_dms": "12 36 30 N",
        "lon_dms": "74 25 29 E",
        "suitability": "high",
        "timestamp": "2026-09-19T05:04:34.915835+00:00",
        "source": "incois_textdata",
        "zone_id": "SEC005_Mogral_006"
      }
    },
    {
      "type": "Feature",
      "geometry": {
        "type": "Point",
        "coordinates": [
          74.42444,
          12.58167
        ]
      },
      "properties": {
        "place": "Adakathbail",
        "sector": "SEC005",
        "sector_name": "KERALA",
        "dir": "NW",
        "direction": "NW",
        "bearing": 277,
        "distance": "71-76",
        "depth": "57-62",
        "lat_dms": "12 34 54 N",
        "lon_dms": "74 25 28 E",
        "suitability": "high",
        "timestamp": "2026-09-19T05:04:34.915835+00:00",
        "source": "incois_textdata",
        "zone_id": "SEC005_Adakathbail_007"
      }
    },
    {
      "type": "Feature",
      "geometry": {
        "type": "Point",
        "coordinates": [
          74.42528,
          12.555
        ]
      },
      "properties": {
        "place": "Kasaragod",
        "sector": "SEC005",
        "sector_name": "KERALA",
        "dir": "NW",
        "direction": "NW",
        "bearing": 276,
        "distance": "70-75",
        "depth": "58-63",
        "lat_dms": "12 33 18 N",
        "lon_dms": "74 25 31 E",
        "suitability": "high",
        "timestamp": "2026-09-19T05:04:34.915835+00:00",
        "source": "incois_textdata",
        "zone_id": "SEC005_Kasaragod_008"
      }
    },
    {
      "type": "Feature",
      "geometry": {
        "type": "Point",
        "coordinates": [
          74.43389,
          12.52972
        ]
      },
      "properties": {
        "place": "ThalangarJetty",
        "sector": "SEC005",
        "sector_name": "KERALA",
        "dir": "NW",
        "direction": "NW",
        "bearing": 275,
        "distance": "79-84",
        "depth": "58-63",
        "lat_dms": "12 31 47 N",
        "lon_dms": "74 26 2 E",
        "suitability": "high",
        "timestamp": "2026-09-19T05:04:34.915835+00:00",
        "source": "incois_textdata",
        "zone_id": "SEC005_ThalangarJetty_009"
      }
    },
    {
      "type": "Feature",
      "geometry": {
        "type": "Point",
        "coordinates": [
          74.49583,
          12.43889
        ]
      },
      "properties": {
        "place": "Kotikulam",
        "sector": "SEC005",
        "sector_name": "KERALA",
        "dir": "NW",
        "direction": "NW",
        "bearing": 272,
        "distance": "80-85",
        "depth": "54-59",
        "lat_dms": "12 26 20 N",
        "lon_dms": "74 29 45 E",
        "suitability": "high",
        "timestamp": "2026-09-19T05:04:34.915835+00:00",
        "source": "incois_textdata",
        "zone_id": "SEC005_Kotikulam_010"
      }
    },
    {
      "type": "Feature",
      "geometry": {
        "type": "Point",
        "coordinates": [
          74.49639,
          12.41833
        ]
      },
      "properties": {
        "place": "Bekal",
        "sector": "SEC005",
        "sector_name": "KERALA",
        "dir": "NW",
        "direction": "NW",
        "bearing": 273,
        "distance": "84-89",
        "depth": "56-61",
        "lat_dms": "12 25 6 N",
        "lon_dms": "74 29 47 E",
        "suitability": "high",
        "timestamp": "2026-09-19T05:04:34.915835+00:00",
        "source": "incois_textdata",
        "zone_id": "SEC005_Bekal_011"
      }
    },
    {
      "type": "Feature",
      "geometry": {
        "type": "Point",
        "coordinates": [
          74.50361,
          12.39944
        ]
      },
      "properties": {
        "place": "Pallikere",
        "sector": "SEC005",
        "sector_name": "KERALA",
        "dir": "NW",
        "direction": "NW",
        "bearing": 271,
        "distance": "86-91",
        "depth": "56-61",
        "lat_dms": "12 23 58 N",
        "lon_dms": "74 30 13 E",
        "suitability": "high",
        "timestamp": "2026-09-19T05:04:34.915835+00:00",
        "source": "incois_textdata",
        "zone_id": "SEC005_Pallikere_012"
      }
    },
    {
      "type": "Feature",
      "geometry": {
        "type": "Point",
        "coordinates": [
          74.51889,
          12.38583
        ]
      },
      "properties": {
        "place": "Chittari",
        "sector": "SEC005",
        "sector_name": "KERALA",
        "dir": "NW",
        "direction": "NW",
        "bearing": 273,
        "distance": "74-79",
        "depth": "56-61",
        "lat_dms": "12 23 9 N",
        "lon_dms": "74 31 8 E",
        "suitability": "high",
        "timestamp": "2026-09-19T05:04:34.915835+00:00",
        "source": "incois_textdata",
        "zone_id": "SEC005_Chittari_013"
      }
    },
    {
      "type": "Feature",
      "geometry": {
        "type": "Point",
        "coordinates": [
          74.53639,
          12.37528
        ]
      },
      "properties": {
        "place": "Ajanoor-N-Bella",
        "sector": "SEC005",
        "sector_name": "KERALA",
        "dir": "NW",
        "direction": "NW",
        "bearing": 275,
        "distance": "64-69",
        "depth": "56-61",
        "lat_dms": "12 22 31 N",
        "lon_dms": "74 32 11 E",
        "suitability": "high",
        "timestamp": "2026-09-19T05:04:34.915835+00:00",
        "source": "incois_textdata",
        "zone_id": "SEC005_Ajanoor-N-Bella_014"
      }
    },
    {
      "type": "Feature",
      "geometry": {
        "type": "Point",
        "coordinates": [
          74.55306,
          12.36333
        ]
      },
      "properties": {
        "place": "Hosdrug",
        "sector": "SEC005",
        "sector_name": "KERALA",
        "dir": "NW",
        "direction": "NW",
        "bearing": 276,
        "distance": "64-69",
        "depth": "55-60",
        "lat_dms": "12 21 48 N",
        "lon_dms": "74 33 11 E",
        "suitability": "high",
        "timestamp": "2026-09-19T05:04:34.915835+00:00",
        "source": "incois_textdata",
        "zone_id": "SEC005_Hosdrug_015"
      }
    },
    {
      "type": "Feature",
      "geometry": {
        "type": "Point",
        "coordinates": [
          74.56556,
          12.34722
        ]
      },
      "properties": {
        "place": "Nileswaram",
        "sector": "SEC005",
        "sector_name": "KERALA",
        "dir": "NW",
        "direction": "NW",
        "bearing": 280,
        "distance": "73-78",
        "depth": "56-61",
        "lat_dms": "12 20 50 N",
        "lon_dms": "74 33 56 E",
        "suitability": "high",
        "timestamp": "2026-09-19T05:04:34.915835+00:00",
        "source": "incois_textdata",
        "zone_id": "SEC005_Nileswaram_016"
      }
    },
    {
      "type": "Feature",
      "geometry": {
        "type": "Point",
        "coordinates": [
          74.5725,
          12.32861
        ]
      },
      "properties": {
        "place": "Thaikadappuram",
        "sector": "SEC005",
        "sector_name": "KERALA",
        "dir": "NW",
        "direction": "NW",
        "bearing": 281,
        "distance": "78-83",
        "depth": "57-62",
        "lat_dms": "12 19 43 N",
        "lon_dms": "74 34 21 E",
        "suitability": "high",
        "timestamp": "2026-09-19T05:04:34.915835+00:00",
        "source": "incois_textdata",
        "zone_id": "SEC005_Thaikadappuram_017"
      }
    },
    {
      "type": "Feature",
      "geometry": {
        "type": "Point",
        "coordinates": [
          74.58083,
          12.31222
        ]
      },
      "properties": {
        "place": "BadagaraAzhithala",
        "sector": "SEC005",
        "sector_name": "KERALA",
        "dir": "NW",
        "direction": "NW",
        "bearing": 282,
        "distance": "80-85",
        "depth": "57-62",
        "lat_dms": "12 18 44 N",
        "lon_dms": "74 34 51 E",
        "suitability": "high",
        "timestamp": "2026-09-19T05:04:34.915835+00:00",
        "source": "incois_textdata",
        "zone_id": "SEC005_BadagaraAzhithala_018"
      }
    },
    {
      "type": "Feature",
      "geometry": {
        "type": "Point",
        "coordinates": [
          74.58444,
          12.29222
        ]
      },
      "properties": {
        "place": "CheruvathurFH",
        "sector": "SEC005",
        "sector_name": "KERALA",
        "dir": "NW",
        "direction": "NW",
        "bearing": 278,
        "distance": "80-85",
        "depth": "58-63",
        "lat_dms": "12 17 32 N",
        "lon_dms": "74 35 4 E",
        "suitability": "high",
        "timestamp": "2026-09-19T05:04:34.915835+00:00",
        "source": "incois_textdata",
        "zone_id": "SEC005_CheruvathurFH_019"
      }
    },
    {
      "type": "Feature",
      "geometry": {
        "type": "Point",
        "coordinates": [
          74.62944,
          12.20306
        ]
      },
      "properties": {
        "place": "Maniyat",
        "sector": "SEC005",
        "sector_name": "KERALA",
        "dir": "NW",
        "direction": "NW",
        "bearing": 274,
        "distance": "67-72",
        "depth": "52-57",
        "lat_dms": "12 12 11 N",
        "lon_dms": "74 37 46 E",
        "suitability": "high",
        "timestamp": "2026-09-19T05:04:34.915835+00:00",
        "source": "incois_textdata",
        "zone_id": "SEC005_Maniyat_020"
      }
    },
    {
      "type": "Feature",
      "geometry": {
        "type": "Point",
        "coordinates": [
          74.62194,
          12.17639
        ]
      },
      "properties": {
        "place": "Kavvayi",
        "sector": "SEC005",
        "sector_name": "KERALA",
        "dir": "NW",
        "direction": "NW",
        "bearing": 280,
        "distance": "71-76",
        "depth": "57-62",
        "lat_dms": "12 10 35 N",
        "lon_dms": "74 37 19 E",
        "suitability": "high",
        "timestamp": "2026-09-19T05:04:34.915835+00:00",
        "source": "incois_textdata",
        "zone_id": "SEC005_Kavvayi_021"
      }
    },
    {
      "type": "Feature",
      "geometry": {
        "type": "Point",
        "coordinates": [
          74.62444,
          12.14889
        ]
      },
      "properties": {
        "place": "Kunnariyam",
        "sector": "SEC005",
        "sector_name": "KERALA",
        "dir": "NW",
        "direction": "NW",
        "bearing": 281,
        "distance": "80-85",
        "depth": "60-65",
        "lat_dms": "12 8 56 N",
        "lon_dms": "74 37 28 E",
        "suitability": "high",
        "timestamp": "2026-09-19T05:04:34.915835+00:00",
        "source": "incois_textdata",
        "zone_id": "SEC005_Kunnariyam_022"
      }
    },
    {
      "type": "Feature",
      "geometry": {
        "type": "Point",
        "coordinates": [
          74.63361,
          12.12278
        ]
      },
      "properties": {
        "place": "Kotte Kunnu",
        "sector": "SEC005",
        "sector_name": "KERALA",
        "dir": "NW",
        "direction": "NW",
        "bearing": 282,
        "distance": "73-78",
        "depth": "61-66",
        "lat_dms": "12 7 22 N",
        "lon_dms": "74 38 1 E",
        "suitability": "high",
        "timestamp": "2026-09-19T05:04:34.915835+00:00",
        "source": "incois_textdata",
        "zone_id": "SEC005_Kotte_Kunnu_023"
      }
    },
    {
      "type": "Feature",
      "geometry": {
        "type": "Point",
        "coordinates": [
          74.6525,
          12.10278
        ]
      },
      "properties": {
        "place": "Ettikulam",
        "sector": "SEC005",
        "sector_name": "KERALA",
        "dir": "NW",
        "direction": "NW",
        "bearing": 280,
        "distance": "72-77",
        "depth": "59-64",
        "lat_dms": "12 6 10 N",
        "lon_dms": "74 39 9 E",
        "suitability": "high",
        "timestamp": "2026-09-19T05:04:34.915835+00:00",
        "source": "incois_textdata",
        "zone_id": "SEC005_Ettikulam_024"
      }
    },
    {
      "type": "Feature",
      "geometry": {
        "type": "Point",
        "coordinates": [
          74.67472,
          12.08611
        ]
      },
      "properties": {
        "place": "Azhikal",
        "sector": "SEC005",
        "sector_name": "KERALA",
        "dir": "NW",
        "direction": "NW",
        "bearing": 283,
        "distance": "74-79",
        "depth": "67-72",
        "lat_dms": "12 5 10 N",
        "lon_dms": "74 40 29 E",
        "suitability": "high",
        "timestamp": "2026-09-19T05:04:34.915835+00:00",
        "source": "incois_textdata",
        "zone_id": "SEC005_Azhikal_025"
      }
    },
    {
      "type": "Feature",
      "geometry": {
        "type": "Point",
        "coordinates": [
          74.68833,
          12.0625
        ]
      },
      "properties": {
        "place": "Koloth",
        "sector": "SEC005",
        "sector_name": "KERALA",
        "dir": "NW",
        "direction": "NW",
        "bearing": 280,
        "distance": "73-78",
        "depth": "66-71",
        "lat_dms": "12 3 45 N",
        "lon_dms": "74 41 18 E",
        "suitability": "high",
        "timestamp": "2026-09-19T05:04:34.915835+00:00",
        "source": "incois_textdata",
        "zone_id": "SEC005_Koloth_026"
      }
    },
    {
      "type": "Feature",
      "geometry": {
        "type": "Point",
        "coordinates": [
          74.68944,
          12.03472
        ]
      },
      "properties": {
        "place": "Azheecode",
        "sector": "SEC005",
        "sector_name": "KERALA",
        "dir": "NW",
        "direction": "NW",
        "bearing": 280,
        "distance": "71-76",
        "depth": "67-72",
        "lat_dms": "12 2 5 N",
        "lon_dms": "74 41 22 E",
        "suitability": "high",
        "timestamp": "2026-09-19T05:04:34.915835+00:00",
        "source": "incois_textdata",
        "zone_id": "SEC005_Azheecode_027"
      }
    },
    {
      "type": "Feature",
      "geometry": {
        "type": "Point",
        "coordinates": [
          74.68889,
          12.00722
        ]
      },
      "properties": {
        "place": "AzheecodeSouth",
        "sector": "SEC005",
        "sector_name": "KERALA",
        "dir": "NW",
        "direction": "NW",
        "bearing": 279,
        "distance": "62-67",
        "depth": "67-72",
        "lat_dms": "12 0 26 N",
        "lon_dms": "74 41 20 E",
        "suitability": "high",
        "timestamp": "2026-09-19T05:04:34.915835+00:00",
        "source": "incois_textdata",
        "zone_id": "SEC005_AzheecodeSouth_028"
      }
    },
    {
      "type": "Feature",
      "geometry": {
        "type": "Point",
        "coordinates": [
          74.69278,
          11.97972
        ]
      },
      "properties": {
        "place": "Valapattanam",
        "sector": "SEC005",
        "sector_name": "KERALA",
        "dir": "NW",
        "direction": "NW",
        "bearing": 274,
        "distance": "65-70",
        "depth": "69-74",
        "lat_dms": "11 58 47 N",
        "lon_dms": "74 41 34 E",
        "suitability": "high",
        "timestamp": "2026-09-19T05:04:34.915835+00:00",
        "source": "incois_textdata",
        "zone_id": "SEC005_Valapattanam_029"
      }
    },
    {
      "type": "Feature",
      "geometry": {
        "type": "Point",
        "coordinates": [
          74.74222,
          11.8725
        ]
      },
      "properties": {
        "place": "Kannur",
        "sector": "SEC005",
        "sector_name": "KERALA",
        "dir": "W",
        "direction": "W",
        "bearing": 270,
        "distance": "57-62",
        "depth": "64-69",
        "lat_dms": "11 52 21 N",
        "lon_dms": "74 44 32 E",
        "suitability": "high",
        "timestamp": "2026-09-19T05:04:34.915835+00:00",
        "source": "incois_textdata",
        "zone_id": "SEC005_Kannur_030"
      }
    },
    {
      "type": "Feature",
      "geometry": {
        "type": "Point",
        "coordinates": [
          74.74056,
          11.84361
        ]
      },
      "properties": {
        "place": "AyikkaraFH",
        "sector": "SEC005",
        "sector_name": "KERALA",
        "dir": "SW",
        "direction": "SW",
        "bearing": 269,
        "distance": "53-58",
        "depth": "67-72",
        "lat_dms": "11 50 37 N",
        "lon_dms": "74 44 26 E",
        "suitability": "high",
        "timestamp": "2026-09-19T05:04:34.915835+00:00",
        "source": "incois_textdata",
        "zone_id": "SEC005_AyikkaraFH_031"
      }
    },
    {
      "type": "Feature",
      "geometry": {
        "type": "Point",
        "coordinates": [
          74.74528,
          11.81528
        ]
      },
      "properties": {
        "place": "Edakkad",
        "sector": "SEC005",
        "sector_name": "KERALA",
        "dir": "NW",
        "direction": "NW",
        "bearing": 271,
        "distance": "41-46",
        "depth": "72-77",
        "lat_dms": "11 48 55 N",
        "lon_dms": "74 44 43 E",
        "suitability": "high",
        "timestamp": "2026-09-19T05:04:34.915835+00:00",
        "source": "incois_textdata",
        "zone_id": "SEC005_Edakkad_032"
      }
    },
    {
      "type": "Feature",
      "geometry": {
        "type": "Point",
        "coordinates": [
          74.75583,
          11.78861
        ]
      },
      "properties": {
        "place": "Muzhuppilangad",
        "sector": "SEC005",
        "sector_name": "KERALA",
        "dir": "SW",
        "direction": "SW",
        "bearing": 269,
        "distance": "40-45",
        "depth": "72-77",
        "lat_dms": "11 47 19 N",
        "lon_dms": "74 45 21 E",
        "suitability": "high",
        "timestamp": "2026-09-19T05:04:34.915835+00:00",
        "source": "incois_textdata",
        "zone_id": "SEC005_Muzhuppilangad_033"
      }
    },
    {
      "type": "Feature",
      "geometry": {
        "type": "Point",
        "coordinates": [
          74.77722,
          11.77
        ]
      },
      "properties": {
        "place": "Tellicherry",
        "sector": "SEC005",
        "sector_name": "KERALA",
        "dir": "NW",
        "direction": "NW",
        "bearing": 272,
        "distance": "52-57",
        "depth": "75-80",
        "lat_dms": "11 46 12 N",
        "lon_dms": "74 46 38 E",
        "suitability": "high",
        "timestamp": "2026-09-19T05:04:34.915835+00:00",
        "source": "incois_textdata",
        "zone_id": "SEC005_Tellicherry_034"
      }
    },
    {
      "type": "Feature",
      "geometry": {
        "type": "Point",
        "coordinates": [
          74.79972,
          11.7525
        ]
      },
      "properties": {
        "place": "NewMahe",
        "sector": "SEC005",
        "sector_name": "KERALA",
        "dir": "NW",
        "direction": "NW",
        "bearing": 272,
        "distance": "64-69",
        "depth": "74-79",
        "lat_dms": "11 45 9 N",
        "lon_dms": "74 47 59 E",
        "suitability": "high",
        "timestamp": "2026-09-19T05:04:34.915835+00:00",
        "source": "incois_textdata",
        "zone_id": "SEC005_NewMahe_035"
      }
    },
    {
      "type": "Feature",
      "geometry": {
        "type": "Point",
        "coordinates": [
          74.81472,
          11.72806
        ]
      },
      "properties": {
        "place": "ChombalaFH",
        "sector": "SEC005",
        "sector_name": "KERALA",
        "dir": "NW",
        "direction": "NW",
        "bearing": 275,
        "distance": "76-81",
        "depth": "78-83",
        "lat_dms": "11 43 41 N",
        "lon_dms": "74 48 53 E",
        "suitability": "high",
        "timestamp": "2026-09-19T05:04:34.915835+00:00",
        "source": "incois_textdata",
        "zone_id": "SEC005_ChombalaFH_036"
      }
    },
    {
      "type": "Feature",
      "geometry": {
        "type": "Point",
        "coordinates": [
          74.82528,
          11.70139
        ]
      },
      "properties": {
        "place": "Uralungal",
        "sector": "SEC005",
        "sector_name": "KERALA",
        "dir": "NW",
        "direction": "NW",
        "bearing": 275,
        "distance": "88-93",
        "depth": "78-83",
        "lat_dms": "11 42 5 N",
        "lon_dms": "74 49 31 E",
        "suitability": "high",
        "timestamp": "2026-09-19T05:04:34.915835+00:00",
        "source": "incois_textdata",
        "zone_id": "SEC005_Uralungal_037"
      }
    },
    {
      "type": "Feature",
      "geometry": {
        "type": "Point",
        "coordinates": [
          74.82694,
          11.67278
        ]
      },
      "properties": {
        "place": "Nalliyankara",
        "sector": "SEC005",
        "sector_name": "KERALA",
        "dir": "NW",
        "direction": "NW",
        "bearing": 275,
        "distance": "83-88",
        "depth": "79-84",
        "lat_dms": "11 40 22 N",
        "lon_dms": "74 49 37 E",
        "suitability": "high",
        "timestamp": "2026-09-19T05:04:34.915835+00:00",
        "source": "incois_textdata",
        "zone_id": "SEC005_Nalliyankara_038"
      }
    },
    {
      "type": "Feature",
      "geometry": {
        "type": "Point",
        "coordinates": [
          74.83833,
          11.64667
        ]
      },
      "properties": {
        "place": "Badagara",
        "sector": "SEC005",
        "sector_name": "KERALA",
        "dir": "NW",
        "direction": "NW",
        "bearing": 275,
        "distance": "89-94",
        "depth": "78-83",
        "lat_dms": "11 38 48 N",
        "lon_dms": "74 50 18 E",
        "suitability": "high",
        "timestamp": "2026-09-19T05:04:34.915835+00:00",
        "source": "incois_textdata",
        "zone_id": "SEC005_Badagara_039"
      }
    },
    {
      "type": "Feature",
      "geometry": {
        "type": "Point",
        "coordinates": [
          74.87861,
          11.57306
        ]
      },
      "properties": {
        "place": "Puduppanam",
        "sector": "SEC005",
        "sector_name": "KERALA",
        "dir": "W",
        "direction": "W",
        "bearing": 270,
        "distance": "64-69",
        "depth": "76-81",
        "lat_dms": "11 34 23 N",
        "lon_dms": "74 52 43 E",
        "suitability": "high",
        "timestamp": "2026-09-19T05:04:34.915835+00:00",
        "source": "incois_textdata",
        "zone_id": "SEC005_Puduppanam_040"
      }
    },
    {
      "type": "Feature",
      "geometry": {
        "type": "Point",
        "coordinates": [
          74.87806,
          11.55
        ]
      },
      "properties": {
        "place": "Kottakkal",
        "sector": "SEC005",
        "sector_name": "KERALA",
        "dir": "SW",
        "direction": "SW",
        "bearing": 269,
        "distance": "57-62",
        "depth": "76-81",
        "lat_dms": "11 33 0 N",
        "lon_dms": "74 52 41 E",
        "suitability": "high",
        "timestamp": "2026-09-19T05:04:34.915835+00:00",
        "source": "incois_textdata",
        "zone_id": "SEC005_Kottakkal_041"
      }
    },
    {
      "type": "Feature",
      "geometry": {
        "type": "Point",
        "coordinates": [
          74.88528,
          11.52833
        ]
      },
      "properties": {
        "place": "Kizhur",
        "sector": "SEC005",
        "sector_name": "KERALA",
        "dir": "NW",
        "direction": "NW",
        "bearing": 271,
        "distance": "51-56",
        "depth": "76-81",
        "lat_dms": "11 31 42 N",
        "lon_dms": "74 53 7 E",
        "suitability": "high",
        "timestamp": "2026-09-19T05:04:34.915835+00:00",
        "source": "incois_textdata",
        "zone_id": "SEC005_Kizhur_042"
      }
    },
    {
      "type": "Feature",
      "geometry": {
        "type": "Point",
        "coordinates": [
          74.89917,
          11.51
        ]
      },
      "properties": {
        "place": "Tikkoti",
        "sector": "SEC005",
        "sector_name": "KERALA",
        "dir": "NW",
        "direction": "NW",
        "bearing": 272,
        "distance": "46-51",
        "depth": "76-81",
        "lat_dms": "11 30 36 N",
        "lon_dms": "74 53 57 E",
        "suitability": "high",
        "timestamp": "2026-09-19T05:04:34.915835+00:00",
        "source": "incois_textdata",
        "zone_id": "SEC005_Tikkoti_043"
      }
    },
    {
      "type": "Feature",
      "geometry": {
        "type": "Point",
        "coordinates": [
          74.91972,
          11.50111
        ]
      },
      "properties": {
        "place": "Moodady",
        "sector": "SEC005",
        "sector_name": "KERALA",
        "dir": "NW",
        "direction": "NW",
        "bearing": 272,
        "distance": "48-53",
        "depth": "74-79",
        "lat_dms": "11 30 4 N",
        "lon_dms": "74 55 11 E",
        "suitability": "high",
        "timestamp": "2026-09-19T05:04:34.915835+00:00",
        "source": "incois_textdata",
        "zone_id": "SEC005_Moodady_044"
      }
    },
    {
      "type": "Feature",
      "geometry": {
        "type": "Point",
        "coordinates": [
          74.93861,
          11.48889
        ]
      },
      "properties": {
        "place": "Thikkodi(Kodikkal)",
        "sector": "SEC005",
        "sector_name": "KERALA",
        "dir": "NW",
        "direction": "NW",
        "bearing": 271,
        "distance": "58-63",
        "depth": "72-77",
        "lat_dms": "11 29 20 N",
        "lon_dms": "74 56 19 E",
        "suitability": "high",
        "timestamp": "2026-09-19T05:04:34.915835+00:00",
        "source": "incois_textdata",
        "zone_id": "SEC005_Thikkodi(Kodikkal)_045"
      }
    },
    {
      "type": "Feature",
      "geometry": {
        "type": "Point",
        "coordinates": [
          74.94861,
          11.46806
        ]
      },
      "properties": {
        "place": "Kadalur Pt",
        "sector": "SEC005",
        "sector_name": "KERALA",
        "dir": "W",
        "direction": "W",
        "bearing": 270,
        "distance": "71-76",
        "depth": "72-77",
        "lat_dms": "11 28 5 N",
        "lon_dms": "74 56 55 E",
        "suitability": "high",
        "timestamp": "2026-09-19T05:04:34.915835+00:00",
        "source": "incois_textdata",
        "zone_id": "SEC005_Kadalur_Pt_046"
      }
    },
    {
      "type": "Feature",
      "geometry": {
        "type": "Point",
        "coordinates": [
          74.95444,
          11.44583
        ]
      },
      "properties": {
        "place": "Quilandy/Koloth(Defunct)",
        "sector": "SEC005",
        "sector_name": "KERALA",
        "dir": "SW",
        "direction": "SW",
        "bearing": 269,
        "distance": "81-86",
        "depth": "75-80",
        "lat_dms": "11 26 45 N",
        "lon_dms": "74 57 16 E",
        "suitability": "high",
        "timestamp": "2026-09-19T05:04:34.915835+00:00",
        "source": "incois_textdata",
        "zone_id": "SEC005_Quilandy/Koloth(Defunct)_047"
      }
    },
    {
      "type": "Feature",
      "geometry": {
        "type": "Point",
        "coordinates": [
          74.95639,
          11.42306
        ]
      },
      "properties": {
        "place": "Kollam",
        "sector": "SEC005",
        "sector_name": "KERALA",
        "dir": "SW",
        "direction": "SW",
        "bearing": 268,
        "distance": "73-78",
        "depth": "76-81",
        "lat_dms": "11 25 23 N",
        "lon_dms": "74 57 23 E",
        "suitability": "high",
        "timestamp": "2026-09-19T05:04:34.915835+00:00",
        "source": "incois_textdata",
        "zone_id": "SEC005_Kollam_048"
      }
    },
    {
      "type": "Feature",
      "geometry": {
        "type": "Point",
        "coordinates": [
          74.95528,
          11.4
        ]
      },
      "properties": {
        "place": "Poilkavu",
        "sector": "SEC005",
        "sector_name": "KERALA",
        "dir": "SW",
        "direction": "SW",
        "bearing": 269,
        "distance": "68-73",
        "depth": "79-84",
        "lat_dms": "11 24 0 N",
        "lon_dms": "74 57 19 E",
        "suitability": "high",
        "timestamp": "2026-09-19T05:04:34.915835+00:00",
        "source": "incois_textdata",
        "zone_id": "SEC005_Poilkavu_049"
      }
    },
    {
      "type": "Feature",
      "geometry": {
        "type": "Point",
        "coordinates": [
          74.96278,
          11.31417
        ]
      },
      "properties": {
        "place": "Chemancheri",
        "sector": "SEC005",
        "sector_name": "KERALA",
        "dir": "SW",
        "direction": "SW",
        "bearing": 264,
        "distance": "89-94",
        "depth": "80-85",
        "lat_dms": "11 18 51 N",
        "lon_dms": "74 57 46 E",
        "suitability": "high",
        "timestamp": "2026-09-19T05:04:34.915835+00:00",
        "source": "incois_textdata",
        "zone_id": "SEC005_Chemancheri_050"
      }
    },
    {
      "type": "Feature",
      "geometry": {
        "type": "Point",
        "coordinates": [
          74.96167,
          11.29028
        ]
      },
      "properties": {
        "place": "Kappad",
        "sector": "SEC005",
        "sector_name": "KERALA",
        "dir": "SW",
        "direction": "SW",
        "bearing": 263,
        "distance": "82-87",
        "depth": "81-86",
        "lat_dms": "11 17 25 N",
        "lon_dms": "74 57 42 E",
        "suitability": "high",
        "timestamp": "2026-09-19T05:04:34.915835+00:00",
        "source": "incois_textdata",
        "zone_id": "SEC005_Kappad_051"
      }
    },
    {
      "type": "Feature",
      "geometry": {
        "type": "Point",
        "coordinates": [
          74.96,
          11.26611
        ]
      },
      "properties": {
        "place": "Elathur",
        "sector": "SEC005",
        "sector_name": "KERALA",
        "dir": "SW",
        "direction": "SW",
        "bearing": 264,
        "distance": "96-101",
        "depth": "82-87",
        "lat_dms": "11 15 58 N",
        "lon_dms": "74 57 36 E",
        "suitability": "high",
        "timestamp": "2026-09-19T05:04:34.915835+00:00",
        "source": "incois_textdata",
        "zone_id": "SEC005_Elathur_052"
      }
    },
    {
      "type": "Feature",
      "geometry": {
        "type": "Point",
        "coordinates": [
          74.96556,
          11.24278
        ]
      },
      "properties": {
        "place": "PuthiyappaFH",
        "sector": "SEC005",
        "sector_name": "KERALA",
        "dir": "SW",
        "direction": "SW",
        "bearing": 264,
        "distance": "113-118",
        "depth": "83-88",
        "lat_dms": "11 14 34 N",
        "lon_dms": "74 57 56 E",
        "suitability": "high",
        "timestamp": "2026-09-19T05:04:34.915835+00:00",
        "source": "incois_textdata",
        "zone_id": "SEC005_PuthiyappaFH_053"
      }
    },
    {
      "type": "Feature",
      "geometry": {
        "type": "Point",
        "coordinates": [
          74.97778,
          11.22278
        ]
      },
      "properties": {
        "place": "Puthengadi/Paravanna",
        "sector": "SEC005",
        "sector_name": "KERALA",
        "dir": "SW",
        "direction": "SW",
        "bearing": 264,
        "distance": "86-91",
        "depth": "82-87",
        "lat_dms": "11 13 22 N",
        "lon_dms": "74 58 40 E",
        "suitability": "high",
        "timestamp": "2026-09-19T05:04:34.915835+00:00",
        "source": "incois_textdata",
        "zone_id": "SEC005_Puthengadi/Paravanna_054"
      }
    },
    {
      "type": "Feature",
      "geometry": {
        "type": "Point",
        "coordinates": [
          75.0,
          11.21333
        ]
      },
      "properties": {
        "place": "Kunduparabu",
        "sector": "SEC005",
        "sector_name": "KERALA",
        "dir": "SW",
        "direction": "SW",
        "bearing": 264,
        "distance": "89-94",
        "depth": "80-85",
        "lat_dms": "11 12 48 N",
        "lon_dms": "75 0 0 E",
        "suitability": "high",
        "timestamp": "2026-09-19T05:04:34.915835+00:00",
        "source": "incois_textdata",
        "zone_id": "SEC005_Kunduparabu_055"
      }
    },
    {
      "type": "Feature",
      "geometry": {
        "type": "Point",
        "coordinates": [
          75.01778,
          11.1975
        ]
      },
      "properties": {
        "place": "Nadakkavu",
        "sector": "SEC005",
        "sector_name": "KERALA",
        "dir": "SW",
        "direction": "SW",
        "bearing": 264,
        "distance": "117-122",
        "depth": "79-84",
        "lat_dms": "11 11 51 N",
        "lon_dms": "75 1 4 E",
        "suitability": "high",
        "timestamp": "2026-09-19T05:04:34.915835+00:00",
        "source": "incois_textdata",
        "zone_id": "SEC005_Nadakkavu_056"
      }
    },
    {
      "type": "Feature",
      "geometry": {
        "type": "Point",
        "coordinates": [
          75.02694,
          11.17583
        ]
      },
      "properties": {
        "place": "Vellayil",
        "sector": "SEC005",
        "sector_name": "KERALA",
        "dir": "SW",
        "direction": "SW",
        "bearing": 263,
        "distance": "141-146",
        "depth": "78-83",
        "lat_dms": "11 10 33 N",
        "lon_dms": "75 1 37 E",
        "suitability": "high",
        "timestamp": "2026-09-19T05:04:34.915835+00:00",
        "source": "incois_textdata",
        "zone_id": "SEC005_Vellayil_057"
      }
    },
    {
      "type": "Feature",
      "geometry": {
        "type": "Point",
        "coordinates": [
          75.04639,
          11.16167
        ]
      },
      "properties": {
        "place": "Calicut",
        "sector": "SEC005",
        "sector_name": "KERALA",
        "dir": "SW",
        "direction": "SW",
        "bearing": 262,
        "distance": "130-135",
        "depth": "77-82",
        "lat_dms": "11 9 42 N",
        "lon_dms": "75 2 47 E",
        "suitability": "high",
        "timestamp": "2026-09-19T05:04:34.915835+00:00",
        "source": "incois_textdata",
        "zone_id": "SEC005_Calicut_058"
      }
    },
    {
      "type": "Feature",
      "geometry": {
        "type": "Point",
        "coordinates": [
          75.06944,
          11.15583
        ]
      },
      "properties": {
        "place": "VadakkeKadappuram",
        "sector": "SEC005",
        "sector_name": "KERALA",
        "dir": "SW",
        "direction": "SW",
        "bearing": 264,
        "distance": "93-98",
        "depth": "75-80",
        "lat_dms": "11 9 21 N",
        "lon_dms": "75 4 10 E",
        "suitability": "high",
        "timestamp": "2026-09-19T05:04:34.915835+00:00",
        "source": "incois_textdata",
        "zone_id": "SEC005_VadakkeKadappuram_059"
      }
    },
    {
      "type": "Feature",
      "geometry": {
        "type": "Point",
        "coordinates": [
          75.21306,
          11.12639
        ]
      },
      "properties": {
        "place": "BeyporeFH",
        "sector": "SEC005",
        "sector_name": "KERALA",
        "dir": "SW",
        "direction": "SW",
        "bearing": 265,
        "distance": "54-59",
        "depth": "61-66",
        "lat_dms": "11 7 35 N",
        "lon_dms": "75 12 47 E",
        "suitability": "high",
        "timestamp": "2026-09-19T05:04:34.915835+00:00",
        "source": "incois_textdata",
        "zone_id": "SEC005_BeyporeFH_060"
      }
    },
    {
      "type": "Feature",
      "geometry": {
        "type": "Point",
        "coordinates": [
          75.22417,
          11.10833
        ]
      },
      "properties": {
        "place": "Beypore",
        "sector": "SEC005",
        "sector_name": "KERALA",
        "dir": "SW",
        "direction": "SW",
        "bearing": 265,
        "distance": "56-61",
        "depth": "61-66",
        "lat_dms": "11 6 30 N",
        "lon_dms": "75 13 27 E",
        "suitability": "high",
        "timestamp": "2026-09-19T05:04:34.915835+00:00",
        "source": "incois_textdata",
        "zone_id": "SEC005_Beypore_061"
      }
    },
    {
      "type": "Feature",
      "geometry": {
        "type": "Point",
        "coordinates": [
          75.23722,
          11.09167
        ]
      },
      "properties": {
        "place": "Chaliyam",
        "sector": "SEC005",
        "sector_name": "KERALA",
        "dir": "SW",
        "direction": "SW",
        "bearing": 263,
        "distance": "69-74",
        "depth": "60-65",
        "lat_dms": "11 5 30 N",
        "lon_dms": "75 14 14 E",
        "suitability": "high",
        "timestamp": "2026-09-19T05:04:34.915835+00:00",
        "source": "incois_textdata",
        "zone_id": "SEC005_Chaliyam_062"
      }
    },
    {
      "type": "Feature",
      "geometry": {
        "type": "Point",
        "coordinates": [
          75.31694,
          11.08417
        ]
      },
      "properties": {
        "place": "Thanur",
        "sector": "SEC005",
        "sector_name": "KERALA",
        "dir": "NW",
        "direction": "NW",
        "bearing": 280,
        "distance": "60-65",
        "depth": "58-63",
        "lat_dms": "11 5 3 N",
        "lon_dms": "75 19 1 E",
        "suitability": "high",
        "timestamp": "2026-09-19T05:04:34.915835+00:00",
        "source": "incois_textdata",
        "zone_id": "SEC005_Thanur_063"
      }
    },
    {
      "type": "Feature",
      "geometry": {
        "type": "Point",
        "coordinates": [
          75.29583,
          11.08194
        ]
      },
      "properties": {
        "place": "Parapanangadi",
        "sector": "SEC005",
        "sector_name": "KERALA",
        "dir": "NW",
        "direction": "NW",
        "bearing": 273,
        "distance": "54-59",
        "depth": "58-63",
        "lat_dms": "11 4 55 N",
        "lon_dms": "75 17 45 E",
        "suitability": "high",
        "timestamp": "2026-09-19T05:04:34.915835+00:00",
        "source": "incois_textdata",
        "zone_id": "SEC005_Parapanangadi_064"
      }
    },
    {
      "type": "Feature",
      "geometry": {
        "type": "Point",
        "coordinates": [
          75.3375,
          11.07972
        ]
      },
      "properties": {
        "place": "Paravannangadi",
        "sector": "SEC005",
        "sector_name": "KERALA",
        "dir": "NW",
        "direction": "NW",
        "bearing": 289,
        "distance": "58-63",
        "depth": "61-66",
        "lat_dms": "11 4 47 N",
        "lon_dms": "75 20 15 E",
        "suitability": "high",
        "timestamp": "2026-09-19T05:04:34.915835+00:00",
        "source": "incois_textdata",
        "zone_id": "SEC005_Paravannangadi_065"
      }
    },
    {
      "type": "Feature",
      "geometry": {
        "type": "Point",
        "coordinates": [
          75.25417,
          11.07944
        ]
      },
      "properties": {
        "place": "Ramanattukara",
        "sector": "SEC005",
        "sector_name": "KERALA",
        "dir": "SW",
        "direction": "SW",
        "bearing": 263,
        "distance": "76-81",
        "depth": "59-64",
        "lat_dms": "11 4 46 N",
        "lon_dms": "75 15 15 E",
        "suitability": "high",
        "timestamp": "2026-09-19T05:04:34.915835+00:00",
        "source": "incois_textdata",
        "zone_id": "SEC005_Ramanattukara_066"
      }
    },
    {
      "type": "Feature",
      "geometry": {
        "type": "Point",
        "coordinates": [
          75.27528,
          11.07833
        ]
      },
      "properties": {
        "place": "Kadalundinagaram",
        "sector": "SEC005",
        "sector_name": "KERALA",
        "dir": "SW",
        "direction": "SW",
        "bearing": 265,
        "distance": "60-65",
        "depth": "59-64",
        "lat_dms": "11 4 42 N",
        "lon_dms": "75 16 31 E",
        "suitability": "high",
        "timestamp": "2026-09-19T05:04:34.915835+00:00",
        "source": "incois_textdata",
        "zone_id": "SEC005_Kadalundinagaram_067"
      }
    },
    {
      "type": "Feature",
      "geometry": {
        "type": "Point",
        "coordinates": [
          75.35472,
          11.06778
        ]
      },
      "properties": {
        "place": "Vakkad",
        "sector": "SEC005",
        "sector_name": "KERALA",
        "dir": "NW",
        "direction": "NW",
        "bearing": 290,
        "distance": "55-60",
        "depth": "60-65",
        "lat_dms": "11 4 4 N",
        "lon_dms": "75 21 17 E",
        "suitability": "high",
        "timestamp": "2026-09-19T05:04:34.915835+00:00",
        "source": "incois_textdata",
        "zone_id": "SEC005_Vakkad_068"
      }
    },
    {
      "type": "Feature",
      "geometry": {
        "type": "Point",
        "coordinates": [
          75.36556,
          11.05
        ]
      },
      "properties": {
        "place": "Koottayi",
        "sector": "SEC005",
        "sector_name": "KERALA",
        "dir": "NW",
        "direction": "NW",
        "bearing": 291,
        "distance": "52-57",
        "depth": "60-65",
        "lat_dms": "11 3 0 N",
        "lon_dms": "75 21 56 E",
        "suitability": "high",
        "timestamp": "2026-09-19T05:04:34.915835+00:00",
        "source": "incois_textdata",
        "zone_id": "SEC005_Koottayi_069"
      }
    },
    {
      "type": "Feature",
      "geometry": {
        "type": "Point",
        "coordinates": [
          75.41583,
          10.99111
        ]
      },
      "properties": {
        "place": "Purattur",
        "sector": "SEC005",
        "sector_name": "KERALA",
        "dir": "NW",
        "direction": "NW",
        "bearing": 290,
        "distance": "52-57",
        "depth": "56-61",
        "lat_dms": "10 59 28 N",
        "lon_dms": "75 24 57 E",
        "suitability": "high",
        "timestamp": "2026-09-19T05:04:34.915835+00:00",
        "source": "incois_textdata",
        "zone_id": "SEC005_Purattur_070"
      }
    },
    {
      "type": "Feature",
      "geometry": {
        "type": "Point",
        "coordinates": [
          75.42583,
          10.97417
        ]
      },
      "properties": {
        "place": "Ponnani",
        "sector": "SEC005",
        "sector_name": "KERALA",
        "dir": "NW",
        "direction": "NW",
        "bearing": 292,
        "distance": "51-56",
        "depth": "55-60",
        "lat_dms": "10 58 27 N",
        "lon_dms": "75 25 33 E",
        "suitability": "high",
        "timestamp": "2026-09-19T05:04:34.915835+00:00",
        "source": "incois_textdata",
        "zone_id": "SEC005_Ponnani_071"
      }
    },
    {
      "type": "Feature",
      "geometry": {
        "type": "Point",
        "coordinates": [
          75.43278,
          10.95583
        ]
      },
      "properties": {
        "place": "Veliyangod",
        "sector": "SEC005",
        "sector_name": "KERALA",
        "dir": "NW",
        "direction": "NW",
        "bearing": 295,
        "distance": "54-59",
        "depth": "58-63",
        "lat_dms": "10 57 21 N",
        "lon_dms": "75 25 58 E",
        "suitability": "high",
        "timestamp": "2026-09-19T05:04:34.915835+00:00",
        "source": "incois_textdata",
        "zone_id": "SEC005_Veliyangod_072"
      }
    },
    {
      "type": "Feature",
      "geometry": {
        "type": "Point",
        "coordinates": [
          75.43417,
          10.93611
        ]
      },
      "properties": {
        "place": "Palappetty",
        "sector": "SEC005",
        "sector_name": "KERALA",
        "dir": "NW",
        "direction": "NW",
        "bearing": 295,
        "distance": "54-59",
        "depth": "59-64",
        "lat_dms": "10 56 10 N",
        "lon_dms": "75 26 3 E",
        "suitability": "high",
        "timestamp": "2026-09-19T05:04:34.915835+00:00",
        "source": "incois_textdata",
        "zone_id": "SEC005_Palappetty_073"
      }
    },
    {
      "type": "Feature",
      "geometry": {
        "type": "Point",
        "coordinates": [
          75.43194,
          10.91639
        ]
      },
      "properties": {
        "place": "Mannalamkunnu",
        "sector": "SEC005",
        "sector_name": "KERALA",
        "dir": "NW",
        "direction": "NW",
        "bearing": 296,
        "distance": "58-63",
        "depth": "62-67",
        "lat_dms": "10 54 59 N",
        "lon_dms": "75 25 55 E",
        "suitability": "high",
        "timestamp": "2026-09-19T05:04:34.915835+00:00",
        "source": "incois_textdata",
        "zone_id": "SEC005_Mannalamkunnu_074"
      }
    },
    {
      "type": "Feature",
      "geometry": {
        "type": "Point",
        "coordinates": [
          75.42861,
          10.89694
        ]
      },
      "properties": {
        "place": "Attupuram",
        "sector": "SEC005",
        "sector_name": "KERALA",
        "dir": "NW",
        "direction": "NW",
        "bearing": 295,
        "distance": "59-64",
        "depth": "62-67",
        "lat_dms": "10 53 49 N",
        "lon_dms": "75 25 43 E",
        "suitability": "high",
        "timestamp": "2026-09-19T05:04:34.915835+00:00",
        "source": "incois_textdata",
        "zone_id": "SEC005_Attupuram_075"
      }
    },
    {
      "type": "Feature",
      "geometry": {
        "type": "Point",
        "coordinates": [
          75.42639,
          10.87722
        ]
      },
      "properties": {
        "place": "Vayilattur",
        "sector": "SEC005",
        "sector_name": "KERALA",
        "dir": "NW",
        "direction": "NW",
        "bearing": 294,
        "distance": "63-68",
        "depth": "63-68",
        "lat_dms": "10 52 38 N",
        "lon_dms": "75 25 35 E",
        "suitability": "high",
        "timestamp": "2026-09-19T05:04:34.915835+00:00",
        "source": "incois_textdata",
        "zone_id": "SEC005_Vayilattur_076"
      }
    },
    {
      "type": "Feature",
      "geometry": {
        "type": "Point",
        "coordinates": [
          75.4275,
          10.8575
        ]
      },
      "properties": {
        "place": "Edakazhiyur",
        "sector": "SEC005",
        "sector_name": "KERALA",
        "dir": "NW",
        "direction": "NW",
        "bearing": 293,
        "distance": "49-54",
        "depth": "63-68",
        "lat_dms": "10 51 27 N",
        "lon_dms": "75 25 39 E",
        "suitability": "high",
        "timestamp": "2026-09-19T05:04:34.915835+00:00",
        "source": "incois_textdata",
        "zone_id": "SEC005_Edakazhiyur_077"
      }
    },
    {
      "type": "Feature",
      "geometry": {
        "type": "Point",
        "coordinates": [
          75.43528,
          10.83944
        ]
      },
      "properties": {
        "place": "Panchavadi",
        "sector": "SEC005",
        "sector_name": "KERALA",
        "dir": "NW",
        "direction": "NW",
        "bearing": 292,
        "distance": "54-59",
        "depth": "62-67",
        "lat_dms": "10 50 22 N",
        "lon_dms": "75 26 7 E",
        "suitability": "high",
        "timestamp": "2026-09-19T05:04:34.915835+00:00",
        "source": "incois_textdata",
        "zone_id": "SEC005_Panchavadi_078"
      }
    },
    {
      "type": "Feature",
      "geometry": {
        "type": "Point",
        "coordinates": [
          75.44722,
          10.82389
        ]
      },
      "properties": {
        "place": "Blangad",
        "sector": "SEC005",
        "sector_name": "KERALA",
        "dir": "NW",
        "direction": "NW",
        "bearing": 295,
        "distance": "58-63",
        "depth": "65-70",
        "lat_dms": "10 49 26 N",
        "lon_dms": "75 26 50 E",
        "suitability": "high",
        "timestamp": "2026-09-19T05:04:34.915835+00:00",
        "source": "incois_textdata",
        "zone_id": "SEC005_Blangad_079"
      }
    },
    {
      "type": "Feature",
      "geometry": {
        "type": "Point",
        "coordinates": [
          75.47556,
          10.76444
        ]
      },
      "properties": {
        "place": "Vadakkal",
        "sector": "SEC005",
        "sector_name": "KERALA",
        "dir": "NW",
        "direction": "NW",
        "bearing": 314,
        "distance": "63-68",
        "depth": "105-110",
        "lat_dms": "10 45 52 N",
        "lon_dms": "75 28 32 E",
        "suitability": "high",
        "timestamp": "2026-09-19T05:04:34.915835+00:00",
        "source": "incois_textdata",
        "zone_id": "SEC005_Vadakkal_080"
      }
    },
    {
      "type": "Feature",
      "geometry": {
        "type": "Point",
        "coordinates": [
          75.48056,
          10.74861
        ]
      },
      "properties": {
        "place": "Puthenkadappuram",
        "sector": "SEC005",
        "sector_name": "KERALA",
        "dir": "NW",
        "direction": "NW",
        "bearing": 314,
        "distance": "66-71",
        "depth": "107-112",
        "lat_dms": "10 44 55 N",
        "lon_dms": "75 28 50 E",
        "suitability": "high",
        "timestamp": "2026-09-19T05:04:34.915835+00:00",
        "source": "incois_textdata",
        "zone_id": "SEC005_Puthenkadappuram_081"
      }
    },
    {
      "type": "Feature",
      "geometry": {
        "type": "Point",
        "coordinates": [
          75.48917,
          10.73472
        ]
      },
      "properties": {
        "place": "Tanni",
        "sector": "SEC005",
        "sector_name": "KERALA",
        "dir": "NW",
        "direction": "NW",
        "bearing": 329,
        "distance": "68-73",
        "depth": "238-243",
        "lat_dms": "10 44 5 N",
        "lon_dms": "75 29 21 E",
        "suitability": "high",
        "timestamp": "2026-09-19T05:04:34.915835+00:00",
        "source": "incois_textdata",
        "zone_id": "SEC005_Tanni_082"
      }
    },
    {
      "type": "Feature",
      "geometry": {
        "type": "Point",
        "coordinates": [
          75.5,
          10.7225
        ]
      },
      "properties": {
        "place": "Pozhikkara",
        "sector": "SEC005",
        "sector_name": "KERALA",
        "dir": "NW",
        "direction": "NW",
        "bearing": 329,
        "distance": "67-72",
        "depth": "239-244",
        "lat_dms": "10 43 21 N",
        "lon_dms": "75 30 0 E",
        "suitability": "high",
        "timestamp": "2026-09-19T05:04:34.915835+00:00",
        "source": "incois_textdata",
        "zone_id": "SEC005_Pozhikkara_083"
      }
    },
    {
      "type": "Feature",
      "geometry": {
        "type": "Point",
        "coordinates": [
          75.50944,
          10.70917
        ]
      },
      "properties": {
        "place": "Paravoor",
        "sector": "SEC005",
        "sector_name": "KERALA",
        "dir": "NW",
        "direction": "NW",
        "bearing": 329,
        "distance": "63-68",
        "depth": "238-243",
        "lat_dms": "10 42 33 N",
        "lon_dms": "75 30 34 E",
        "suitability": "high",
        "timestamp": "2026-09-19T05:04:34.915835+00:00",
        "source": "incois_textdata",
        "zone_id": "SEC005_Paravoor_084"
      }
    },
    {
      "type": "Feature",
      "geometry": {
        "type": "Point",
        "coordinates": [
          75.51694,
          10.69556
        ]
      },
      "properties": {
        "place": "Edava",
        "sector": "SEC005",
        "sector_name": "KERALA",
        "dir": "NW",
        "direction": "NW",
        "bearing": 329,
        "distance": "59-64",
        "depth": "238-243",
        "lat_dms": "10 41 44 N",
        "lon_dms": "75 31 1 E",
        "suitability": "high",
        "timestamp": "2026-09-19T05:04:34.915835+00:00",
        "source": "incois_textdata",
        "zone_id": "SEC005_Edava_085"
      }
    },
    {
      "type": "Feature",
      "geometry": {
        "type": "Point",
        "coordinates": [
          75.51528,
          10.67889
        ]
      },
      "properties": {
        "place": "Kappil",
        "sector": "SEC005",
        "sector_name": "KERALA",
        "dir": "NW",
        "direction": "NW",
        "bearing": 329,
        "distance": "61-66",
        "depth": "239-244",
        "lat_dms": "10 40 44 N",
        "lon_dms": "75 30 55 E",
        "suitability": "high",
        "timestamp": "2026-09-19T05:04:34.915835+00:00",
        "source": "incois_textdata",
        "zone_id": "SEC005_Kappil_086"
      }
    },
    {
      "type": "Feature",
      "geometry": {
        "type": "Point",
        "coordinates": [
          75.51222,
          10.66278
        ]
      },
      "properties": {
        "place": "Puthenthoppu",
        "sector": "SEC005",
        "sector_name": "KERALA",
        "dir": "NW",
        "direction": "NW",
        "bearing": 328,
        "distance": "62-67",
        "depth": "265-270",
        "lat_dms": "10 39 46 N",
        "lon_dms": "75 30 44 E",
        "suitability": "high",
        "timestamp": "2026-09-19T05:04:34.915835+00:00",
        "source": "incois_textdata",
        "zone_id": "SEC005_Puthenthoppu_087"
      }
    },
    {
      "type": "Feature",
      "geometry": {
        "type": "Point",
        "coordinates": [
          75.51472,
          10.64667
        ]
      },
      "properties": {
        "place": "St.Andrews",
        "sector": "SEC005",
        "sector_name": "KERALA",
        "dir": "NW",
        "direction": "NW",
        "bearing": 328,
        "distance": "64-69",
        "depth": "265-270",
        "lat_dms": "10 38 48 N",
        "lon_dms": "75 30 53 E",
        "suitability": "high",
        "timestamp": "2026-09-19T05:04:34.915835+00:00",
        "source": "incois_textdata",
        "zone_id": "SEC005_St.Andrews_088"
      }
    },
    {
      "type": "Feature",
      "geometry": {
        "type": "Point",
        "coordinates": [
          75.52583,
          10.63444
        ]
      },
      "properties": {
        "place": "Pallithura",
        "sector": "SEC005",
        "sector_name": "KERALA",
        "dir": "NW",
        "direction": "NW",
        "bearing": 328,
        "distance": "61-66",
        "depth": "265-270",
        "lat_dms": "10 38 4 N",
        "lon_dms": "75 31 33 E",
        "suitability": "high",
        "timestamp": "2026-09-19T05:04:34.915835+00:00",
        "source": "incois_textdata",
        "zone_id": "SEC005_Pallithura_089"
      }
    },
    {
      "type": "Feature",
      "geometry": {
        "type": "Point",
        "coordinates": [
          75.47444,
          10.49111
        ]
      },
      "properties": {
        "place": "Chavakkad",
        "sector": "SEC005",
        "sector_name": "KERALA",
        "dir": "SW",
        "direction": "SW",
        "bearing": 264,
        "distance": "102-107",
        "depth": "57-62",
        "lat_dms": "10 29 28 N",
        "lon_dms": "75 28 28 E",
        "suitability": "high",
        "timestamp": "2026-09-19T05:04:34.915835+00:00",
        "source": "incois_textdata",
        "zone_id": "SEC005_Chavakkad_090"
      }
    },
    {
      "type": "Feature",
      "geometry": {
        "type": "Point",
        "coordinates": [
          75.48833,
          10.47194
        ]
      },
      "properties": {
        "place": "Vadanappally",
        "sector": "SEC005",
        "sector_name": "KERALA",
        "dir": "SW",
        "direction": "SW",
        "bearing": 269,
        "distance": "100-105",
        "depth": "59-64",
        "lat_dms": "10 28 19 N",
        "lon_dms": "75 29 18 E",
        "suitability": "high",
        "timestamp": "2026-09-19T05:04:34.915835+00:00",
        "source": "incois_textdata",
        "zone_id": "SEC005_Vadanappally_091"
      }
    },
    {
      "type": "Feature",
      "geometry": {
        "type": "Point",
        "coordinates": [
          75.50583,
          10.45583
        ]
      },
      "properties": {
        "place": "Thalikulam",
        "sector": "SEC005",
        "sector_name": "KERALA",
        "dir": "NW",
        "direction": "NW",
        "bearing": 271,
        "distance": "112-117",
        "depth": "59-64",
        "lat_dms": "10 27 21 N",
        "lon_dms": "75 30 21 E",
        "suitability": "high",
        "timestamp": "2026-09-19T05:04:34.915835+00:00",
        "source": "incois_textdata",
        "zone_id": "SEC005_Thalikulam_092"
      }
    },
    {
      "type": "Feature",
      "geometry": {
        "type": "Point",
        "coordinates": [
          75.52722,
          10.44639
        ]
      },
      "properties": {
        "place": "Mullassheri",
        "sector": "SEC005",
        "sector_name": "KERALA",
        "dir": "SW",
        "direction": "SW",
        "bearing": 260,
        "distance": "100-105",
        "depth": "58-63",
        "lat_dms": "10 26 47 N",
        "lon_dms": "75 31 38 E",
        "suitability": "high",
        "timestamp": "2026-09-19T05:04:34.915835+00:00",
        "source": "incois_textdata",
        "zone_id": "SEC005_Mullassheri_093"
      }
    },
    {
      "type": "Feature",
      "geometry": {
        "type": "Point",
        "coordinates": [
          75.55028,
          10.44083
        ]
      },
      "properties": {
        "place": "Kazhimbram",
        "sector": "SEC005",
        "sector_name": "KERALA",
        "dir": "NW",
        "direction": "NW",
        "bearing": 277,
        "distance": "88-93",
        "depth": "58-63",
        "lat_dms": "10 26 27 N",
        "lon_dms": "75 33 1 E",
        "suitability": "high",
        "timestamp": "2026-09-19T05:04:34.915835+00:00",
        "source": "incois_textdata",
        "zone_id": "SEC005_Kazhimbram_094"
      }
    },
    {
      "type": "Feature",
      "geometry": {
        "type": "Point",
        "coordinates": [
          75.57222,
          10.43222
        ]
      },
      "properties": {
        "place": "KaipamangalamVanchipura",
        "sector": "SEC005",
        "sector_name": "KERALA",
        "dir": "NW",
        "direction": "NW",
        "bearing": 282,
        "distance": "76-81",
        "depth": "59-64",
        "lat_dms": "10 25 56 N",
        "lon_dms": "75 34 20 E",
        "suitability": "high",
        "timestamp": "2026-09-19T05:04:34.915835+00:00",
        "source": "incois_textdata",
        "zone_id": "SEC005_KaipamangalamVanchipura_095"
      }
    },
    {
      "type": "Feature",
      "geometry": {
        "type": "Point",
        "coordinates": [
          75.59,
          10.41667
        ]
      },
      "properties": {
        "place": "MunambamFH",
        "sector": "SEC005",
        "sector_name": "KERALA",
        "dir": "NW",
        "direction": "NW",
        "bearing": 293,
        "distance": "66-71",
        "depth": "65-70",
        "lat_dms": "10 25 0 N",
        "lon_dms": "75 35 24 E",
        "suitability": "high",
        "timestamp": "2026-09-19T05:04:34.915835+00:00",
        "source": "incois_textdata",
        "zone_id": "SEC005_MunambamFH_096"
      }
    },
    {
      "type": "Feature",
      "geometry": {
        "type": "Point",
        "coordinates": [
          75.59833,
          10.39444
        ]
      },
      "properties": {
        "place": "Cherai",
        "sector": "SEC005",
        "sector_name": "KERALA",
        "dir": "NW",
        "direction": "NW",
        "bearing": 294,
        "distance": "91-96",
        "depth": "68-73",
        "lat_dms": "10 23 40 N",
        "lon_dms": "75 35 54 E",
        "suitability": "high",
        "timestamp": "2026-09-19T05:04:34.915835+00:00",
        "source": "incois_textdata",
        "zone_id": "SEC005_Cherai_097"
      }
    },
    {
      "type": "Feature",
      "geometry": {
        "type": "Point",
        "coordinates": [
          75.60778,
          10.37306
        ]
      },
      "properties": {
        "place": "Manakodam",
        "sector": "SEC005",
        "sector_name": "KERALA",
        "dir": "NW",
        "direction": "NW",
        "bearing": 287,
        "distance": "146-151",
        "depth": "66-71",
        "lat_dms": "10 22 23 N",
        "lon_dms": "75 36 28 E",
        "suitability": "high",
        "timestamp": "2026-09-19T05:04:34.915835+00:00",
        "source": "incois_textdata",
        "zone_id": "SEC005_Manakodam_098"
      }
    },
    {
      "type": "Feature",
      "geometry": {
        "type": "Point",
        "coordinates": [
          75.62167,
          10.35361
        ]
      },
      "properties": {
        "place": "Edavanakad",
        "sector": "SEC005",
        "sector_name": "KERALA",
        "dir": "NW",
        "direction": "NW",
        "bearing": 295,
        "distance": "202-207",
        "depth": "66-71",
        "lat_dms": "10 21 13 N",
        "lon_dms": "75 37 18 E",
        "suitability": "high",
        "timestamp": "2026-09-19T05:04:34.915835+00:00",
        "source": "incois_textdata",
        "zone_id": "SEC005_Edavanakad_099"
      }
    },
    {
      "type": "Feature",
      "geometry": {
        "type": "Point",
        "coordinates": [
          75.69778,
          10.26722
        ]
      },
      "properties": {
        "place": "Nattika",
        "sector": "SEC005",
        "sector_name": "KERALA",
        "dir": "SW",
        "direction": "SW",
        "bearing": 247,
        "distance": "101-106",
        "depth": "43-48",
        "lat_dms": "10 16 2 N",
        "lon_dms": "75 41 52 E",
        "suitability": "high",
        "timestamp": "2026-09-19T05:04:34.915835+00:00",
        "source": "incois_textdata",
        "zone_id": "SEC005_Nattika_100"
      }
    },
    {
      "type": "Feature",
      "geometry": {
        "type": "Point",
        "coordinates": [
          75.71111,
          10.23917
        ]
      },
      "properties": {
        "place": "Edamuttam",
        "sector": "SEC005",
        "sector_name": "KERALA",
        "dir": "SW",
        "direction": "SW",
        "bearing": 252,
        "distance": "66-71",
        "depth": "43-48",
        "lat_dms": "10 14 21 N",
        "lon_dms": "75 42 40 E",
        "suitability": "high",
        "timestamp": "2026-09-19T05:04:34.915835+00:00",
        "source": "incois_textdata",
        "zone_id": "SEC005_Edamuttam_101"
      }
    },
    {
      "type": "Feature",
      "geometry": {
        "type": "Point",
        "coordinates": [
          75.73167,
          10.21583
        ]
      },
      "properties": {
        "place": "Palapetty",
        "sector": "SEC005",
        "sector_name": "KERALA",
        "dir": "SW",
        "direction": "SW",
        "bearing": 249,
        "distance": "48-53",
        "depth": "41-46",
        "lat_dms": "10 12 57 N",
        "lon_dms": "75 43 54 E",
        "suitability": "high",
        "timestamp": "2026-09-19T05:04:34.915835+00:00",
        "source": "incois_textdata",
        "zone_id": "SEC005_Palapetty_102"
      }
    },
    {
      "type": "Feature",
      "geometry": {
        "type": "Point",
        "coordinates": [
          75.75639,
          10.19667
        ]
      },
      "properties": {
        "place": "PerinjanamAraattukadavu",
        "sector": "SEC005",
        "sector_name": "KERALA",
        "dir": "SW",
        "direction": "SW",
        "bearing": 254,
        "distance": "64-69",
        "depth": "40-45",
        "lat_dms": "10 11 48 N",
        "lon_dms": "75 45 23 E",
        "suitability": "high",
        "timestamp": "2026-09-19T05:04:34.915835+00:00",
        "source": "incois_textdata",
        "zone_id": "SEC005_PerinjanamAraattukadavu_103"
      }
    },
    {
      "type": "Feature",
      "geometry": {
        "type": "Point",
        "coordinates": [
          75.785,
          10.185
        ]
      },
      "properties": {
        "place": "Kulimuttam",
        "sector": "SEC005",
        "sector_name": "KERALA",
        "dir": "SW",
        "direction": "SW",
        "bearing": 253,
        "distance": "55-60",
        "depth": "37-42",
        "lat_dms": "10 11 6 N",
        "lon_dms": "75 47 6 E",
        "suitability": "high",
        "timestamp": "2026-09-19T05:04:34.915835+00:00",
        "source": "incois_textdata",
        "zone_id": "SEC005_Kulimuttam_104"
      }
    },
    {
      "type": "Feature",
      "geometry": {
        "type": "Point",
        "coordinates": [
          75.81417,
          10.17528
        ]
      },
      "properties": {
        "place": "Kara",
        "sector": "SEC005",
        "sector_name": "KERALA",
        "dir": "SW",
        "direction": "SW",
        "bearing": 258,
        "distance": "52-57",
        "depth": "34-39",
        "lat_dms": "10 10 31 N",
        "lon_dms": "75 48 51 E",
        "suitability": "high",
        "timestamp": "2026-09-19T05:04:34.915835+00:00",
        "source": "incois_textdata",
        "zone_id": "SEC005_Kara_105"
      }
    },
    {
      "type": "Feature",
      "geometry": {
        "type": "Point",
        "coordinates": [
          75.83278,
          10.15056
        ]
      },
      "properties": {
        "place": "Pullut",
        "sector": "SEC005",
        "sector_name": "KERALA",
        "dir": "SW",
        "direction": "SW",
        "bearing": 255,
        "distance": "50-55",
        "depth": "33-38",
        "lat_dms": "10 9 2 N",
        "lon_dms": "75 49 58 E",
        "suitability": "high",
        "timestamp": "2026-09-19T05:04:34.915835+00:00",
        "source": "incois_textdata",
        "zone_id": "SEC005_Pullut_106"
      }
    },
    {
      "type": "Feature",
      "geometry": {
        "type": "Point",
        "coordinates": [
          75.8375,
          10.12
        ]
      },
      "properties": {
        "place": "Eriyad(Chelarappa)",
        "sector": "SEC005",
        "sector_name": "KERALA",
        "dir": "SW",
        "direction": "SW",
        "bearing": 252,
        "distance": "48-53",
        "depth": "34-39",
        "lat_dms": "10 7 12 N",
        "lon_dms": "75 50 15 E",
        "suitability": "high",
        "timestamp": "2026-09-19T05:04:34.915835+00:00",
        "source": "incois_textdata",
        "zone_id": "SEC005_Eriyad(Chelarappa)_107"
      }
    },
    {
      "type": "Feature",
      "geometry": {
        "type": "Point",
        "coordinates": [
          75.83333,
          10.08917
        ]
      },
      "properties": {
        "place": "Kodungallur",
        "sector": "SEC005",
        "sector_name": "KERALA",
        "dir": "SW",
        "direction": "SW",
        "bearing": 251,
        "distance": "49-54",
        "depth": "35-40",
        "lat_dms": "10 5 21 N",
        "lon_dms": "75 50 0 E",
        "suitability": "high",
        "timestamp": "2026-09-19T05:04:34.915835+00:00",
        "source": "incois_textdata",
        "zone_id": "SEC005_Kodungallur_108"
      }
    },
    {
      "type": "Feature",
      "geometry": {
        "type": "Point",
        "coordinates": [
          75.83306,
          10.05806
        ]
      },
      "properties": {
        "place": "Kuzhuppilly",
        "sector": "SEC005",
        "sector_name": "KERALA",
        "dir": "SW",
        "direction": "SW",
        "bearing": 252,
        "distance": "43-48",
        "depth": "36-41",
        "lat_dms": "10 3 29 N",
        "lon_dms": "75 49 59 E",
        "suitability": "high",
        "timestamp": "2026-09-19T05:04:34.915835+00:00",
        "source": "incois_textdata",
        "zone_id": "SEC005_Kuzhuppilly_109"
      }
    },
    {
      "type": "Feature",
      "geometry": {
        "type": "Point",
        "coordinates": [
          75.80389,
          9.88944
        ]
      },
      "properties": {
        "place": "Ernakulam",
        "sector": "SEC005",
        "sector_name": "KERALA",
        "dir": "SW",
        "direction": "SW",
        "bearing": 256,
        "distance": "56-61",
        "depth": "44-49",
        "lat_dms": "9 53 22 N",
        "lon_dms": "75 48 14 E",
        "suitability": "high",
        "timestamp": "2026-09-19T05:04:34.915835+00:00",
        "source": "incois_textdata",
        "zone_id": "SEC005_Ernakulam_110"
      }
    },
    {
      "type": "Feature",
      "geometry": {
        "type": "Point",
        "coordinates": [
          75.79833,
          9.86194
        ]
      },
      "properties": {
        "place": "Malipuram",
        "sector": "SEC005",
        "sector_name": "KERALA",
        "dir": "SW",
        "direction": "SW",
        "bearing": 249,
        "distance": "56-61",
        "depth": "46-51",
        "lat_dms": "9 51 43 N",
        "lon_dms": "75 47 54 E",
        "suitability": "high",
        "timestamp": "2026-09-19T05:04:34.915835+00:00",
        "source": "incois_textdata",
        "zone_id": "SEC005_Malipuram_111"
      }
    },
    {
      "type": "Feature",
      "geometry": {
        "type": "Point",
        "coordinates": [
          75.78556,
          9.83722
        ]
      },
      "properties": {
        "place": "Kalamukku",
        "sector": "SEC005",
        "sector_name": "KERALA",
        "dir": "SW",
        "direction": "SW",
        "bearing": 253,
        "distance": "69-74",
        "depth": "48-53",
        "lat_dms": "9 50 14 N",
        "lon_dms": "75 47 8 E",
        "suitability": "high",
        "timestamp": "2026-09-19T05:04:34.915835+00:00",
        "source": "incois_textdata",
        "zone_id": "SEC005_Kalamukku_112"
      }
    },
    {
      "type": "Feature",
      "geometry": {
        "type": "Point",
        "coordinates": [
          75.77056,
          9.81361
        ]
      },
      "properties": {
        "place": "Murikumpadam",
        "sector": "SEC005",
        "sector_name": "KERALA",
        "dir": "SW",
        "direction": "SW",
        "bearing": 249,
        "distance": "81-86",
        "depth": "51-56",
        "lat_dms": "9 48 49 N",
        "lon_dms": "75 46 14 E",
        "suitability": "high",
        "timestamp": "2026-09-19T05:04:34.915835+00:00",
        "source": "incois_textdata",
        "zone_id": "SEC005_Murikumpadam_113"
      }
    },
    {
      "type": "Feature",
      "geometry": {
        "type": "Point",
        "coordinates": [
          75.76611,
          9.78611
        ]
      },
      "properties": {
        "place": "Chillickal",
        "sector": "SEC005",
        "sector_name": "KERALA",
        "dir": "SW",
        "direction": "SW",
        "bearing": 251,
        "distance": "71-76",
        "depth": "52-57",
        "lat_dms": "9 47 10 N",
        "lon_dms": "75 45 58 E",
        "suitability": "high",
        "timestamp": "2026-09-19T05:04:34.915835+00:00",
        "source": "incois_textdata",
        "zone_id": "SEC005_Chillickal_114"
      }
    },
    {
      "type": "Feature",
      "geometry": {
        "type": "Point",
        "coordinates": [
          75.76722,
          9.75833
        ]
      },
      "properties": {
        "place": "Maruvakad",
        "sector": "SEC005",
        "sector_name": "KERALA",
        "dir": "SW",
        "direction": "SW",
        "bearing": 262,
        "distance": "70-75",
        "depth": "53-58",
        "lat_dms": "9 45 30 N",
        "lon_dms": "75 46 2 E",
        "suitability": "high",
        "timestamp": "2026-09-19T05:04:34.915835+00:00",
        "source": "incois_textdata",
        "zone_id": "SEC005_Maruvakad_115"
      }
    },
    {
      "type": "Feature",
      "geometry": {
        "type": "Point",
        "coordinates": [
          75.75972,
          9.73167
        ]
      },
      "properties": {
        "place": "Chellanum",
        "sector": "SEC005",
        "sector_name": "KERALA",
        "dir": "SW",
        "direction": "SW",
        "bearing": 261,
        "distance": "85-90",
        "depth": "54-59",
        "lat_dms": "9 43 54 N",
        "lon_dms": "75 45 35 E",
        "suitability": "high",
        "timestamp": "2026-09-19T05:04:34.915835+00:00",
        "source": "incois_textdata",
        "zone_id": "SEC005_Chellanum_116"
      }
    },
    {
      "type": "Feature",
      "geometry": {
        "type": "Point",
        "coordinates": [
          75.73972,
          9.71194
        ]
      },
      "properties": {
        "place": "Pallithodu",
        "sector": "SEC005",
        "sector_name": "KERALA",
        "dir": "SW",
        "direction": "SW",
        "bearing": 263,
        "distance": "92-97",
        "depth": "57-62",
        "lat_dms": "9 42 43 N",
        "lon_dms": "75 44 23 E",
        "suitability": "high",
        "timestamp": "2026-09-19T05:04:34.915835+00:00",
        "source": "incois_textdata",
        "zone_id": "SEC005_Pallithodu_117"
      }
    },
    {
      "type": "Feature",
      "geometry": {
        "type": "Point",
        "coordinates": [
          75.72028,
          9.69194
        ]
      },
      "properties": {
        "place": "Manakkodam",
        "sector": "SEC005",
        "sector_name": "KERALA",
        "dir": "SW",
        "direction": "SW",
        "bearing": 264,
        "distance": "90-95",
        "depth": "59-64",
        "lat_dms": "9 41 31 N",
        "lon_dms": "75 43 13 E",
        "suitability": "high",
        "timestamp": "2026-09-19T05:04:34.915835+00:00",
        "source": "incois_textdata",
        "zone_id": "SEC005_Manakkodam_118"
      }
    },
    {
      "type": "Feature",
      "geometry": {
        "type": "Point",
        "coordinates": [
          75.71194,
          9.66556
        ]
      },
      "properties": {
        "place": "Thykal",
        "sector": "SEC005",
        "sector_name": "KERALA",
        "dir": "SW",
        "direction": "SW",
        "bearing": 268,
        "distance": "101-106",
        "depth": "60-65",
        "lat_dms": "9 39 56 N",
        "lon_dms": "75 42 43 E",
        "suitability": "high",
        "timestamp": "2026-09-19T05:04:34.915835+00:00",
        "source": "incois_textdata",
        "zone_id": "SEC005_Thykal_119"
      }
    },
    {
      "type": "Feature",
      "geometry": {
        "type": "Point",
        "coordinates": [
          75.655,
          9.57028
        ]
      },
      "properties": {
        "place": "Aratungal",
        "sector": "SEC005",
        "sector_name": "KERALA",
        "dir": "SW",
        "direction": "SW",
        "bearing": 262,
        "distance": "310-315",
        "depth": "68-73",
        "lat_dms": "9 34 13 N",
        "lon_dms": "75 39 18 E",
        "suitability": "high",
        "timestamp": "2026-09-19T05:04:34.915835+00:00",
        "source": "incois_textdata",
        "zone_id": "SEC005_Aratungal_120"
      }
    },
    {
      "type": "Feature",
      "geometry": {
        "type": "Point",
        "coordinates": [
          75.62639,
          9.54583
        ]
      },
      "properties": {
        "place": "Chethy",
        "sector": "SEC005",
        "sector_name": "KERALA",
        "dir": "SW",
        "direction": "SW",
        "bearing": 264,
        "distance": "439-444",
        "depth": "71-76",
        "lat_dms": "9 32 45 N",
        "lon_dms": "75 37 35 E",
        "suitability": "high",
        "timestamp": "2026-09-19T05:04:34.915835+00:00",
        "source": "incois_textdata",
        "zone_id": "SEC005_Chethy_121"
      }
    },
    {
      "type": "Feature",
      "geometry": {
        "type": "Point",
        "coordinates": [
          75.59556,
          9.52472
        ]
      },
      "properties": {
        "place": "Arthunkal/Chennavely",
        "sector": "SEC005",
        "sector_name": "KERALA",
        "dir": "SW",
        "direction": "SW",
        "bearing": 258,
        "distance": "674-679",
        "depth": "75-80",
        "lat_dms": "9 31 29 N",
        "lon_dms": "75 35 44 E",
        "suitability": "high",
        "timestamp": "2026-09-19T05:04:34.915835+00:00",
        "source": "incois_textdata",
        "zone_id": "SEC005_Arthunkal/Chennavely_122"
      }
    },
    {
      "type": "Feature",
      "geometry": {
        "type": "Point",
        "coordinates": [
          75.57472,
          9.49444
        ]
      },
      "properties": {
        "place": "Puthenthodu(Kannamali)",
        "sector": "SEC005",
        "sector_name": "KERALA",
        "dir": "SW",
        "direction": "SW",
        "bearing": 242,
        "distance": "738-743",
        "depth": "83-88",
        "lat_dms": "9 29 40 N",
        "lon_dms": "75 34 29 E",
        "suitability": "high",
        "timestamp": "2026-09-19T05:04:34.915835+00:00",
        "source": "incois_textdata",
        "zone_id": "SEC005_Puthenthodu(Kannamali)_123"
      }
    },
    {
      "type": "Feature",
      "geometry": {
        "type": "Point",
        "coordinates": [
          75.56889,
          9.4575
        ]
      },
      "properties": {
        "place": "Kochi",
        "sector": "SEC005",
        "sector_name": "KERALA",
        "dir": "SW",
        "direction": "SW",
        "bearing": 233,
        "distance": "661-666",
        "depth": "89-94",
        "lat_dms": "9 27 27 N",
        "lon_dms": "75 34 8 E",
        "suitability": "high",
        "timestamp": "2026-09-19T05:04:34.915835+00:00",
        "source": "incois_textdata",
        "zone_id": "SEC005_Kochi_124"
      }
    },
    {
      "type": "Feature",
      "geometry": {
        "type": "Point",
        "coordinates": [
          75.58528,
          9.42528
        ]
      },
      "properties": {
        "place": "FortKochi",
        "sector": "SEC005",
        "sector_name": "KERALA",
        "dir": "SW",
        "direction": "SW",
        "bearing": 230,
        "distance": "611-616",
        "depth": "90-95",
        "lat_dms": "9 25 31 N",
        "lon_dms": "75 35 7 E",
        "suitability": "high",
        "timestamp": "2026-09-19T05:04:34.915835+00:00",
        "source": "incois_textdata",
        "zone_id": "SEC005_FortKochi_125"
      }
    },
    {
      "type": "Feature",
      "geometry": {
        "type": "Point",
        "coordinates": [
          75.61889,
          9.40917
        ]
      },
      "properties": {
        "place": "Vypeen",
        "sector": "SEC005",
        "sector_name": "KERALA",
        "dir": "SW",
        "direction": "SW",
        "bearing": 227,
        "distance": "497-502",
        "depth": "89-94",
        "lat_dms": "9 24 33 N",
        "lon_dms": "75 37 8 E",
        "suitability": "high",
        "timestamp": "2026-09-19T05:04:34.915835+00:00",
        "source": "incois_textdata",
        "zone_id": "SEC005_Vypeen_126"
      }
    },
    {
      "type": "Feature",
      "geometry": {
        "type": "Point",
        "coordinates": [
          75.65639,
          9.40694
        ]
      },
      "properties": {
        "place": "Valarpadam",
        "sector": "SEC005",
        "sector_name": "KERALA",
        "dir": "SW",
        "direction": "SW",
        "bearing": 225,
        "distance": "566-571",
        "depth": "87-92",
        "lat_dms": "9 24 25 N",
        "lon_dms": "75 39 23 E",
        "suitability": "high",
        "timestamp": "2026-09-19T05:04:34.915835+00:00",
        "source": "incois_textdata",
        "zone_id": "SEC005_Valarpadam_127"
      }
    },
    {
      "type": "Feature",
      "geometry": {
        "type": "Point",
        "coordinates": [
          75.69111,
          9.39444
        ]
      },
      "properties": {
        "place": "Nayarambalam",
        "sector": "SEC005",
        "sector_name": "KERALA",
        "dir": "SW",
        "direction": "SW",
        "bearing": 219,
        "distance": "518-523",
        "depth": "87-92",
        "lat_dms": "9 23 40 N",
        "lon_dms": "75 41 28 E",
        "suitability": "high",
        "timestamp": "2026-09-19T05:04:34.915835+00:00",
        "source": "incois_textdata",
        "zone_id": "SEC005_Nayarambalam_128"
      }
    },
    {
      "type": "Feature",
      "geometry": {
        "type": "Point",
        "coordinates": [
          75.7175,
          9.36806
        ]
      },
      "properties": {
        "place": "Narakkal",
        "sector": "SEC005",
        "sector_name": "KERALA",
        "dir": "SW",
        "direction": "SW",
        "bearing": 216,
        "distance": "400-405",
        "depth": "88-93",
        "lat_dms": "9 22 5 N",
        "lon_dms": "75 43 3 E",
        "suitability": "high",
        "timestamp": "2026-09-19T05:04:34.915835+00:00",
        "source": "incois_textdata",
        "zone_id": "SEC005_Narakkal_129"
      }
    },
    {
      "type": "Feature",
      "geometry": {
        "type": "Point",
        "coordinates": [
          75.79028,
          9.2725
        ]
      },
      "properties": {
        "place": "Punnappra",
        "sector": "SEC005",
        "sector_name": "KERALA",
        "dir": "SW",
        "direction": "SW",
        "bearing": 252,
        "distance": "408-413",
        "depth": "59-64",
        "lat_dms": "9 16 21 N",
        "lon_dms": "75 47 25 E",
        "suitability": "high",
        "timestamp": "2026-09-19T05:04:34.915835+00:00",
        "source": "incois_textdata",
        "zone_id": "SEC005_Punnappra_130"
      }
    },
    {
      "type": "Feature",
      "geometry": {
        "type": "Point",
        "coordinates": [
          75.81056,
          9.25556
        ]
      },
      "properties": {
        "place": "Valanjavazhy",
        "sector": "SEC005",
        "sector_name": "KERALA",
        "dir": "SW",
        "direction": "SW",
        "bearing": 255,
        "distance": "361-366",
        "depth": "58-63",
        "lat_dms": "9 15 20 N",
        "lon_dms": "75 48 38 E",
        "suitability": "high",
        "timestamp": "2026-09-19T05:04:34.915835+00:00",
        "source": "incois_textdata",
        "zone_id": "SEC005_Valanjavazhy_131"
      }
    },
    {
      "type": "Feature",
      "geometry": {
        "type": "Point",
        "coordinates": [
          75.83417,
          9.24306
        ]
      },
      "properties": {
        "place": "Ambalapuzha",
        "sector": "SEC005",
        "sector_name": "KERALA",
        "dir": "SW",
        "direction": "SW",
        "bearing": 255,
        "distance": "301-306",
        "depth": "56-61",
        "lat_dms": "9 14 35 N",
        "lon_dms": "75 50 3 E",
        "suitability": "high",
        "timestamp": "2026-09-19T05:04:34.915835+00:00",
        "source": "incois_textdata",
        "zone_id": "SEC005_Ambalapuzha_132"
      }
    },
    {
      "type": "Feature",
      "geometry": {
        "type": "Point",
        "coordinates": [
          75.85028,
          9.22222
        ]
      },
      "properties": {
        "place": "Purakkad",
        "sector": "SEC005",
        "sector_name": "KERALA",
        "dir": "SW",
        "direction": "SW",
        "bearing": 255,
        "distance": "270-275",
        "depth": "55-60",
        "lat_dms": "9 13 20 N",
        "lon_dms": "75 51 1 E",
        "suitability": "high",
        "timestamp": "2026-09-19T05:04:34.915835+00:00",
        "source": "incois_textdata",
        "zone_id": "SEC005_Purakkad_133"
      }
    },
    {
      "type": "Feature",
      "geometry": {
        "type": "Point",
        "coordinates": [
          75.85444,
          9.19583
        ]
      },
      "properties": {
        "place": "Kalarkod",
        "sector": "SEC005",
        "sector_name": "KERALA",
        "dir": "SW",
        "direction": "SW",
        "bearing": 241,
        "distance": "283-288",
        "depth": "56-61",
        "lat_dms": "9 11 45 N",
        "lon_dms": "75 51 16 E",
        "suitability": "high",
        "timestamp": "2026-09-19T05:04:34.915835+00:00",
        "source": "incois_textdata",
        "zone_id": "SEC005_Kalarkod_134"
      }
    },
    {
      "type": "Feature",
      "geometry": {
        "type": "Point",
        "coordinates": [
          75.8475,
          9.17028
        ]
      },
      "properties": {
        "place": "AlleppeyBeach",
        "sector": "SEC005",
        "sector_name": "KERALA",
        "dir": "SW",
        "direction": "SW",
        "bearing": 236,
        "distance": "306-311",
        "depth": "60-65",
        "lat_dms": "9 10 13 N",
        "lon_dms": "75 50 51 E",
        "suitability": "high",
        "timestamp": "2026-09-19T05:04:34.915835+00:00",
        "source": "incois_textdata",
        "zone_id": "SEC005_AlleppeyBeach_135"
      }
    },
    {
      "type": "Feature",
      "geometry": {
        "type": "Point",
        "coordinates": [
          75.82972,
          9.15056
        ]
      },
      "properties": {
        "place": "Thazhampally",
        "sector": "SEC005",
        "sector_name": "KERALA",
        "dir": "SW",
        "direction": "SW",
        "bearing": 234,
        "distance": "339-344",
        "depth": "63-68",
        "lat_dms": "9 9 2 N",
        "lon_dms": "75 49 47 E",
        "suitability": "high",
        "timestamp": "2026-09-19T05:04:34.915835+00:00",
        "source": "incois_textdata",
        "zone_id": "SEC005_Thazhampally_136"
      }
    },
    {
      "type": "Feature",
      "geometry": {
        "type": "Point",
        "coordinates": [
          75.81806,
          9.12694
        ]
      },
      "properties": {
        "place": "Thumpolly",
        "sector": "SEC005",
        "sector_name": "KERALA",
        "dir": "SW",
        "direction": "SW",
        "bearing": 230,
        "distance": "354-359",
        "depth": "67-72",
        "lat_dms": "9 7 37 N",
        "lon_dms": "75 49 5 E",
        "suitability": "high",
        "timestamp": "2026-09-19T05:04:34.915835+00:00",
        "source": "incois_textdata",
        "zone_id": "SEC005_Thumpolly_137"
      }
    },
    {
      "type": "Feature",
      "geometry": {
        "type": "Point",
        "coordinates": [
          75.81361,
          9.10056
        ]
      },
      "properties": {
        "place": "Pollethai",
        "sector": "SEC005",
        "sector_name": "KERALA",
        "dir": "SW",
        "direction": "SW",
        "bearing": 226,
        "distance": "359-364",
        "depth": "71-76",
        "lat_dms": "9 6 2 N",
        "lon_dms": "75 48 49 E",
        "suitability": "high",
        "timestamp": "2026-09-19T05:04:34.915835+00:00",
        "source": "incois_textdata",
        "zone_id": "SEC005_Pollethai_138"
      }
    },
    {
      "type": "Feature",
      "geometry": {
        "type": "Point",
        "coordinates": [
          75.815,
          9.07389
        ]
      },
      "properties": {
        "place": "Kottamkulangara",
        "sector": "SEC005",
        "sector_name": "KERALA",
        "dir": "SW",
        "direction": "SW",
        "bearing": 223,
        "distance": "356-361",
        "depth": "75-80",
        "lat_dms": "9 4 26 N",
        "lon_dms": "75 48 54 E",
        "suitability": "high",
        "timestamp": "2026-09-19T05:04:34.915835+00:00",
        "source": "incois_textdata",
        "zone_id": "SEC005_Kottamkulangara_139"
      }
    },
    {
      "type": "Feature",
      "geometry": {
        "type": "Point",
        "coordinates": [
          75.81639,
          8.95194
        ]
      },
      "properties": {
        "place": "Padiyamkara Tekku",
        "sector": "SEC005",
        "sector_name": "KERALA",
        "dir": "SW",
        "direction": "SW",
        "bearing": 244,
        "distance": "339-344",
        "depth": "70-75",
        "lat_dms": "8 57 7 N",
        "lon_dms": "75 48 59 E",
        "suitability": "high",
        "timestamp": "2026-09-19T05:04:34.915835+00:00",
        "source": "incois_textdata",
        "zone_id": "SEC005_Padiyamkara_Tekku_140"
      }
    },
    {
      "type": "Feature",
      "geometry": {
        "type": "Point",
        "coordinates": [
          75.81972,
          8.92028
        ]
      },
      "properties": {
        "place": "Ramancheri Tura",
        "sector": "SEC005",
        "sector_name": "KERALA",
        "dir": "SW",
        "direction": "SW",
        "bearing": 248,
        "distance": "338-343",
        "depth": "71-76",
        "lat_dms": "8 55 13 N",
        "lon_dms": "75 49 11 E",
        "suitability": "high",
        "timestamp": "2026-09-19T05:04:34.915835+00:00",
        "source": "incois_textdata",
        "zone_id": "SEC005_Ramancheri_Tura_141"
      }
    },
    {
      "type": "Feature",
      "geometry": {
        "type": "Point",
        "coordinates": [
          75.82917,
          8.89
        ]
      },
      "properties": {
        "place": "AzheekalJetty",
        "sector": "SEC005",
        "sector_name": "KERALA",
        "dir": "SW",
        "direction": "SW",
        "bearing": 250,
        "distance": "331-336",
        "depth": "72-77",
        "lat_dms": "8 53 24 N",
        "lon_dms": "75 49 45 E",
        "suitability": "high",
        "timestamp": "2026-09-19T05:04:34.915835+00:00",
        "source": "incois_textdata",
        "zone_id": "SEC005_AzheekalJetty_142"
      }
    },
    {
      "type": "Feature",
      "geometry": {
        "type": "Point",
        "coordinates": [
          75.91056,
          8.86694
        ]
      },
      "properties": {
        "place": "Chavara",
        "sector": "SEC005",
        "sector_name": "KERALA",
        "dir": "SW",
        "direction": "SW",
        "bearing": 261,
        "distance": "320-325",
        "depth": "66-71",
        "lat_dms": "8 52 1 N",
        "lon_dms": "75 54 38 E",
        "suitability": "high",
        "timestamp": "2026-09-19T05:04:34.915835+00:00",
        "source": "incois_textdata",
        "zone_id": "SEC005_Chavara_143"
      }
    },
    {
      "type": "Feature",
      "geometry": {
        "type": "Point",
        "coordinates": [
          75.85083,
          8.86694
        ]
      },
      "properties": {
        "place": "Alappattu",
        "sector": "SEC005",
        "sector_name": "KERALA",
        "dir": "SW",
        "direction": "SW",
        "bearing": 252,
        "distance": "331-336",
        "depth": "71-76",
        "lat_dms": "8 52 1 N",
        "lon_dms": "75 51 3 E",
        "suitability": "high",
        "timestamp": "2026-09-19T05:04:34.915835+00:00",
        "source": "incois_textdata",
        "zone_id": "SEC005_Alappattu_144"
      }
    },
    {
      "type": "Feature",
      "geometry": {
        "type": "Point",
        "coordinates": [
          75.88028,
          8.85833
        ]
      },
      "properties": {
        "place": "Cheriazheekal",
        "sector": "SEC005",
        "sector_name": "KERALA",
        "dir": "SW",
        "direction": "SW",
        "bearing": 253,
        "distance": "334-339",
        "depth": "69-74",
        "lat_dms": "8 51 30 N",
        "lon_dms": "75 52 49 E",
        "suitability": "high",
        "timestamp": "2026-09-19T05:04:34.915835+00:00",
        "source": "incois_textdata",
        "zone_id": "SEC005_Cheriazheekal_145"
      }
    },
    {
      "type": "Feature",
      "geometry": {
        "type": "Point",
        "coordinates": [
          75.93778,
          8.85278
        ]
      },
      "properties": {
        "place": "Kovilthottam",
        "sector": "SEC005",
        "sector_name": "KERALA",
        "dir": "SW",
        "direction": "SW",
        "bearing": 257,
        "distance": "307-312",
        "depth": "63-68",
        "lat_dms": "8 51 10 N",
        "lon_dms": "75 56 16 E",
        "suitability": "high",
        "timestamp": "2026-09-19T05:04:34.915835+00:00",
        "source": "incois_textdata",
        "zone_id": "SEC005_Kovilthottam_146"
      }
    },
    {
      "type": "Feature",
      "geometry": {
        "type": "Point",
        "coordinates": [
          75.955,
          8.82611
        ]
      },
      "properties": {
        "place": "Puthenthura",
        "sector": "SEC005",
        "sector_name": "KERALA",
        "dir": "SW",
        "direction": "SW",
        "bearing": 257,
        "distance": "329-334",
        "depth": "63-68",
        "lat_dms": "8 49 34 N",
        "lon_dms": "75 57 18 E",
        "suitability": "high",
        "timestamp": "2026-09-19T05:04:34.915835+00:00",
        "source": "incois_textdata",
        "zone_id": "SEC005_Puthenthura_147"
      }
    },
    {
      "type": "Feature",
      "geometry": {
        "type": "Point",
        "coordinates": [
          76.01583,
          8.82139
        ]
      },
      "properties": {
        "place": "Thottappally",
        "sector": "SEC005",
        "sector_name": "KERALA",
        "dir": "SW",
        "direction": "SW",
        "bearing": 216,
        "distance": "258-263",
        "depth": "65-70",
        "lat_dms": "8 49 17 N",
        "lon_dms": "76 0 57 E",
        "suitability": "high",
        "timestamp": "2026-09-19T05:04:34.915835+00:00",
        "source": "incois_textdata",
        "zone_id": "SEC005_Thottappally_148"
      }
    },
    {
      "type": "Feature",
      "geometry": {
        "type": "Point",
        "coordinates": [
          75.98444,
          8.81583
        ]
      },
      "properties": {
        "place": "Thrikunnapuzha",
        "sector": "SEC005",
        "sector_name": "KERALA",
        "dir": "SW",
        "direction": "SW",
        "bearing": 221,
        "distance": "322-327",
        "depth": "65-70",
        "lat_dms": "8 48 57 N",
        "lon_dms": "75 59 4 E",
        "suitability": "high",
        "timestamp": "2026-09-19T05:04:34.915835+00:00",
        "source": "incois_textdata",
        "zone_id": "SEC005_Thrikunnapuzha_149"
      }
    },
    {
      "type": "Feature",
      "geometry": {
        "type": "Point",
        "coordinates": [
          76.15111,
          8.77167
        ]
      },
      "properties": {
        "place": "Neendakara",
        "sector": "SEC005",
        "sector_name": "KERALA",
        "dir": "SW",
        "direction": "SW",
        "bearing": 247,
        "distance": "64-69",
        "depth": "43-48",
        "lat_dms": "8 46 18 N",
        "lon_dms": "76 9 4 E",
        "suitability": "high",
        "timestamp": "2026-09-19T05:04:34.915835+00:00",
        "source": "incois_textdata",
        "zone_id": "SEC005_Neendakara_150"
      }
    },
    {
      "type": "Feature",
      "geometry": {
        "type": "Point",
        "coordinates": [
          76.17611,
          8.76306
        ]
      },
      "properties": {
        "place": "Thankassery F.H.",
        "sector": "SEC005",
        "sector_name": "KERALA",
        "dir": "SW",
        "direction": "SW",
        "bearing": 252,
        "distance": "66-71",
        "depth": "42-47",
        "lat_dms": "8 45 47 N",
        "lon_dms": "76 10 34 E",
        "suitability": "high",
        "timestamp": "2026-09-19T05:04:34.915835+00:00",
        "source": "incois_textdata",
        "zone_id": "SEC005_Thankassery_F.H._151"
      }
    },
    {
      "type": "Feature",
      "geometry": {
        "type": "Point",
        "coordinates": [
          76.19722,
          8.7475
        ]
      },
      "properties": {
        "place": "Vettuthura",
        "sector": "SEC005",
        "sector_name": "KERALA",
        "dir": "SW",
        "direction": "SW",
        "bearing": 239,
        "distance": "69-74",
        "depth": "40-45",
        "lat_dms": "8 44 51 N",
        "lon_dms": "76 11 50 E",
        "suitability": "high",
        "timestamp": "2026-09-19T05:04:34.915835+00:00",
        "source": "incois_textdata",
        "zone_id": "SEC005_Vettuthura_152"
      }
    },
    {
      "type": "Feature",
      "geometry": {
        "type": "Point",
        "coordinates": [
          76.21167,
          8.72528
        ]
      },
      "properties": {
        "place": "QuilonPort",
        "sector": "SEC005",
        "sector_name": "KERALA",
        "dir": "SW",
        "direction": "SW",
        "bearing": 246,
        "distance": "70-75",
        "depth": "40-45",
        "lat_dms": "8 43 31 N",
        "lon_dms": "76 12 42 E",
        "suitability": "high",
        "timestamp": "2026-09-19T05:04:34.915835+00:00",
        "source": "incois_textdata",
        "zone_id": "SEC005_QuilonPort_153"
      }
    },
    {
      "type": "Feature",
      "geometry": {
        "type": "Point",
        "coordinates": [
          76.22083,
          8.70056
        ]
      },
      "properties": {
        "place": "Quilon",
        "sector": "SEC005",
        "sector_name": "KERALA",
        "dir": "SW",
        "direction": "SW",
        "bearing": 242,
        "distance": "70-75",
        "depth": "41-46",
        "lat_dms": "8 42 2 N",
        "lon_dms": "76 13 15 E",
        "suitability": "high",
        "timestamp": "2026-09-19T05:04:34.915835+00:00",
        "source": "incois_textdata",
        "zone_id": "SEC005_Quilon_154"
      }
    },
    {
      "type": "Feature",
      "geometry": {
        "type": "Point",
        "coordinates": [
          76.22583,
          8.67472
        ]
      },
      "properties": {
        "place": "Wadi",
        "sector": "SEC005",
        "sector_name": "KERALA",
        "dir": "SW",
        "direction": "SW",
        "bearing": 239,
        "distance": "85-90",
        "depth": "42-47",
        "lat_dms": "8 40 29 N",
        "lon_dms": "76 13 33 E",
        "suitability": "high",
        "timestamp": "2026-09-19T05:04:34.915835+00:00",
        "source": "incois_textdata",
        "zone_id": "SEC005_Wadi_155"
      }
    },
    {
      "type": "Feature",
      "geometry": {
        "type": "Point",
        "coordinates": [
          76.22861,
          8.64833
        ]
      },
      "properties": {
        "place": "Moothakara",
        "sector": "SEC005",
        "sector_name": "KERALA",
        "dir": "SW",
        "direction": "SW",
        "bearing": 236,
        "distance": "109-114",
        "depth": "43-48",
        "lat_dms": "8 38 54 N",
        "lon_dms": "76 13 43 E",
        "suitability": "high",
        "timestamp": "2026-09-19T05:04:34.915835+00:00",
        "source": "incois_textdata",
        "zone_id": "SEC005_Moothakara_156"
      }
    },
    {
      "type": "Feature",
      "geometry": {
        "type": "Point",
        "coordinates": [
          76.2275,
          8.62194
        ]
      },
      "properties": {
        "place": "Pallithottam",
        "sector": "SEC005",
        "sector_name": "KERALA",
        "dir": "SW",
        "direction": "SW",
        "bearing": 235,
        "distance": "159-164",
        "depth": "46-51",
        "lat_dms": "8 37 19 N",
        "lon_dms": "76 13 39 E",
        "suitability": "high",
        "timestamp": "2026-09-19T05:04:34.915835+00:00",
        "source": "incois_textdata",
        "zone_id": "SEC005_Pallithottam_157"
      }
    },
    {
      "type": "Feature",
      "geometry": {
        "type": "Point",
        "coordinates": [
          76.23028,
          8.59583
        ]
      },
      "properties": {
        "place": "Sakthikulangara",
        "sector": "SEC005",
        "sector_name": "KERALA",
        "dir": "SW",
        "direction": "SW",
        "bearing": 223,
        "distance": "227-232",
        "depth": "48-53",
        "lat_dms": "8 35 45 N",
        "lon_dms": "76 13 49 E",
        "suitability": "high",
        "timestamp": "2026-09-19T05:04:34.915835+00:00",
        "source": "incois_textdata",
        "zone_id": "SEC005_Sakthikulangara_158"
      }
    },
    {
      "type": "Feature",
      "geometry": {
        "type": "Point",
        "coordinates": [
          76.24222,
          8.57222
        ]
      },
      "properties": {
        "place": "Eravipuram",
        "sector": "SEC005",
        "sector_name": "KERALA",
        "dir": "SW",
        "direction": "SW",
        "bearing": 232,
        "distance": "232-237",
        "depth": "49-54",
        "lat_dms": "8 34 20 N",
        "lon_dms": "76 14 32 E",
        "suitability": "high",
        "timestamp": "2026-09-19T05:04:34.915835+00:00",
        "source": "incois_textdata",
        "zone_id": "SEC005_Eravipuram_159"
      }
    },
    {
      "type": "Feature",
      "geometry": {
        "type": "Point",
        "coordinates": [
          76.32833,
          8.51139
        ]
      },
      "properties": {
        "place": "Edaval",
        "sector": "SEC005",
        "sector_name": "KERALA",
        "dir": "SW",
        "direction": "SW",
        "bearing": 237,
        "distance": "217-222",
        "depth": "45-50",
        "lat_dms": "8 30 41 N",
        "lon_dms": "76 19 42 E",
        "suitability": "high",
        "timestamp": "2026-09-19T05:04:34.915835+00:00",
        "source": "incois_textdata",
        "zone_id": "SEC005_Edaval_160"
      }
    },
    {
      "type": "Feature",
      "geometry": {
        "type": "Point",
        "coordinates": [
          76.34361,
          8.49139
        ]
      },
      "properties": {
        "place": "Vettoor",
        "sector": "SEC005",
        "sector_name": "KERALA",
        "dir": "SW",
        "direction": "SW",
        "bearing": 238,
        "distance": "196-201",
        "depth": "45-50",
        "lat_dms": "8 29 29 N",
        "lon_dms": "76 20 37 E",
        "suitability": "high",
        "timestamp": "2026-09-19T05:04:34.915835+00:00",
        "source": "incois_textdata",
        "zone_id": "SEC005_Vettoor_161"
      }
    },
    {
      "type": "Feature",
      "geometry": {
        "type": "Point",
        "coordinates": [
          76.36389,
          8.47667
        ]
      },
      "properties": {
        "place": "Chilakkoor",
        "sector": "SEC005",
        "sector_name": "KERALA",
        "dir": "SW",
        "direction": "SW",
        "bearing": 235,
        "distance": "191-196",
        "depth": "44-49",
        "lat_dms": "8 28 36 N",
        "lon_dms": "76 21 50 E",
        "suitability": "high",
        "timestamp": "2026-09-19T05:04:34.915835+00:00",
        "source": "incois_textdata",
        "zone_id": "SEC005_Chilakkoor_162"
      }
    },
    {
      "type": "Feature",
      "geometry": {
        "type": "Point",
        "coordinates": [
          76.41333,
          8.47556
        ]
      },
      "properties": {
        "place": "Mampally",
        "sector": "SEC005",
        "sector_name": "KERALA",
        "dir": "SW",
        "direction": "SW",
        "bearing": 239,
        "distance": "144-149",
        "depth": "41-46",
        "lat_dms": "8 28 32 N",
        "lon_dms": "76 24 48 E",
        "suitability": "high",
        "timestamp": "2026-09-19T05:04:34.915835+00:00",
        "source": "incois_textdata",
        "zone_id": "SEC005_Mampally_163"
      }
    },
    {
      "type": "Feature",
      "geometry": {
        "type": "Point",
        "coordinates": [
          76.38833,
          8.47333
        ]
      },
      "properties": {
        "place": "Arivalam&Rathikkal",
        "sector": "SEC005",
        "sector_name": "KERALA",
        "dir": "SW",
        "direction": "SW",
        "bearing": 236,
        "distance": "192-197",
        "depth": "43-48",
        "lat_dms": "8 28 24 N",
        "lon_dms": "76 23 18 E",
        "suitability": "high",
        "timestamp": "2026-09-19T05:04:34.915835+00:00",
        "source": "incois_textdata",
        "zone_id": "SEC005_Arivalam&Rathikkal_164"
      }
    },
    {
      "type": "Feature",
      "geometry": {
        "type": "Point",
        "coordinates": [
          76.43778,
          8.47194
        ]
      },
      "properties": {
        "place": "AnjengoNorth",
        "sector": "SEC005",
        "sector_name": "KERALA",
        "dir": "SW",
        "direction": "SW",
        "bearing": 237,
        "distance": "143-148",
        "depth": "39-44",
        "lat_dms": "8 28 19 N",
        "lon_dms": "76 26 16 E",
        "suitability": "high",
        "timestamp": "2026-09-19T05:04:34.915835+00:00",
        "source": "incois_textdata",
        "zone_id": "SEC005_AnjengoNorth_165"
      }
    },
    {
      "type": "Feature",
      "geometry": {
        "type": "Point",
        "coordinates": [
          76.45778,
          8.45694
        ]
      },
      "properties": {
        "place": "AnjengoSouth",
        "sector": "SEC005",
        "sector_name": "KERALA",
        "dir": "SW",
        "direction": "SW",
        "bearing": 235,
        "distance": "147-152",
        "depth": "38-43",
        "lat_dms": "8 27 25 N",
        "lon_dms": "76 27 28 E",
        "suitability": "high",
        "timestamp": "2026-09-19T05:04:34.915835+00:00",
        "source": "incois_textdata",
        "zone_id": "SEC005_AnjengoSouth_166"
      }
    },
    {
      "type": "Feature",
      "geometry": {
        "type": "Point",
        "coordinates": [
          76.47389,
          8.43806
        ]
      },
      "properties": {
        "place": "Poothura",
        "sector": "SEC005",
        "sector_name": "KERALA",
        "dir": "SW",
        "direction": "SW",
        "bearing": 233,
        "distance": "141-146",
        "depth": "38-43",
        "lat_dms": "8 26 17 N",
        "lon_dms": "76 28 26 E",
        "suitability": "high",
        "timestamp": "2026-09-19T05:04:34.915835+00:00",
        "source": "incois_textdata",
        "zone_id": "SEC005_Poothura_167"
      }
    },
    {
      "type": "Feature",
      "geometry": {
        "type": "Point",
        "coordinates": [
          76.49083,
          8.41972
        ]
      },
      "properties": {
        "place": "Perumathura",
        "sector": "SEC005",
        "sector_name": "KERALA",
        "dir": "SW",
        "direction": "SW",
        "bearing": 235,
        "distance": "133-138",
        "depth": "37-42",
        "lat_dms": "8 25 11 N",
        "lon_dms": "76 29 27 E",
        "suitability": "high",
        "timestamp": "2026-09-19T05:04:34.915835+00:00",
        "source": "incois_textdata",
        "zone_id": "SEC005_Perumathura_168"
      }
    },
    {
      "type": "Feature",
      "geometry": {
        "type": "Point",
        "coordinates": [
          76.51083,
          8.40444
        ]
      },
      "properties": {
        "place": "Puthukurichi",
        "sector": "SEC005",
        "sector_name": "KERALA",
        "dir": "SW",
        "direction": "SW",
        "bearing": 234,
        "distance": "119-124",
        "depth": "37-42",
        "lat_dms": "8 24 16 N",
        "lon_dms": "76 30 39 E",
        "suitability": "high",
        "timestamp": "2026-09-19T05:04:34.915835+00:00",
        "source": "incois_textdata",
        "zone_id": "SEC005_Puthukurichi_169"
      }
    },
    {
      "type": "Feature",
      "geometry": {
        "type": "Point",
        "coordinates": [
          76.64944,
          8.34111
        ]
      },
      "properties": {
        "place": "Valiaveli",
        "sector": "SEC005",
        "sector_name": "KERALA",
        "dir": "SW",
        "direction": "SW",
        "bearing": 234,
        "distance": "71-76",
        "depth": "29-34",
        "lat_dms": "8 20 28 N",
        "lon_dms": "76 38 58 E",
        "suitability": "high",
        "timestamp": "2026-09-19T05:04:34.915835+00:00",
        "source": "incois_textdata",
        "zone_id": "SEC005_Valiaveli_170"
      }
    },
    {
      "type": "Feature",
      "geometry": {
        "type": "Point",
        "coordinates": [
          76.67444,
          8.33306
        ]
      },
      "properties": {
        "place": "Kochuveli",
        "sector": "SEC005",
        "sector_name": "KERALA",
        "dir": "SW",
        "direction": "SW",
        "bearing": 231,
        "distance": "74-79",
        "depth": "28-33",
        "lat_dms": "8 19 59 N",
        "lon_dms": "76 40 28 E",
        "suitability": "high",
        "timestamp": "2026-09-19T05:04:34.915835+00:00",
        "source": "incois_textdata",
        "zone_id": "SEC005_Kochuveli_171"
      }
    },
    {
      "type": "Feature",
      "geometry": {
        "type": "Point",
        "coordinates": [
          76.72694,
          8.33278
        ]
      },
      "properties": {
        "place": "Kannanthura",
        "sector": "SEC005",
        "sector_name": "KERALA",
        "dir": "SW",
        "direction": "SW",
        "bearing": 229,
        "distance": "62-67",
        "depth": "23-28",
        "lat_dms": "8 19 58 N",
        "lon_dms": "76 43 37 E",
        "suitability": "high",
        "timestamp": "2026-09-19T05:04:34.915835+00:00",
        "source": "incois_textdata",
        "zone_id": "SEC005_Kannanthura_172"
      }
    },
    {
      "type": "Feature",
      "geometry": {
        "type": "Point",
        "coordinates": [
          76.70083,
          8.33222
        ]
      },
      "properties": {
        "place": "Vell",
        "sector": "SEC005",
        "sector_name": "KERALA",
        "dir": "SW",
        "direction": "SW",
        "bearing": 228,
        "distance": "69-74",
        "depth": "26-31",
        "lat_dms": "8 19 56 N",
        "lon_dms": "76 42 3 E",
        "suitability": "high",
        "timestamp": "2026-09-19T05:04:34.915835+00:00",
        "source": "incois_textdata",
        "zone_id": "SEC005_Vell_173"
      }
    },
    {
      "type": "Feature",
      "geometry": {
        "type": "Point",
        "coordinates": [
          76.75167,
          8.32361
        ]
      },
      "properties": {
        "place": "Trivandrum",
        "sector": "SEC005",
        "sector_name": "KERALA",
        "dir": "SW",
        "direction": "SW",
        "bearing": 228,
        "distance": "56-61",
        "depth": "22-27",
        "lat_dms": "8 19 25 N",
        "lon_dms": "76 45 6 E",
        "suitability": "high",
        "timestamp": "2026-09-19T05:04:34.915835+00:00",
        "source": "incois_textdata",
        "zone_id": "SEC005_Trivandrum_174"
      }
    },
    {
      "type": "Feature",
      "geometry": {
        "type": "Point",
        "coordinates": [
          76.77333,
          8.30917
        ]
      },
      "properties": {
        "place": "Poonthura",
        "sector": "SEC005",
        "sector_name": "KERALA",
        "dir": "SW",
        "direction": "SW",
        "bearing": 232,
        "distance": "56-61",
        "depth": "21-26",
        "lat_dms": "8 18 33 N",
        "lon_dms": "76 46 24 E",
        "suitability": "high",
        "timestamp": "2026-09-19T05:04:34.915835+00:00",
        "source": "incois_textdata",
        "zone_id": "SEC005_Poonthura_175"
      }
    },
    {
      "type": "Feature",
      "geometry": {
        "type": "Point",
        "coordinates": [
          76.78889,
          8.28778
        ]
      },
      "properties": {
        "place": "Vizhinjam&Kottapuram",
        "sector": "SEC005",
        "sector_name": "KERALA",
        "dir": "SW",
        "direction": "SW",
        "bearing": 241,
        "distance": "54-59",
        "depth": "21-26",
        "lat_dms": "8 17 16 N",
        "lon_dms": "76 47 20 E",
        "suitability": "high",
        "timestamp": "2026-09-19T05:04:34.915835+00:00",
        "source": "incois_textdata",
        "zone_id": "SEC005_Vizhinjam&Kottapuram_176"
      }
    },
    {
      "type": "Feature",
      "geometry": {
        "type": "Point",
        "coordinates": [
          76.80417,
          8.26639
        ]
      },
      "properties": {
        "place": "Vilinjam",
        "sector": "SEC005",
        "sector_name": "KERALA",
        "dir": "SW",
        "direction": "SW",
        "bearing": 236,
        "distance": "59-64",
        "depth": "21-26",
        "lat_dms": "8 15 59 N",
        "lon_dms": "76 48 15 E",
        "suitability": "high",
        "timestamp": "2026-09-19T05:04:34.915835+00:00",
        "source": "incois_textdata",
        "zone_id": "SEC005_Vilinjam_177"
      }
    },
    {
      "type": "Feature",
      "geometry": {
        "type": "Point",
        "coordinates": [
          76.82806,
          8.25694
        ]
      },
      "properties": {
        "place": "VizhinjamNorth",
        "sector": "SEC005",
        "sector_name": "KERALA",
        "dir": "SW",
        "direction": "SW",
        "bearing": 233,
        "distance": "58-63",
        "depth": "20-25",
        "lat_dms": "8 15 25 N",
        "lon_dms": "76 49 41 E",
        "suitability": "high",
        "timestamp": "2026-09-19T05:04:34.915835+00:00",
        "source": "incois_textdata",
        "zone_id": "SEC005_VizhinjamNorth_178"
      }
    },
    {
      "type": "Feature",
      "geometry": {
        "type": "Point",
        "coordinates": [
          76.85417,
          8.25611
        ]
      },
      "properties": {
        "place": "Mariyanadu",
        "sector": "SEC005",
        "sector_name": "KERALA",
        "dir": "SW",
        "direction": "SW",
        "bearing": 235,
        "distance": "54-59",
        "depth": "18-23",
        "lat_dms": "8 15 22 N",
        "lon_dms": "76 51 15 E",
        "suitability": "high",
        "timestamp": "2026-09-19T05:04:34.915835+00:00",
        "source": "incois_textdata",
        "zone_id": "SEC005_Mariyanadu_179"
      }
    },
    {
      "type": "Feature",
      "geometry": {
        "type": "Point",
        "coordinates": [
          79.09333,
          9.06667
        ]
      },
      "properties": {
        "place": "Chinnapalam",
        "sector": "SEC006",
        "sector_name": "TAMILNADU_WEST",
        "dir": "SW",
        "direction": "SW",
        "bearing": 210,
        "distance": "13-18",
        "depth": "24-29",
        "lat_dms": "9 4 0 N",
        "lon_dms": "79 5 36 E",
        "suitability": "high",
        "timestamp": "2026-09-19T05:04:34.736318+00:00",
        "source": "incois_textdata",
        "zone_id": "SEC006_Chinnapalam_000"
      }
    },
    {
      "type": "Feature",
      "geometry": {
        "type": "Point",
        "coordinates": [
          79.02972,
          9.06306
        ]
      },
      "properties": {
        "place": "Mandapam (South)",
        "sector": "SEC006",
        "sector_name": "TAMILNADU_WEST",
        "dir": "SW",
        "direction": "SW",
        "bearing": 209,
        "distance": "11-16",
        "depth": "25-30",
        "lat_dms": "9 3 47 N",
        "lon_dms": "79 1 47 E",
        "suitability": "high",
        "timestamp": "2026-09-19T05:04:34.736318+00:00",
        "source": "incois_textdata",
        "zone_id": "SEC006_Mandapam_(South)_001"
      }
    },
    {
      "type": "Feature",
      "geometry": {
        "type": "Point",
        "coordinates": [
          79.01028,
          9.06111
        ]
      },
      "properties": {
        "place": "Vedhalai",
        "sector": "SEC006",
        "sector_name": "TAMILNADU_WEST",
        "dir": "SW",
        "direction": "SW",
        "bearing": 204,
        "distance": "11-16",
        "depth": "22-27",
        "lat_dms": "9 3 40 N",
        "lon_dms": "79 0 37 E",
        "suitability": "high",
        "timestamp": "2026-09-19T05:04:34.736318+00:00",
        "source": "incois_textdata",
        "zone_id": "SEC006_Vedhalai_002"
      }
    },
    {
      "type": "Feature",
      "geometry": {
        "type": "Point",
        "coordinates": [
          79.07944,
          9.05278
        ]
      },
      "properties": {
        "place": "Pamban Kunthukal",
        "sector": "SEC006",
        "sector_name": "TAMILNADU_WEST",
        "dir": "SW",
        "direction": "SW",
        "bearing": 215,
        "distance": "13-18",
        "depth": "25-30",
        "lat_dms": "9 3 10 N",
        "lon_dms": "79 4 46 E",
        "suitability": "high",
        "timestamp": "2026-09-19T05:04:34.736318+00:00",
        "source": "incois_textdata",
        "zone_id": "SEC006_Pamban_Kunthukal_003"
      }
    },
    {
      "type": "Feature",
      "geometry": {
        "type": "Point",
        "coordinates": [
          78.99278,
          9.05139
        ]
      },
      "properties": {
        "place": "Seeniyappa Dharga",
        "sector": "SEC006",
        "sector_name": "TAMILNADU_WEST",
        "dir": "SW",
        "direction": "SW",
        "bearing": 200,
        "distance": "12-17",
        "depth": "22-27",
        "lat_dms": "9 3 5 N",
        "lon_dms": "78 59 34 E",
        "suitability": "high",
        "timestamp": "2026-09-19T05:04:34.736318+00:00",
        "source": "incois_textdata",
        "zone_id": "SEC006_Seeniyappa_Dharga_004"
      }
    },
    {
      "type": "Feature",
      "geometry": {
        "type": "Point",
        "coordinates": [
          79.04417,
          9.04972
        ]
      },
      "properties": {
        "place": "Munaikadu",
        "sector": "SEC006",
        "sector_name": "TAMILNADU_WEST",
        "dir": "SW",
        "direction": "SW",
        "bearing": 201,
        "distance": "17-22",
        "depth": "26-31",
        "lat_dms": "9 2 59 N",
        "lon_dms": "79 2 39 E",
        "suitability": "high",
        "timestamp": "2026-09-19T05:04:34.736318+00:00",
        "source": "incois_textdata",
        "zone_id": "SEC006_Munaikadu_005"
      }
    },
    {
      "type": "Feature",
      "geometry": {
        "type": "Point",
        "coordinates": [
          79.0625,
          9.04389
        ]
      },
      "properties": {
        "place": "Mandpam (North)",
        "sector": "SEC006",
        "sector_name": "TAMILNADU_WEST",
        "dir": "SW",
        "direction": "SW",
        "bearing": 200,
        "distance": "17-22",
        "depth": "26-31",
        "lat_dms": "9 2 38 N",
        "lon_dms": "79 3 45 E",
        "suitability": "high",
        "timestamp": "2026-09-19T05:04:34.736318+00:00",
        "source": "incois_textdata",
        "zone_id": "SEC006_Mandpam_(North)_006"
      }
    },
    {
      "type": "Feature",
      "geometry": {
        "type": "Point",
        "coordinates": [
          78.97833,
          9.03778
        ]
      },
      "properties": {
        "place": "Valangapuri",
        "sector": "SEC006",
        "sector_name": "TAMILNADU_WEST",
        "dir": "SE",
        "direction": "SE",
        "bearing": 179,
        "distance": "13-18",
        "depth": "23-28",
        "lat_dms": "9 2 16 N",
        "lon_dms": "78 58 42 E",
        "suitability": "high",
        "timestamp": "2026-09-19T05:04:34.736318+00:00",
        "source": "incois_textdata",
        "zone_id": "SEC006_Valangapuri_007"
      }
    },
    {
      "type": "Feature",
      "geometry": {
        "type": "Point",
        "coordinates": [
          78.96,
          9.03028
        ]
      },
      "properties": {
        "place": "Muttupettai",
        "sector": "SEC006",
        "sector_name": "TAMILNADU_WEST",
        "dir": "SE",
        "direction": "SE",
        "bearing": 171,
        "distance": "8-13",
        "depth": "24-29",
        "lat_dms": "9 1 49 N",
        "lon_dms": "78 57 36 E",
        "suitability": "high",
        "timestamp": "2026-09-19T05:04:34.736318+00:00",
        "source": "incois_textdata",
        "zone_id": "SEC006_Muttupettai_008"
      }
    },
    {
      "type": "Feature",
      "geometry": {
        "type": "Point",
        "coordinates": [
          78.94028,
          9.02833
        ]
      },
      "properties": {
        "place": "Inthira Nagar",
        "sector": "SEC006",
        "sector_name": "TAMILNADU_WEST",
        "dir": "SE",
        "direction": "SE",
        "bearing": 176,
        "distance": "10-15",
        "depth": "24-29",
        "lat_dms": "9 1 42 N",
        "lon_dms": "78 56 25 E",
        "suitability": "high",
        "timestamp": "2026-09-19T05:04:34.736318+00:00",
        "source": "incois_textdata",
        "zone_id": "SEC006_Inthira_Nagar_009"
      }
    },
    {
      "type": "Feature",
      "geometry": {
        "type": "Point",
        "coordinates": [
          78.82944,
          8.98917
        ]
      },
      "properties": {
        "place": "Panaikulam",
        "sector": "SEC006",
        "sector_name": "TAMILNADU_WEST",
        "dir": "SW",
        "direction": "SW",
        "bearing": 198,
        "distance": "28-33",
        "depth": "43-48",
        "lat_dms": "8 59 21 N",
        "lon_dms": "78 49 46 E",
        "suitability": "high",
        "timestamp": "2026-09-19T05:04:34.736318+00:00",
        "source": "incois_textdata",
        "zone_id": "SEC006_Panaikulam_010"
      }
    },
    {
      "type": "Feature",
      "geometry": {
        "type": "Point",
        "coordinates": [
          78.81722,
          8.98111
        ]
      },
      "properties": {
        "place": "Pudukkudi",
        "sector": "SEC006",
        "sector_name": "TAMILNADU_WEST",
        "dir": "SW",
        "direction": "SW",
        "bearing": 201,
        "distance": "28-33",
        "depth": "44-49",
        "lat_dms": "8 58 52 N",
        "lon_dms": "78 49 2 E",
        "suitability": "high",
        "timestamp": "2026-09-19T05:04:34.736318+00:00",
        "source": "incois_textdata",
        "zone_id": "SEC006_Pudukkudi_011"
      }
    },
    {
      "type": "Feature",
      "geometry": {
        "type": "Point",
        "coordinates": [
          78.80278,
          8.97889
        ]
      },
      "properties": {
        "place": "Alagankulam",
        "sector": "SEC006",
        "sector_name": "TAMILNADU_WEST",
        "dir": "SW",
        "direction": "SW",
        "bearing": 204,
        "distance": "30-35",
        "depth": "44-49",
        "lat_dms": "8 58 44 N",
        "lon_dms": "78 48 10 E",
        "suitability": "high",
        "timestamp": "2026-09-19T05:04:34.736318+00:00",
        "source": "incois_textdata",
        "zone_id": "SEC006_Alagankulam_012"
      }
    },
    {
      "type": "Feature",
      "geometry": {
        "type": "Point",
        "coordinates": [
          78.78806,
          8.97889
        ]
      },
      "properties": {
        "place": "Atrangarai",
        "sector": "SEC006",
        "sector_name": "TAMILNADU_WEST",
        "dir": "SW",
        "direction": "SW",
        "bearing": 209,
        "distance": "29-34",
        "depth": "44-49",
        "lat_dms": "8 58 44 N",
        "lon_dms": "78 47 17 E",
        "suitability": "high",
        "timestamp": "2026-09-19T05:04:34.736318+00:00",
        "source": "incois_textdata",
        "zone_id": "SEC006_Atrangarai_013"
      }
    },
    {
      "type": "Feature",
      "geometry": {
        "type": "Point",
        "coordinates": [
          78.77389,
          8.97528
        ]
      },
      "properties": {
        "place": "Rojma Nagar",
        "sector": "SEC006",
        "sector_name": "TAMILNADU_WEST",
        "dir": "SE",
        "direction": "SE",
        "bearing": 107,
        "distance": "31-36",
        "depth": "42-47",
        "lat_dms": "8 58 31 N",
        "lon_dms": "78 46 26 E",
        "suitability": "high",
        "timestamp": "2026-09-19T05:04:34.736318+00:00",
        "source": "incois_textdata",
        "zone_id": "SEC006_Rojma_Nagar_014"
      }
    },
    {
      "type": "Feature",
      "geometry": {
        "type": "Point",
        "coordinates": [
          78.76306,
          8.96583
        ]
      },
      "properties": {
        "place": "Terku Mookkaiyur",
        "sector": "SEC006",
        "sector_name": "TAMILNADU_WEST",
        "dir": "SE",
        "direction": "SE",
        "bearing": 120,
        "distance": "35-40",
        "depth": "33-38",
        "lat_dms": "8 57 57 N",
        "lon_dms": "78 45 47 E",
        "suitability": "high",
        "timestamp": "2026-09-19T05:04:34.736318+00:00",
        "source": "incois_textdata",
        "zone_id": "SEC006_Terku_Mookkaiyur_015"
      }
    },
    {
      "type": "Feature",
      "geometry": {
        "type": "Point",
        "coordinates": [
          78.75806,
          8.95222
        ]
      },
      "properties": {
        "place": "Kalimankundu",
        "sector": "SEC006",
        "sector_name": "TAMILNADU_WEST",
        "dir": "SW",
        "direction": "SW",
        "bearing": 201,
        "distance": "36-41",
        "depth": "33-38",
        "lat_dms": "8 57 8 N",
        "lon_dms": "78 45 29 E",
        "suitability": "high",
        "timestamp": "2026-09-19T05:04:34.736318+00:00",
        "source": "incois_textdata",
        "zone_id": "SEC006_Kalimankundu_016"
      }
    },
    {
      "type": "Feature",
      "geometry": {
        "type": "Point",
        "coordinates": [
          78.75389,
          8.93944
        ]
      },
      "properties": {
        "place": "Kilakarai",
        "sector": "SEC006",
        "sector_name": "TAMILNADU_WEST",
        "dir": "SW",
        "direction": "SW",
        "bearing": 186,
        "distance": "29-34",
        "depth": "29-34",
        "lat_dms": "8 56 22 N",
        "lon_dms": "78 45 14 E",
        "suitability": "high",
        "timestamp": "2026-09-19T05:04:34.736318+00:00",
        "source": "incois_textdata",
        "zone_id": "SEC006_Kilakarai_017"
      }
    },
    {
      "type": "Feature",
      "geometry": {
        "type": "Point",
        "coordinates": [
          78.74056,
          8.93389
        ]
      },
      "properties": {
        "place": "Chinna Ervadi",
        "sector": "SEC006",
        "sector_name": "TAMILNADU_WEST",
        "dir": "SE",
        "direction": "SE",
        "bearing": 175,
        "distance": "37-42",
        "depth": "27-32",
        "lat_dms": "8 56 2 N",
        "lon_dms": "78 44 26 E",
        "suitability": "high",
        "timestamp": "2026-09-19T05:04:34.736318+00:00",
        "source": "incois_textdata",
        "zone_id": "SEC006_Chinna_Ervadi_018"
      }
    },
    {
      "type": "Feature",
      "geometry": {
        "type": "Point",
        "coordinates": [
          78.72583,
          8.93167
        ]
      },
      "properties": {
        "place": "Valinokkam",
        "sector": "SEC006",
        "sector_name": "TAMILNADU_WEST",
        "dir": "SE",
        "direction": "SE",
        "bearing": 162,
        "distance": "39-44",
        "depth": "24-29",
        "lat_dms": "8 55 54 N",
        "lon_dms": "78 43 33 E",
        "suitability": "high",
        "timestamp": "2026-09-19T05:04:34.736318+00:00",
        "source": "incois_textdata",
        "zone_id": "SEC006_Valinokkam_019"
      }
    },
    {
      "type": "Feature",
      "geometry": {
        "type": "Point",
        "coordinates": [
          78.51333,
          8.91528
        ]
      },
      "properties": {
        "place": "Pathanendal",
        "sector": "SEC006",
        "sector_name": "TAMILNADU_WEST",
        "dir": "SW",
        "direction": "SW",
        "bearing": 214,
        "distance": "23-28",
        "depth": "76-81",
        "lat_dms": "8 54 55 N",
        "lon_dms": "78 30 48 E",
        "suitability": "high",
        "timestamp": "2026-09-19T05:04:34.736318+00:00",
        "source": "incois_textdata",
        "zone_id": "SEC006_Pathanendal_020"
      }
    },
    {
      "type": "Feature",
      "geometry": {
        "type": "Point",
        "coordinates": [
          78.50028,
          8.91167
        ]
      },
      "properties": {
        "place": "Devipattinam",
        "sector": "SEC006",
        "sector_name": "TAMILNADU_WEST",
        "dir": "SW",
        "direction": "SW",
        "bearing": 215,
        "distance": "18-23",
        "depth": "73-78",
        "lat_dms": "8 54 42 N",
        "lon_dms": "78 30 1 E",
        "suitability": "high",
        "timestamp": "2026-09-19T05:04:34.736318+00:00",
        "source": "incois_textdata",
        "zone_id": "SEC006_Devipattinam_021"
      }
    },
    {
      "type": "Feature",
      "geometry": {
        "type": "Point",
        "coordinates": [
          78.59028,
          8.90861
        ]
      },
      "properties": {
        "place": "Verkode",
        "sector": "SEC006",
        "sector_name": "TAMILNADU_WEST",
        "dir": "SW",
        "direction": "SW",
        "bearing": 243,
        "distance": "33-38",
        "depth": "86-91",
        "lat_dms": "8 54 31 N",
        "lon_dms": "78 35 25 E",
        "suitability": "high",
        "timestamp": "2026-09-19T05:04:34.736318+00:00",
        "source": "incois_textdata",
        "zone_id": "SEC006_Verkode_022"
      }
    },
    {
      "type": "Feature",
      "geometry": {
        "type": "Point",
        "coordinates": [
          78.52417,
          8.90722
        ]
      },
      "properties": {
        "place": "Thirupalaikudi North",
        "sector": "SEC006",
        "sector_name": "TAMILNADU_WEST",
        "dir": "SW",
        "direction": "SW",
        "bearing": 211,
        "distance": "29-34",
        "depth": "79-84",
        "lat_dms": "8 54 26 N",
        "lon_dms": "78 31 27 E",
        "suitability": "high",
        "timestamp": "2026-09-19T05:04:34.736318+00:00",
        "source": "incois_textdata",
        "zone_id": "SEC006_Thirupalaikudi_North_023"
      }
    },
    {
      "type": "Feature",
      "geometry": {
        "type": "Point",
        "coordinates": [
          78.57778,
          8.90222
        ]
      },
      "properties": {
        "place": "Moreppanai",
        "sector": "SEC006",
        "sector_name": "TAMILNADU_WEST",
        "dir": "SW",
        "direction": "SW",
        "bearing": 207,
        "distance": "32-37",
        "depth": "84-89",
        "lat_dms": "8 54 8 N",
        "lon_dms": "78 34 40 E",
        "suitability": "high",
        "timestamp": "2026-09-19T05:04:34.736318+00:00",
        "source": "incois_textdata",
        "zone_id": "SEC006_Moreppanai_024"
      }
    },
    {
      "type": "Feature",
      "geometry": {
        "type": "Point",
        "coordinates": [
          78.53667,
          8.90056
        ]
      },
      "properties": {
        "place": "Pamban Light House",
        "sector": "SEC006",
        "sector_name": "TAMILNADU_WEST",
        "dir": "SW",
        "direction": "SW",
        "bearing": 240,
        "distance": "32-37",
        "depth": "83-88",
        "lat_dms": "8 54 2 N",
        "lon_dms": "78 32 12 E",
        "suitability": "high",
        "timestamp": "2026-09-19T05:04:34.736318+00:00",
        "source": "incois_textdata",
        "zone_id": "SEC006_Pamban_Light_House_025"
      }
    },
    {
      "type": "Feature",
      "geometry": {
        "type": "Point",
        "coordinates": [
          78.49139,
          8.90056
        ]
      },
      "properties": {
        "place": "Devipattinam South",
        "sector": "SEC006",
        "sector_name": "TAMILNADU_WEST",
        "dir": "SW",
        "direction": "SW",
        "bearing": 215,
        "distance": "16-21",
        "depth": "74-79",
        "lat_dms": "8 54 2 N",
        "lon_dms": "78 29 29 E",
        "suitability": "high",
        "timestamp": "2026-09-19T05:04:34.736318+00:00",
        "source": "incois_textdata",
        "zone_id": "SEC006_Devipattinam_South_026"
      }
    },
    {
      "type": "Feature",
      "geometry": {
        "type": "Point",
        "coordinates": [
          78.55056,
          8.89833
        ]
      },
      "properties": {
        "place": "Thangachimadam",
        "sector": "SEC006",
        "sector_name": "TAMILNADU_WEST",
        "dir": "SW",
        "direction": "SW",
        "bearing": 241,
        "distance": "34-39",
        "depth": "85-90",
        "lat_dms": "8 53 54 N",
        "lon_dms": "78 33 2 E",
        "suitability": "high",
        "timestamp": "2026-09-19T05:04:34.736318+00:00",
        "source": "incois_textdata",
        "zone_id": "SEC006_Thangachimadam_027"
      }
    },
    {
      "type": "Feature",
      "geometry": {
        "type": "Point",
        "coordinates": [
          78.56444,
          8.89806
        ]
      },
      "properties": {
        "place": "Villundi",
        "sector": "SEC006",
        "sector_name": "TAMILNADU_WEST",
        "dir": "SW",
        "direction": "SW",
        "bearing": 240,
        "distance": "33-38",
        "depth": "85-90",
        "lat_dms": "8 53 53 N",
        "lon_dms": "78 33 52 E",
        "suitability": "high",
        "timestamp": "2026-09-19T05:04:34.736318+00:00",
        "source": "incois_textdata",
        "zone_id": "SEC006_Villundi_028"
      }
    },
    {
      "type": "Feature",
      "geometry": {
        "type": "Point",
        "coordinates": [
          78.4825,
          8.89
        ]
      },
      "properties": {
        "place": "Mudiveeranpattinam",
        "sector": "SEC006",
        "sector_name": "TAMILNADU_WEST",
        "dir": "SW",
        "direction": "SW",
        "bearing": 218,
        "distance": "18-23",
        "depth": "73-78",
        "lat_dms": "8 53 24 N",
        "lon_dms": "78 28 57 E",
        "suitability": "high",
        "timestamp": "2026-09-19T05:04:34.736318+00:00",
        "source": "incois_textdata",
        "zone_id": "SEC006_Mudiveeranpattinam_029"
      }
    },
    {
      "type": "Feature",
      "geometry": {
        "type": "Point",
        "coordinates": [
          78.4175,
          8.86694
        ]
      },
      "properties": {
        "place": "Soliyakudi Harbour",
        "sector": "SEC006",
        "sector_name": "TAMILNADU_WEST",
        "dir": "SW",
        "direction": "SW",
        "bearing": 214,
        "distance": "13-18",
        "depth": "108-113",
        "lat_dms": "8 52 1 N",
        "lon_dms": "78 25 3 E",
        "suitability": "high",
        "timestamp": "2026-09-19T05:04:34.736318+00:00",
        "source": "incois_textdata",
        "zone_id": "SEC006_Soliyakudi_Harbour_030"
      }
    },
    {
      "type": "Feature",
      "geometry": {
        "type": "Point",
        "coordinates": [
          78.41167,
          8.85417
        ]
      },
      "properties": {
        "place": "Olaikuda",
        "sector": "SEC006",
        "sector_name": "TAMILNADU_WEST",
        "dir": "SW",
        "direction": "SW",
        "bearing": 243,
        "distance": "15-20",
        "depth": "109-114",
        "lat_dms": "8 51 15 N",
        "lon_dms": "78 24 42 E",
        "suitability": "high",
        "timestamp": "2026-09-19T05:04:34.736318+00:00",
        "source": "incois_textdata",
        "zone_id": "SEC006_Olaikuda_031"
      }
    },
    {
      "type": "Feature",
      "geometry": {
        "type": "Point",
        "coordinates": [
          78.40889,
          8.84
        ]
      },
      "properties": {
        "place": "Tiruvettriyur",
        "sector": "SEC006",
        "sector_name": "TAMILNADU_WEST",
        "dir": "SW",
        "direction": "SW",
        "bearing": 214,
        "distance": "17-22",
        "depth": "110-115",
        "lat_dms": "8 50 24 N",
        "lon_dms": "78 24 32 E",
        "suitability": "high",
        "timestamp": "2026-09-19T05:04:34.736318+00:00",
        "source": "incois_textdata",
        "zone_id": "SEC006_Tiruvettriyur_032"
      }
    },
    {
      "type": "Feature",
      "geometry": {
        "type": "Point",
        "coordinates": [
          78.40167,
          8.82778
        ]
      },
      "properties": {
        "place": "Mukuntharayarchatram",
        "sector": "SEC006",
        "sector_name": "TAMILNADU_WEST",
        "dir": "SW",
        "direction": "SW",
        "bearing": 249,
        "distance": "16-21",
        "depth": "111-116",
        "lat_dms": "8 49 40 N",
        "lon_dms": "78 24 6 E",
        "suitability": "high",
        "timestamp": "2026-09-19T05:04:34.736318+00:00",
        "source": "incois_textdata",
        "zone_id": "SEC006_Mukuntharayarchatram_033"
      }
    },
    {
      "type": "Feature",
      "geometry": {
        "type": "Point",
        "coordinates": [
          78.38861,
          8.8225
        ]
      },
      "properties": {
        "place": "Pudhupattinam",
        "sector": "SEC006",
        "sector_name": "TAMILNADU_WEST",
        "dir": "SW",
        "direction": "SW",
        "bearing": 214,
        "distance": "15-20",
        "depth": "110-115",
        "lat_dms": "8 49 21 N",
        "lon_dms": "78 23 19 E",
        "suitability": "high",
        "timestamp": "2026-09-19T05:04:34.736318+00:00",
        "source": "incois_textdata",
        "zone_id": "SEC006_Pudhupattinam_034"
      }
    },
    {
      "type": "Feature",
      "geometry": {
        "type": "Point",
        "coordinates": [
          78.37417,
          8.82222
        ]
      },
      "properties": {
        "place": "Rameshwaram Harbour",
        "sector": "SEC006",
        "sector_name": "TAMILNADU_WEST",
        "dir": "SW",
        "direction": "SW",
        "bearing": 244,
        "distance": "15-20",
        "depth": "111-116",
        "lat_dms": "8 49 20 N",
        "lon_dms": "78 22 27 E",
        "suitability": "high",
        "timestamp": "2026-09-19T05:04:34.736318+00:00",
        "source": "incois_textdata",
        "zone_id": "SEC006_Rameshwaram_Harbour_035"
      }
    },
    {
      "type": "Feature",
      "geometry": {
        "type": "Point",
        "coordinates": [
          78.36389,
          8.81278
        ]
      },
      "properties": {
        "place": "Mullimanai",
        "sector": "SEC006",
        "sector_name": "TAMILNADU_WEST",
        "dir": "SW",
        "direction": "SW",
        "bearing": 215,
        "distance": "15-20",
        "depth": "110-115",
        "lat_dms": "8 48 46 N",
        "lon_dms": "78 21 50 E",
        "suitability": "high",
        "timestamp": "2026-09-19T05:04:34.736318+00:00",
        "source": "incois_textdata",
        "zone_id": "SEC006_Mullimanai_036"
      }
    },
    {
      "type": "Feature",
      "geometry": {
        "type": "Point",
        "coordinates": [
          78.35917,
          8.79917
        ]
      },
      "properties": {
        "place": "Karankadu",
        "sector": "SEC006",
        "sector_name": "TAMILNADU_WEST",
        "dir": "SW",
        "direction": "SW",
        "bearing": 215,
        "distance": "13-18",
        "depth": "110-115",
        "lat_dms": "8 47 57 N",
        "lon_dms": "78 21 33 E",
        "suitability": "high",
        "timestamp": "2026-09-19T05:04:34.736318+00:00",
        "source": "incois_textdata",
        "zone_id": "SEC006_Karankadu_037"
      }
    },
    {
      "type": "Feature",
      "geometry": {
        "type": "Point",
        "coordinates": [
          78.3575,
          8.785
        ]
      },
      "properties": {
        "place": "Lipuram",
        "sector": "SEC006",
        "sector_name": "TAMILNADU_WEST",
        "dir": "NE",
        "direction": "NE",
        "bearing": 50,
        "distance": "13-18",
        "depth": "111-116",
        "lat_dms": "8 47 6 N",
        "lon_dms": "78 21 27 E",
        "suitability": "high",
        "timestamp": "2026-09-19T05:04:34.736318+00:00",
        "source": "incois_textdata",
        "zone_id": "SEC006_Lipuram_038"
      }
    },
    {
      "type": "Feature",
      "geometry": {
        "type": "Point",
        "coordinates": [
          78.35306,
          8.77139
        ]
      },
      "properties": {
        "place": "Arockiyapuram",
        "sector": "SEC006",
        "sector_name": "TAMILNADU_WEST",
        "dir": "NE",
        "direction": "NE",
        "bearing": 50,
        "distance": "11-16",
        "depth": "109-114",
        "lat_dms": "8 46 17 N",
        "lon_dms": "78 21 11 E",
        "suitability": "high",
        "timestamp": "2026-09-19T05:04:34.736318+00:00",
        "source": "incois_textdata",
        "zone_id": "SEC006_Arockiyapuram_039"
      }
    },
    {
      "type": "Feature",
      "geometry": {
        "type": "Point",
        "coordinates": [
          78.315,
          8.73639
        ]
      },
      "properties": {
        "place": "Palanivalasai",
        "sector": "SEC006",
        "sector_name": "TAMILNADU_WEST",
        "dir": "SW",
        "direction": "SW",
        "bearing": 221,
        "distance": "9-14",
        "depth": "97-102",
        "lat_dms": "8 44 11 N",
        "lon_dms": "78 18 54 E",
        "suitability": "high",
        "timestamp": "2026-09-19T05:04:34.736318+00:00",
        "source": "incois_textdata",
        "zone_id": "SEC006_Palanivalasai_040"
      }
    },
    {
      "type": "Feature",
      "geometry": {
        "type": "Point",
        "coordinates": [
          78.3125,
          8.72389
        ]
      },
      "properties": {
        "place": "Pudhuvalasaichathiram",
        "sector": "SEC006",
        "sector_name": "TAMILNADU_WEST",
        "dir": "SW",
        "direction": "SW",
        "bearing": 223,
        "distance": "11-16",
        "depth": "98-103",
        "lat_dms": "8 43 26 N",
        "lon_dms": "78 18 45 E",
        "suitability": "high",
        "timestamp": "2026-09-19T05:04:34.736318+00:00",
        "source": "incois_textdata",
        "zone_id": "SEC006_Pudhuvalasaichathiram_041"
      }
    },
    {
      "type": "Feature",
      "geometry": {
        "type": "Point",
        "coordinates": [
          78.31361,
          8.71083
        ]
      },
      "properties": {
        "place": "Kuttapuli",
        "sector": "SEC006",
        "sector_name": "TAMILNADU_WEST",
        "dir": "NE",
        "direction": "NE",
        "bearing": 51,
        "distance": "12-17",
        "depth": "96-101",
        "lat_dms": "8 42 39 N",
        "lon_dms": "78 18 49 E",
        "suitability": "high",
        "timestamp": "2026-09-19T05:04:34.736318+00:00",
        "source": "incois_textdata",
        "zone_id": "SEC006_Kuttapuli_042"
      }
    },
    {
      "type": "Feature",
      "geometry": {
        "type": "Point",
        "coordinates": [
          78.30917,
          8.69944
        ]
      },
      "properties": {
        "place": "Chettikulam",
        "sector": "SEC006",
        "sector_name": "TAMILNADU_WEST",
        "dir": "NE",
        "direction": "NE",
        "bearing": 51,
        "distance": "15-20",
        "depth": "93-98",
        "lat_dms": "8 41 58 N",
        "lon_dms": "78 18 33 E",
        "suitability": "high",
        "timestamp": "2026-09-19T05:04:34.736318+00:00",
        "source": "incois_textdata",
        "zone_id": "SEC006_Chettikulam_043"
      }
    },
    {
      "type": "Feature",
      "geometry": {
        "type": "Point",
        "coordinates": [
          78.29361,
          8.68194
        ]
      },
      "properties": {
        "place": "Kudangulam",
        "sector": "SEC006",
        "sector_name": "TAMILNADU_WEST",
        "dir": "NE",
        "direction": "NE",
        "bearing": 48,
        "distance": "13-18",
        "depth": "82-87",
        "lat_dms": "8 40 55 N",
        "lon_dms": "78 17 37 E",
        "suitability": "high",
        "timestamp": "2026-09-19T05:04:34.736318+00:00",
        "source": "incois_textdata",
        "zone_id": "SEC006_Kudangulam_044"
      }
    },
    {
      "type": "Feature",
      "geometry": {
        "type": "Point",
        "coordinates": [
          78.29556,
          8.66917
        ]
      },
      "properties": {
        "place": "Idinthakarai",
        "sector": "SEC006",
        "sector_name": "TAMILNADU_WEST",
        "dir": "NE",
        "direction": "NE",
        "bearing": 48,
        "distance": "14-19",
        "depth": "79-84",
        "lat_dms": "8 40 9 N",
        "lon_dms": "78 17 44 E",
        "suitability": "high",
        "timestamp": "2026-09-19T05:04:34.736318+00:00",
        "source": "incois_textdata",
        "zone_id": "SEC006_Idinthakarai_045"
      }
    },
    {
      "type": "Feature",
      "geometry": {
        "type": "Point",
        "coordinates": [
          78.29611,
          8.65611
        ]
      },
      "properties": {
        "place": "Perumanal",
        "sector": "SEC006",
        "sector_name": "TAMILNADU_WEST",
        "dir": "NE",
        "direction": "NE",
        "bearing": 49,
        "distance": "16-21",
        "depth": "77-82",
        "lat_dms": "8 39 22 N",
        "lon_dms": "78 17 46 E",
        "suitability": "high",
        "timestamp": "2026-09-19T05:04:34.736318+00:00",
        "source": "incois_textdata",
        "zone_id": "SEC006_Perumanal_046"
      }
    },
    {
      "type": "Feature",
      "geometry": {
        "type": "Point",
        "coordinates": [
          78.29472,
          8.64333
        ]
      },
      "properties": {
        "place": "Thommayarpuram(Muddukuli",
        "sector": "SEC006",
        "sector_name": "TAMILNADU_WEST",
        "dir": "NE",
        "direction": "NE",
        "bearing": 49,
        "distance": "15-20",
        "depth": "73-78",
        "lat_dms": "8 38 36 N",
        "lon_dms": "78 17 41 E",
        "suitability": "high",
        "timestamp": "2026-09-19T05:04:34.736318+00:00",
        "source": "incois_textdata",
        "zone_id": "SEC006_Thommayarpuram(Muddukuli_047"
      }
    },
    {
      "type": "Feature",
      "geometry": {
        "type": "Point",
        "coordinates": [
          78.29056,
          8.63111
        ]
      },
      "properties": {
        "place": "Vembar",
        "sector": "SEC006",
        "sector_name": "TAMILNADU_WEST",
        "dir": "SW",
        "direction": "SW",
        "bearing": 189,
        "distance": "14-19",
        "depth": "47-52",
        "lat_dms": "8 37 52 N",
        "lon_dms": "78 17 26 E",
        "suitability": "high",
        "timestamp": "2026-09-19T05:04:34.736318+00:00",
        "source": "incois_textdata",
        "zone_id": "SEC006_Vembar_048"
      }
    },
    {
      "type": "Feature",
      "geometry": {
        "type": "Point",
        "coordinates": [
          78.28778,
          8.59139
        ]
      },
      "properties": {
        "place": "Periasamypuram",
        "sector": "SEC006",
        "sector_name": "TAMILNADU_WEST",
        "dir": "SW",
        "direction": "SW",
        "bearing": 185,
        "distance": "12-17",
        "depth": "47-52",
        "lat_dms": "8 35 29 N",
        "lon_dms": "78 17 16 E",
        "suitability": "high",
        "timestamp": "2026-09-19T05:04:34.736318+00:00",
        "source": "incois_textdata",
        "zone_id": "SEC006_Periasamypuram_049"
      }
    },
    {
      "type": "Feature",
      "geometry": {
        "type": "Point",
        "coordinates": [
          78.28778,
          8.5775
        ]
      },
      "properties": {
        "place": "Keezhavaippar",
        "sector": "SEC006",
        "sector_name": "TAMILNADU_WEST",
        "dir": "SE",
        "direction": "SE",
        "bearing": 176,
        "distance": "15-20",
        "depth": "43-48",
        "lat_dms": "8 34 39 N",
        "lon_dms": "78 17 16 E",
        "suitability": "high",
        "timestamp": "2026-09-19T05:04:34.736318+00:00",
        "source": "incois_textdata",
        "zone_id": "SEC006_Keezhavaippar_050"
      }
    },
    {
      "type": "Feature",
      "geometry": {
        "type": "Point",
        "coordinates": [
          78.28889,
          8.56361
        ]
      },
      "properties": {
        "place": "Sippikulam",
        "sector": "SEC006",
        "sector_name": "TAMILNADU_WEST",
        "dir": "SE",
        "direction": "SE",
        "bearing": 175,
        "distance": "16-21",
        "depth": "45-50",
        "lat_dms": "8 33 49 N",
        "lon_dms": "78 17 20 E",
        "suitability": "high",
        "timestamp": "2026-09-19T05:04:34.736318+00:00",
        "source": "incois_textdata",
        "zone_id": "SEC006_Sippikulam_051"
      }
    },
    {
      "type": "Feature",
      "geometry": {
        "type": "Point",
        "coordinates": [
          78.28389,
          8.55111
        ]
      },
      "properties": {
        "place": "Veppalodai",
        "sector": "SEC006",
        "sector_name": "TAMILNADU_WEST",
        "dir": "SE",
        "direction": "SE",
        "bearing": 169,
        "distance": "16-21",
        "depth": "43-48",
        "lat_dms": "8 33 4 N",
        "lon_dms": "78 17 2 E",
        "suitability": "high",
        "timestamp": "2026-09-19T05:04:34.736318+00:00",
        "source": "incois_textdata",
        "zone_id": "SEC006_Veppalodai_052"
      }
    },
    {
      "type": "Feature",
      "geometry": {
        "type": "Point",
        "coordinates": [
          78.27278,
          8.54306
        ]
      },
      "properties": {
        "place": "Pattanamarudur",
        "sector": "SEC006",
        "sector_name": "TAMILNADU_WEST",
        "dir": "SE",
        "direction": "SE",
        "bearing": 167,
        "distance": "13-18",
        "depth": "40-45",
        "lat_dms": "8 32 35 N",
        "lon_dms": "78 16 22 E",
        "suitability": "high",
        "timestamp": "2026-09-19T05:04:34.736318+00:00",
        "source": "incois_textdata",
        "zone_id": "SEC006_Pattanamarudur_053"
      }
    },
    {
      "type": "Feature",
      "geometry": {
        "type": "Point",
        "coordinates": [
          78.265,
          8.53222
        ]
      },
      "properties": {
        "place": "Tharuvaikulam",
        "sector": "SEC006",
        "sector_name": "TAMILNADU_WEST",
        "dir": "SE",
        "direction": "SE",
        "bearing": 166,
        "distance": "15-20",
        "depth": "38-43",
        "lat_dms": "8 31 56 N",
        "lon_dms": "78 15 54 E",
        "suitability": "high",
        "timestamp": "2026-09-19T05:04:34.736318+00:00",
        "source": "incois_textdata",
        "zone_id": "SEC006_Tharuvaikulam_054"
      }
    },
    {
      "type": "Feature",
      "geometry": {
        "type": "Point",
        "coordinates": [
          78.26167,
          8.51861
        ]
      },
      "properties": {
        "place": "Vellapatti",
        "sector": "SEC006",
        "sector_name": "TAMILNADU_WEST",
        "dir": "SE",
        "direction": "SE",
        "bearing": 164,
        "distance": "17-22",
        "depth": "36-41",
        "lat_dms": "8 31 7 N",
        "lon_dms": "78 15 42 E",
        "suitability": "high",
        "timestamp": "2026-09-19T05:04:34.736318+00:00",
        "source": "incois_textdata",
        "zone_id": "SEC006_Vellapatti_055"
      }
    },
    {
      "type": "Feature",
      "geometry": {
        "type": "Point",
        "coordinates": [
          78.26028,
          8.50472
        ]
      },
      "properties": {
        "place": "Thalamuthunagar",
        "sector": "SEC006",
        "sector_name": "TAMILNADU_WEST",
        "dir": "SE",
        "direction": "SE",
        "bearing": 164,
        "distance": "12-17",
        "depth": "35-40",
        "lat_dms": "8 30 17 N",
        "lon_dms": "78 15 37 E",
        "suitability": "high",
        "timestamp": "2026-09-19T05:04:34.736318+00:00",
        "source": "incois_textdata",
        "zone_id": "SEC006_Thalamuthunagar_056"
      }
    },
    {
      "type": "Feature",
      "geometry": {
        "type": "Point",
        "coordinates": [
          78.25583,
          8.49167
        ]
      },
      "properties": {
        "place": "Therespuram",
        "sector": "SEC006",
        "sector_name": "TAMILNADU_WEST",
        "dir": "SE",
        "direction": "SE",
        "bearing": 164,
        "distance": "12-17",
        "depth": "34-39",
        "lat_dms": "8 29 30 N",
        "lon_dms": "78 15 21 E",
        "suitability": "high",
        "timestamp": "2026-09-19T05:04:34.736318+00:00",
        "source": "incois_textdata",
        "zone_id": "SEC006_Therespuram_057"
      }
    },
    {
      "type": "Feature",
      "geometry": {
        "type": "Point",
        "coordinates": [
          78.24694,
          8.48111
        ]
      },
      "properties": {
        "place": "Thoothukudi",
        "sector": "SEC006",
        "sector_name": "TAMILNADU_WEST",
        "dir": "SE",
        "direction": "SE",
        "bearing": 165,
        "distance": "12-17",
        "depth": "33-38",
        "lat_dms": "8 28 52 N",
        "lon_dms": "78 14 49 E",
        "suitability": "high",
        "timestamp": "2026-09-19T05:04:34.736318+00:00",
        "source": "incois_textdata",
        "zone_id": "SEC006_Thoothukudi_058"
      }
    },
    {
      "type": "Feature",
      "geometry": {
        "type": "Point",
        "coordinates": [
          78.20861,
          8.44444
        ]
      },
      "properties": {
        "place": "Inico nagar",
        "sector": "SEC006",
        "sector_name": "TAMILNADU_WEST",
        "dir": "SE",
        "direction": "SE",
        "bearing": 172,
        "distance": "13-18",
        "depth": "36-41",
        "lat_dms": "8 26 40 N",
        "lon_dms": "78 12 31 E",
        "suitability": "high",
        "timestamp": "2026-09-19T05:04:34.736318+00:00",
        "source": "incois_textdata",
        "zone_id": "SEC006_Inico_nagar_059"
      }
    },
    {
      "type": "Feature",
      "geometry": {
        "type": "Point",
        "coordinates": [
          78.20056,
          8.43056
        ]
      },
      "properties": {
        "place": "Pandyan",
        "sector": "SEC006",
        "sector_name": "TAMILNADU_WEST",
        "dir": "S",
        "direction": "S",
        "bearing": 180,
        "distance": "13-18",
        "depth": "36-41",
        "lat_dms": "8 25 50 N",
        "lon_dms": "78 12 2 E",
        "suitability": "high",
        "timestamp": "2026-09-19T05:04:34.736318+00:00",
        "source": "incois_textdata",
        "zone_id": "SEC006_Pandyan_060"
      }
    },
    {
      "type": "Feature",
      "geometry": {
        "type": "Point",
        "coordinates": [
          78.19167,
          8.4175
        ]
      },
      "properties": {
        "place": "Tuticorin",
        "sector": "SEC006",
        "sector_name": "TAMILNADU_WEST",
        "dir": "SE",
        "direction": "SE",
        "bearing": 175,
        "distance": "13-18",
        "depth": "33-38",
        "lat_dms": "8 25 3 N",
        "lon_dms": "78 11 30 E",
        "suitability": "high",
        "timestamp": "2026-09-19T05:04:34.736318+00:00",
        "source": "incois_textdata",
        "zone_id": "SEC006_Tuticorin_061"
      }
    },
    {
      "type": "Feature",
      "geometry": {
        "type": "Point",
        "coordinates": [
          78.18167,
          8.40528
        ]
      },
      "properties": {
        "place": "Ratchanyapuram",
        "sector": "SEC006",
        "sector_name": "TAMILNADU_WEST",
        "dir": "SE",
        "direction": "SE",
        "bearing": 169,
        "distance": "15-20",
        "depth": "27-32",
        "lat_dms": "8 24 19 N",
        "lon_dms": "78 10 54 E",
        "suitability": "high",
        "timestamp": "2026-09-19T05:04:34.736318+00:00",
        "source": "incois_textdata",
        "zone_id": "SEC006_Ratchanyapuram_062"
      }
    },
    {
      "type": "Feature",
      "geometry": {
        "type": "Point",
        "coordinates": [
          78.16889,
          8.39611
        ]
      },
      "properties": {
        "place": "Punnakkayal",
        "sector": "SEC006",
        "sector_name": "TAMILNADU_WEST",
        "dir": "SE",
        "direction": "SE",
        "bearing": 170,
        "distance": "15-20",
        "depth": "25-30",
        "lat_dms": "8 23 46 N",
        "lon_dms": "78 10 8 E",
        "suitability": "high",
        "timestamp": "2026-09-19T05:04:34.736318+00:00",
        "source": "incois_textdata",
        "zone_id": "SEC006_Punnakkayal_063"
      }
    },
    {
      "type": "Feature",
      "geometry": {
        "type": "Point",
        "coordinates": [
          78.15389,
          8.39111
        ]
      },
      "properties": {
        "place": "Kombuthurai Madhakoil",
        "sector": "SEC006",
        "sector_name": "TAMILNADU_WEST",
        "dir": "SE",
        "direction": "SE",
        "bearing": 175,
        "distance": "16-21",
        "depth": "19-24",
        "lat_dms": "8 23 28 N",
        "lon_dms": "78 9 14 E",
        "suitability": "high",
        "timestamp": "2026-09-19T05:04:34.736318+00:00",
        "source": "incois_textdata",
        "zone_id": "SEC006_Kombuthurai_Madhakoil_064"
      }
    },
    {
      "type": "Feature",
      "geometry": {
        "type": "Point",
        "coordinates": [
          78.14472,
          8.37889
        ]
      },
      "properties": {
        "place": "Singhithurai",
        "sector": "SEC006",
        "sector_name": "TAMILNADU_WEST",
        "dir": "SE",
        "direction": "SE",
        "bearing": 177,
        "distance": "17-22",
        "depth": "19-24",
        "lat_dms": "8 22 44 N",
        "lon_dms": "78 8 41 E",
        "suitability": "high",
        "timestamp": "2026-09-19T05:04:34.736318+00:00",
        "source": "incois_textdata",
        "zone_id": "SEC006_Singhithurai_065"
      }
    },
    {
      "type": "Feature",
      "geometry": {
        "type": "Point",
        "coordinates": [
          78.13694,
          8.36556
        ]
      },
      "properties": {
        "place": "Veerapandiyapattinam",
        "sector": "SEC006",
        "sector_name": "TAMILNADU_WEST",
        "dir": "SE",
        "direction": "SE",
        "bearing": 174,
        "distance": "18-23",
        "depth": "14-19",
        "lat_dms": "8 21 56 N",
        "lon_dms": "78 8 13 E",
        "suitability": "high",
        "timestamp": "2026-09-19T05:04:34.736318+00:00",
        "source": "incois_textdata",
        "zone_id": "SEC006_Veerapandiyapattinam_066"
      }
    },
    {
      "type": "Feature",
      "geometry": {
        "type": "Point",
        "coordinates": [
          78.12389,
          8.35639
        ]
      },
      "properties": {
        "place": "Jeevanagar",
        "sector": "SEC006",
        "sector_name": "TAMILNADU_WEST",
        "dir": "SW",
        "direction": "SW",
        "bearing": 181,
        "distance": "19-24",
        "depth": "14-19",
        "lat_dms": "8 21 23 N",
        "lon_dms": "78 7 26 E",
        "suitability": "high",
        "timestamp": "2026-09-19T05:04:34.736318+00:00",
        "source": "incois_textdata",
        "zone_id": "SEC006_Jeevanagar_067"
      }
    },
    {
      "type": "Feature",
      "geometry": {
        "type": "Point",
        "coordinates": [
          78.11,
          8.34917
        ]
      },
      "properties": {
        "place": "Amalinagar",
        "sector": "SEC006",
        "sector_name": "TAMILNADU_WEST",
        "dir": "SW",
        "direction": "SW",
        "bearing": 186,
        "distance": "18-23",
        "depth": "13-18",
        "lat_dms": "8 20 57 N",
        "lon_dms": "78 6 36 E",
        "suitability": "high",
        "timestamp": "2026-09-19T05:04:34.736318+00:00",
        "source": "incois_textdata",
        "zone_id": "SEC006_Amalinagar_068"
      }
    },
    {
      "type": "Feature",
      "geometry": {
        "type": "Point",
        "coordinates": [
          78.06167,
          8.2025
        ]
      },
      "properties": {
        "place": "Alanthalai",
        "sector": "SEC006",
        "sector_name": "TAMILNADU_WEST",
        "dir": "SW",
        "direction": "SW",
        "bearing": 188,
        "distance": "21-26",
        "depth": "27-32",
        "lat_dms": "8 12 9 N",
        "lon_dms": "78 3 42 E",
        "suitability": "high",
        "timestamp": "2026-09-19T05:04:34.736318+00:00",
        "source": "incois_textdata",
        "zone_id": "SEC006_Alanthalai_069"
      }
    },
    {
      "type": "Feature",
      "geometry": {
        "type": "Point",
        "coordinates": [
          78.04083,
          8.18972
        ]
      },
      "properties": {
        "place": "Kallamozhi",
        "sector": "SEC006",
        "sector_name": "TAMILNADU_WEST",
        "dir": "SW",
        "direction": "SW",
        "bearing": 189,
        "distance": "22-27",
        "depth": "26-31",
        "lat_dms": "8 11 23 N",
        "lon_dms": "78 2 27 E",
        "suitability": "high",
        "timestamp": "2026-09-19T05:04:34.736318+00:00",
        "source": "incois_textdata",
        "zone_id": "SEC006_Kallamozhi_070"
      }
    },
    {
      "type": "Feature",
      "geometry": {
        "type": "Point",
        "coordinates": [
          77.96972,
          8.18889
        ]
      },
      "properties": {
        "place": "Periyathalai",
        "sector": "SEC006",
        "sector_name": "TAMILNADU_WEST",
        "dir": "SW",
        "direction": "SW",
        "bearing": 182,
        "distance": "16-21",
        "depth": "14-19",
        "lat_dms": "8 11 20 N",
        "lon_dms": "77 58 11 E",
        "suitability": "high",
        "timestamp": "2026-09-19T05:04:34.736318+00:00",
        "source": "incois_textdata",
        "zone_id": "SEC006_Periyathalai_071"
      }
    },
    {
      "type": "Feature",
      "geometry": {
        "type": "Point",
        "coordinates": [
          77.99389,
          8.18611
        ]
      },
      "properties": {
        "place": "Manappad Pt",
        "sector": "SEC006",
        "sector_name": "TAMILNADU_WEST",
        "dir": "SW",
        "direction": "SW",
        "bearing": 199,
        "distance": "17-22",
        "depth": "19-24",
        "lat_dms": "8 11 10 N",
        "lon_dms": "77 59 38 E",
        "suitability": "high",
        "timestamp": "2026-09-19T05:04:34.736318+00:00",
        "source": "incois_textdata",
        "zone_id": "SEC006_Manappad_Pt_072"
      }
    },
    {
      "type": "Feature",
      "geometry": {
        "type": "Point",
        "coordinates": [
          77.94556,
          8.185
        ]
      },
      "properties": {
        "place": "Kooduthalai",
        "sector": "SEC006",
        "sector_name": "TAMILNADU_WEST",
        "dir": "SE",
        "direction": "SE",
        "bearing": 171,
        "distance": "22-27",
        "depth": "10-15",
        "lat_dms": "8 11 6 N",
        "lon_dms": "77 56 44 E",
        "suitability": "high",
        "timestamp": "2026-09-19T05:04:34.736318+00:00",
        "source": "incois_textdata",
        "zone_id": "SEC006_Kooduthalai_073"
      }
    },
    {
      "type": "Feature",
      "geometry": {
        "type": "Point",
        "coordinates": [
          78.01778,
          8.1825
        ]
      },
      "properties": {
        "place": "Kulasekharapattinam",
        "sector": "SEC006",
        "sector_name": "TAMILNADU_WEST",
        "dir": "SW",
        "direction": "SW",
        "bearing": 191,
        "distance": "23-28",
        "depth": "21-26",
        "lat_dms": "8 10 57 N",
        "lon_dms": "78 1 4 E",
        "suitability": "high",
        "timestamp": "2026-09-19T05:04:34.736318+00:00",
        "source": "incois_textdata",
        "zone_id": "SEC006_Kulasekharapattinam_074"
      }
    },
    {
      "type": "Feature",
      "geometry": {
        "type": "Point",
        "coordinates": [
          77.92306,
          8.17583
        ]
      },
      "properties": {
        "place": "Koottappanai",
        "sector": "SEC006",
        "sector_name": "TAMILNADU_WEST",
        "dir": "SE",
        "direction": "SE",
        "bearing": 173,
        "distance": "22-27",
        "depth": "10-15",
        "lat_dms": "8 10 33 N",
        "lon_dms": "77 55 23 E",
        "suitability": "high",
        "timestamp": "2026-09-19T05:04:34.736318+00:00",
        "source": "incois_textdata",
        "zone_id": "SEC006_Koottappanai_075"
      }
    },
    {
      "type": "Feature",
      "geometry": {
        "type": "Point",
        "coordinates": [
          77.90056,
          8.16694
        ]
      },
      "properties": {
        "place": "Uvari",
        "sector": "SEC006",
        "sector_name": "TAMILNADU_WEST",
        "dir": "SE",
        "direction": "SE",
        "bearing": 174,
        "distance": "15-20",
        "depth": "10-15",
        "lat_dms": "8 10 1 N",
        "lon_dms": "77 54 2 E",
        "suitability": "high",
        "timestamp": "2026-09-19T05:04:34.736318+00:00",
        "source": "incois_textdata",
        "zone_id": "SEC006_Uvari_076"
      }
    },
    {
      "type": "Feature",
      "geometry": {
        "type": "Point",
        "coordinates": [
          77.85194,
          8.16611
        ]
      },
      "properties": {
        "place": "Koothanguzhi",
        "sector": "SEC006",
        "sector_name": "TAMILNADU_WEST",
        "dir": "SE",
        "direction": "SE",
        "bearing": 128,
        "distance": "16-21",
        "depth": "7-12",
        "lat_dms": "8 9 58 N",
        "lon_dms": "77 51 7 E",
        "suitability": "high",
        "timestamp": "2026-09-19T05:04:34.736318+00:00",
        "source": "incois_textdata",
        "zone_id": "SEC006_Koothanguzhi_077"
      }
    },
    {
      "type": "Feature",
      "geometry": {
        "type": "Point",
        "coordinates": [
          77.87639,
          8.16417
        ]
      },
      "properties": {
        "place": "Kundal",
        "sector": "SEC006",
        "sector_name": "TAMILNADU_WEST",
        "dir": "SE",
        "direction": "SE",
        "bearing": 168,
        "distance": "11-16",
        "depth": "8-13",
        "lat_dms": "8 9 51 N",
        "lon_dms": "77 52 35 E",
        "suitability": "high",
        "timestamp": "2026-09-19T05:04:34.736318+00:00",
        "source": "incois_textdata",
        "zone_id": "SEC006_Kundal_078"
      }
    },
    {
      "type": "Feature",
      "geometry": {
        "type": "Point",
        "coordinates": [
          77.16389,
          8.0425
        ]
      },
      "properties": {
        "place": "Simon colony",
        "sector": "SEC006",
        "sector_name": "TAMILNADU_WEST",
        "dir": "SW",
        "direction": "SW",
        "bearing": 209,
        "distance": "43-48",
        "depth": "15-20",
        "lat_dms": "8 2 33 N",
        "lon_dms": "77 9 50 E",
        "suitability": "high",
        "timestamp": "2026-09-19T05:04:34.736318+00:00",
        "source": "incois_textdata",
        "zone_id": "SEC006_Simon_colony_079"
      }
    },
    {
      "type": "Feature",
      "geometry": {
        "type": "Point",
        "coordinates": [
          77.18111,
          8.03167
        ]
      },
      "properties": {
        "place": "Coalchel",
        "sector": "SEC006",
        "sector_name": "TAMILNADU_WEST",
        "dir": "SW",
        "direction": "SW",
        "bearing": 203,
        "distance": "44-49",
        "depth": "15-20",
        "lat_dms": "8 1 54 N",
        "lon_dms": "77 10 52 E",
        "suitability": "high",
        "timestamp": "2026-09-19T05:04:34.736318+00:00",
        "source": "incois_textdata",
        "zone_id": "SEC006_Coalchel_080"
      }
    },
    {
      "type": "Feature",
      "geometry": {
        "type": "Point",
        "coordinates": [
          77.1925,
          8.01556
        ]
      },
      "properties": {
        "place": "Keezhakadiapattinam",
        "sector": "SEC006",
        "sector_name": "TAMILNADU_WEST",
        "dir": "SW",
        "direction": "SW",
        "bearing": 226,
        "distance": "45-50",
        "depth": "16-21",
        "lat_dms": "8 0 56 N",
        "lon_dms": "77 11 33 E",
        "suitability": "high",
        "timestamp": "2026-09-19T05:04:34.736318+00:00",
        "source": "incois_textdata",
        "zone_id": "SEC006_Keezhakadiapattinam_081"
      }
    },
    {
      "type": "Feature",
      "geometry": {
        "type": "Point",
        "coordinates": [
          77.19556,
          7.99556
        ]
      },
      "properties": {
        "place": "Melamuttom",
        "sector": "SEC006",
        "sector_name": "TAMILNADU_WEST",
        "dir": "SW",
        "direction": "SW",
        "bearing": 224,
        "distance": "47-52",
        "depth": "17-22",
        "lat_dms": "7 59 44 N",
        "lon_dms": "77 11 44 E",
        "suitability": "high",
        "timestamp": "2026-09-19T05:04:34.736318+00:00",
        "source": "incois_textdata",
        "zone_id": "SEC006_Melamuttom_082"
      }
    },
    {
      "type": "Feature",
      "geometry": {
        "type": "Point",
        "coordinates": [
          77.19,
          7.97611
        ]
      },
      "properties": {
        "place": "Kovalam",
        "sector": "SEC006",
        "sector_name": "TAMILNADU_WEST",
        "dir": "SW",
        "direction": "SW",
        "bearing": 216,
        "distance": "49-54",
        "depth": "19-24",
        "lat_dms": "7 58 34 N",
        "lon_dms": "77 11 24 E",
        "suitability": "high",
        "timestamp": "2026-09-19T05:04:34.736318+00:00",
        "source": "incois_textdata",
        "zone_id": "SEC006_Kovalam_083"
      }
    },
    {
      "type": "Feature",
      "geometry": {
        "type": "Point",
        "coordinates": [
          77.19028,
          7.95583
        ]
      },
      "properties": {
        "place": "Melakadiapattinam",
        "sector": "SEC006",
        "sector_name": "TAMILNADU_WEST",
        "dir": "SW",
        "direction": "SW",
        "bearing": 211,
        "distance": "49-54",
        "depth": "21-26",
        "lat_dms": "7 57 21 N",
        "lon_dms": "77 11 25 E",
        "suitability": "high",
        "timestamp": "2026-09-19T05:04:34.736318+00:00",
        "source": "incois_textdata",
        "zone_id": "SEC006_Melakadiapattinam_084"
      }
    },
    {
      "type": "Feature",
      "geometry": {
        "type": "Point",
        "coordinates": [
          77.20333,
          7.94111
        ]
      },
      "properties": {
        "place": "Muttom",
        "sector": "SEC006",
        "sector_name": "TAMILNADU_WEST",
        "dir": "SW",
        "direction": "SW",
        "bearing": 214,
        "distance": "51-56",
        "depth": "22-27",
        "lat_dms": "7 56 28 N",
        "lon_dms": "77 12 12 E",
        "suitability": "high",
        "timestamp": "2026-09-19T05:04:34.736318+00:00",
        "source": "incois_textdata",
        "zone_id": "SEC006_Muttom_085"
      }
    },
    {
      "type": "Feature",
      "geometry": {
        "type": "Point",
        "coordinates": [
          77.22278,
          7.93667
        ]
      },
      "properties": {
        "place": "Azhikkal",
        "sector": "SEC006",
        "sector_name": "TAMILNADU_WEST",
        "dir": "SW",
        "direction": "SW",
        "bearing": 212,
        "distance": "51-56",
        "depth": "22-27",
        "lat_dms": "7 56 12 N",
        "lon_dms": "77 13 22 E",
        "suitability": "high",
        "timestamp": "2026-09-19T05:04:34.736318+00:00",
        "source": "incois_textdata",
        "zone_id": "SEC006_Azhikkal_086"
      }
    },
    {
      "type": "Feature",
      "geometry": {
        "type": "Point",
        "coordinates": [
          77.24222,
          7.93139
        ]
      },
      "properties": {
        "place": "Chinnavilai",
        "sector": "SEC006",
        "sector_name": "TAMILNADU_WEST",
        "dir": "SW",
        "direction": "SW",
        "bearing": 195,
        "distance": "48-53",
        "depth": "22-27",
        "lat_dms": "7 55 53 N",
        "lon_dms": "77 14 32 E",
        "suitability": "high",
        "timestamp": "2026-09-19T05:04:34.736318+00:00",
        "source": "incois_textdata",
        "zone_id": "SEC006_Chinnavilai_087"
      }
    },
    {
      "type": "Feature",
      "geometry": {
        "type": "Point",
        "coordinates": [
          77.24667,
          7.9125
        ]
      },
      "properties": {
        "place": "Rajakkamanglam",
        "sector": "SEC006",
        "sector_name": "TAMILNADU_WEST",
        "dir": "SW",
        "direction": "SW",
        "bearing": 209,
        "distance": "46-51",
        "depth": "24-29",
        "lat_dms": "7 54 45 N",
        "lon_dms": "77 14 48 E",
        "suitability": "high",
        "timestamp": "2026-09-19T05:04:34.736318+00:00",
        "source": "incois_textdata",
        "zone_id": "SEC006_Rajakkamanglam_088"
      }
    },
    {
      "type": "Feature",
      "geometry": {
        "type": "Point",
        "coordinates": [
          77.29444,
          7.82778
        ]
      },
      "properties": {
        "place": "Periyakadu",
        "sector": "SEC006",
        "sector_name": "TAMILNADU_WEST",
        "dir": "SW",
        "direction": "SW",
        "bearing": 198,
        "distance": "54-59",
        "depth": "30-35",
        "lat_dms": "7 49 40 N",
        "lon_dms": "77 17 40 E",
        "suitability": "high",
        "timestamp": "2026-09-19T05:04:34.736318+00:00",
        "source": "incois_textdata",
        "zone_id": "SEC006_Periyakadu_089"
      }
    },
    {
      "type": "Feature",
      "geometry": {
        "type": "Point",
        "coordinates": [
          77.29806,
          7.80667
        ]
      },
      "properties": {
        "place": "Pozhikkarai",
        "sector": "SEC006",
        "sector_name": "TAMILNADU_WEST",
        "dir": "SW",
        "direction": "SW",
        "bearing": 199,
        "distance": "53-58",
        "depth": "32-37",
        "lat_dms": "7 48 24 N",
        "lon_dms": "77 17 53 E",
        "suitability": "high",
        "timestamp": "2026-09-19T05:04:34.736318+00:00",
        "source": "incois_textdata",
        "zone_id": "SEC006_Pozhikkarai_090"
      }
    },
    {
      "type": "Feature",
      "geometry": {
        "type": "Point",
        "coordinates": [
          77.30944,
          7.78861
        ]
      },
      "properties": {
        "place": "Kesavanputhenthurai",
        "sector": "SEC006",
        "sector_name": "TAMILNADU_WEST",
        "dir": "SW",
        "direction": "SW",
        "bearing": 197,
        "distance": "52-57",
        "depth": "34-39",
        "lat_dms": "7 47 19 N",
        "lon_dms": "77 18 34 E",
        "suitability": "high",
        "timestamp": "2026-09-19T05:04:34.736318+00:00",
        "source": "incois_textdata",
        "zone_id": "SEC006_Kesavanputhenthurai_091"
      }
    },
    {
      "type": "Feature",
      "geometry": {
        "type": "Point",
        "coordinates": [
          77.34972,
          7.78056
        ]
      },
      "properties": {
        "place": "Pallam",
        "sector": "SEC006",
        "sector_name": "TAMILNADU_WEST",
        "dir": "SW",
        "direction": "SW",
        "bearing": 194,
        "distance": "57-62",
        "depth": "34-39",
        "lat_dms": "7 46 50 N",
        "lon_dms": "77 20 59 E",
        "suitability": "high",
        "timestamp": "2026-09-19T05:04:34.736318+00:00",
        "source": "incois_textdata",
        "zone_id": "SEC006_Pallam_092"
      }
    },
    {
      "type": "Feature",
      "geometry": {
        "type": "Point",
        "coordinates": [
          77.32833,
          7.77889
        ]
      },
      "properties": {
        "place": "Puthenthurai",
        "sector": "SEC006",
        "sector_name": "TAMILNADU_WEST",
        "dir": "SW",
        "direction": "SW",
        "bearing": 196,
        "distance": "52-57",
        "depth": "34-39",
        "lat_dms": "7 46 44 N",
        "lon_dms": "77 19 42 E",
        "suitability": "high",
        "timestamp": "2026-09-19T05:04:34.736318+00:00",
        "source": "incois_textdata",
        "zone_id": "SEC006_Puthenthurai_093"
      }
    },
    {
      "type": "Feature",
      "geometry": {
        "type": "Point",
        "coordinates": [
          77.36917,
          7.7725
        ]
      },
      "properties": {
        "place": "Keezhamanakudi",
        "sector": "SEC006",
        "sector_name": "TAMILNADU_WEST",
        "dir": "SW",
        "direction": "SW",
        "bearing": 201,
        "distance": "56-61",
        "depth": "35-40",
        "lat_dms": "7 46 21 N",
        "lon_dms": "77 22 9 E",
        "suitability": "high",
        "timestamp": "2026-09-19T05:04:34.736318+00:00",
        "source": "incois_textdata",
        "zone_id": "SEC006_Keezhamanakudi_094"
      }
    },
    {
      "type": "Feature",
      "geometry": {
        "type": "Point",
        "coordinates": [
          77.38333,
          7.75639
        ]
      },
      "properties": {
        "place": "Mela Manakudi",
        "sector": "SEC006",
        "sector_name": "TAMILNADU_WEST",
        "dir": "SW",
        "direction": "SW",
        "bearing": 200,
        "distance": "52-57",
        "depth": "36-41",
        "lat_dms": "7 45 23 N",
        "lon_dms": "77 23 0 E",
        "suitability": "high",
        "timestamp": "2026-09-19T05:04:34.736318+00:00",
        "source": "incois_textdata",
        "zone_id": "SEC006_Mela_Manakudi_095"
      }
    },
    {
      "type": "Feature",
      "geometry": {
        "type": "Point",
        "coordinates": [
          77.39361,
          7.73722
        ]
      },
      "properties": {
        "place": "Puthur",
        "sector": "SEC006",
        "sector_name": "TAMILNADU_WEST",
        "dir": "SW",
        "direction": "SW",
        "bearing": 202,
        "distance": "51-56",
        "depth": "38-43",
        "lat_dms": "7 44 14 N",
        "lon_dms": "77 23 37 E",
        "suitability": "high",
        "timestamp": "2026-09-19T05:04:34.736318+00:00",
        "source": "incois_textdata",
        "zone_id": "SEC006_Puthur_096"
      }
    },
    {
      "type": "Feature",
      "geometry": {
        "type": "Point",
        "coordinates": [
          77.40806,
          7.72139
        ]
      },
      "properties": {
        "place": "Kovalam Kanniyakumarai",
        "sector": "SEC006",
        "sector_name": "TAMILNADU_WEST",
        "dir": "SW",
        "direction": "SW",
        "bearing": 198,
        "distance": "51-56",
        "depth": "39-44",
        "lat_dms": "7 43 17 N",
        "lon_dms": "77 24 29 E",
        "suitability": "high",
        "timestamp": "2026-09-19T05:04:34.736318+00:00",
        "source": "incois_textdata",
        "zone_id": "SEC006_Kovalam_Kanniyakumarai_097"
      }
    },
    {
      "type": "Feature",
      "geometry": {
        "type": "Point",
        "coordinates": [
          77.42833,
          7.71417
        ]
      },
      "properties": {
        "place": "Puthugramam (Vavuthurai",
        "sector": "SEC006",
        "sector_name": "TAMILNADU_WEST",
        "dir": "SW",
        "direction": "SW",
        "bearing": 198,
        "distance": "58-63",
        "depth": "40-45",
        "lat_dms": "7 42 51 N",
        "lon_dms": "77 25 42 E",
        "suitability": "high",
        "timestamp": "2026-09-19T05:04:34.736318+00:00",
        "source": "incois_textdata",
        "zone_id": "SEC006_Puthugramam_(Vavuthurai_098"
      }
    },
    {
      "type": "Feature",
      "geometry": {
        "type": "Point",
        "coordinates": [
          80.4375,
          13.46361
        ]
      },
      "properties": {
        "place": "Kathivakkam Chinnakuppam",
        "sector": "SEC007",
        "sector_name": "TAMILNADU_EAST",
        "dir": "NE",
        "direction": "NE",
        "bearing": 24,
        "distance": "46-51",
        "depth": "28-33",
        "lat_dms": "13 27 49 N",
        "lon_dms": "80 26 15 E",
        "suitability": "high",
        "timestamp": "2026-09-19T05:04:34.456455+00:00",
        "source": "incois_textdata",
        "zone_id": "SEC007_Kathivakkam_Chinnakuppam_000"
      }
    },
    {
      "type": "Feature",
      "geometry": {
        "type": "Point",
        "coordinates": [
          80.43833,
          13.435
        ]
      },
      "properties": {
        "place": "Arambakkam",
        "sector": "SEC007",
        "sector_name": "TAMILNADU_EAST",
        "dir": "SE",
        "direction": "SE",
        "bearing": 127,
        "distance": "39-44",
        "depth": "21-26",
        "lat_dms": "13 26 6 N",
        "lon_dms": "80 26 18 E",
        "suitability": "high",
        "timestamp": "2026-09-19T05:04:34.456455+00:00",
        "source": "incois_textdata",
        "zone_id": "SEC007_Arambakkam_001"
      }
    },
    {
      "type": "Feature",
      "geometry": {
        "type": "Point",
        "coordinates": [
          80.44472,
          13.40694
        ]
      },
      "properties": {
        "place": "Periyamangodu",
        "sector": "SEC007",
        "sector_name": "TAMILNADU_EAST",
        "dir": "SE",
        "direction": "SE",
        "bearing": 121,
        "distance": "44-49",
        "depth": "17-22",
        "lat_dms": "13 24 25 N",
        "lon_dms": "80 26 41 E",
        "suitability": "high",
        "timestamp": "2026-09-19T05:04:34.456455+00:00",
        "source": "incois_textdata",
        "zone_id": "SEC007_Periyamangodu_002"
      }
    },
    {
      "type": "Feature",
      "geometry": {
        "type": "Point",
        "coordinates": [
          80.45833,
          13.38194
        ]
      },
      "properties": {
        "place": "Annamalaichery",
        "sector": "SEC007",
        "sector_name": "TAMILNADU_EAST",
        "dir": "SE",
        "direction": "SE",
        "bearing": 121,
        "distance": "50-55",
        "depth": "18-23",
        "lat_dms": "13 22 55 N",
        "lon_dms": "80 27 30 E",
        "suitability": "high",
        "timestamp": "2026-09-19T05:04:34.456455+00:00",
        "source": "incois_textdata",
        "zone_id": "SEC007_Annamalaichery_003"
      }
    },
    {
      "type": "Feature",
      "geometry": {
        "type": "Point",
        "coordinates": [
          80.47944,
          13.3625
        ]
      },
      "properties": {
        "place": "Coromandel",
        "sector": "SEC007",
        "sector_name": "TAMILNADU_EAST",
        "dir": "SE",
        "direction": "SE",
        "bearing": 118,
        "distance": "64-69",
        "depth": "19-24",
        "lat_dms": "13 21 45 N",
        "lon_dms": "80 28 46 E",
        "suitability": "high",
        "timestamp": "2026-09-19T05:04:34.456455+00:00",
        "source": "incois_textdata",
        "zone_id": "SEC007_Coromandel_004"
      }
    },
    {
      "type": "Feature",
      "geometry": {
        "type": "Point",
        "coordinates": [
          80.48972,
          13.33694
        ]
      },
      "properties": {
        "place": "Pulicat",
        "sector": "SEC007",
        "sector_name": "TAMILNADU_EAST",
        "dir": "SE",
        "direction": "SE",
        "bearing": 118,
        "distance": "66-71",
        "depth": "18-23",
        "lat_dms": "13 20 13 N",
        "lon_dms": "80 29 23 E",
        "suitability": "high",
        "timestamp": "2026-09-19T05:04:34.456455+00:00",
        "source": "incois_textdata",
        "zone_id": "SEC007_Pulicat_005"
      }
    },
    {
      "type": "Feature",
      "geometry": {
        "type": "Point",
        "coordinates": [
          80.49083,
          13.30889
        ]
      },
      "properties": {
        "place": "Ennorekuppam",
        "sector": "SEC007",
        "sector_name": "TAMILNADU_EAST",
        "dir": "NE",
        "direction": "NE",
        "bearing": 65,
        "distance": "70-75",
        "depth": "19-24",
        "lat_dms": "13 18 32 N",
        "lon_dms": "80 29 27 E",
        "suitability": "high",
        "timestamp": "2026-09-19T05:04:34.456455+00:00",
        "source": "incois_textdata",
        "zone_id": "SEC007_Ennorekuppam_006"
      }
    },
    {
      "type": "Feature",
      "geometry": {
        "type": "Point",
        "coordinates": [
          80.51028,
          13.28944
        ]
      },
      "properties": {
        "place": "Kathivakkam Periakuppam",
        "sector": "SEC007",
        "sector_name": "TAMILNADU_EAST",
        "dir": "NE",
        "direction": "NE",
        "bearing": 66,
        "distance": "121-126",
        "depth": "20-25",
        "lat_dms": "13 17 22 N",
        "lon_dms": "80 30 37 E",
        "suitability": "high",
        "timestamp": "2026-09-19T05:04:34.456455+00:00",
        "source": "incois_textdata",
        "zone_id": "SEC007_Kathivakkam_Periakuppam_007"
      }
    },
    {
      "type": "Feature",
      "geometry": {
        "type": "Point",
        "coordinates": [
          80.53167,
          13.27167
        ]
      },
      "properties": {
        "place": "Thazankuppam",
        "sector": "SEC007",
        "sector_name": "TAMILNADU_EAST",
        "dir": "NE",
        "direction": "NE",
        "bearing": 77,
        "distance": "142-147",
        "depth": "21-26",
        "lat_dms": "13 16 18 N",
        "lon_dms": "80 31 54 E",
        "suitability": "high",
        "timestamp": "2026-09-19T05:04:34.456455+00:00",
        "source": "incois_textdata",
        "zone_id": "SEC007_Thazankuppam_008"
      }
    },
    {
      "type": "Feature",
      "geometry": {
        "type": "Point",
        "coordinates": [
          80.55417,
          13.25778
        ]
      },
      "properties": {
        "place": "Ennore Mugathuvarakuppan",
        "sector": "SEC007",
        "sector_name": "TAMILNADU_EAST",
        "dir": "NE",
        "direction": "NE",
        "bearing": 83,
        "distance": "170-175",
        "depth": "23-28",
        "lat_dms": "13 15 28 N",
        "lon_dms": "80 33 15 E",
        "suitability": "high",
        "timestamp": "2026-09-19T05:04:34.456455+00:00",
        "source": "incois_textdata",
        "zone_id": "SEC007_Ennore_Mugathuvarakuppan_009"
      }
    },
    {
      "type": "Feature",
      "geometry": {
        "type": "Point",
        "coordinates": [
          80.59833,
          13.06389
        ]
      },
      "properties": {
        "place": "Kasikoilkuppam",
        "sector": "SEC007",
        "sector_name": "TAMILNADU_EAST",
        "dir": "SE",
        "direction": "SE",
        "bearing": 110,
        "distance": "185-190",
        "depth": "31-36",
        "lat_dms": "13 3 50 N",
        "lon_dms": "80 35 54 E",
        "suitability": "high",
        "timestamp": "2026-09-19T05:04:34.456455+00:00",
        "source": "incois_textdata",
        "zone_id": "SEC007_Kasikoilkuppam_010"
      }
    },
    {
      "type": "Feature",
      "geometry": {
        "type": "Point",
        "coordinates": [
          80.57778,
          13.04361
        ]
      },
      "properties": {
        "place": "Nallathanneer Odaikuppam",
        "sector": "SEC007",
        "sector_name": "TAMILNADU_EAST",
        "dir": "SE",
        "direction": "SE",
        "bearing": 108,
        "distance": "159-164",
        "depth": "29-34",
        "lat_dms": "13 2 37 N",
        "lon_dms": "80 34 40 E",
        "suitability": "high",
        "timestamp": "2026-09-19T05:04:34.456455+00:00",
        "source": "incois_textdata",
        "zone_id": "SEC007_Nallathanneer_Odaikuppam_011"
      }
    },
    {
      "type": "Feature",
      "geometry": {
        "type": "Point",
        "coordinates": [
          80.55694,
          13.02333
        ]
      },
      "properties": {
        "place": "Chennai",
        "sector": "SEC007",
        "sector_name": "TAMILNADU_EAST",
        "dir": "SE",
        "direction": "SE",
        "bearing": 111,
        "distance": "130-135",
        "depth": "28-33",
        "lat_dms": "13 1 24 N",
        "lon_dms": "80 33 25 E",
        "suitability": "high",
        "timestamp": "2026-09-19T05:04:34.456455+00:00",
        "source": "incois_textdata",
        "zone_id": "SEC007_Chennai_012"
      }
    },
    {
      "type": "Feature",
      "geometry": {
        "type": "Point",
        "coordinates": [
          80.50028,
          13.01944
        ]
      },
      "properties": {
        "place": "Ayothikuppam",
        "sector": "SEC007",
        "sector_name": "TAMILNADU_EAST",
        "dir": "SE",
        "direction": "SE",
        "bearing": 99,
        "distance": "81-86",
        "depth": "22-27",
        "lat_dms": "13 1 10 N",
        "lon_dms": "80 30 1 E",
        "suitability": "high",
        "timestamp": "2026-09-19T05:04:34.456455+00:00",
        "source": "incois_textdata",
        "zone_id": "SEC007_Ayothikuppam_013"
      }
    },
    {
      "type": "Feature",
      "geometry": {
        "type": "Point",
        "coordinates": [
          80.47139,
          13.01917
        ]
      },
      "properties": {
        "place": "Mattankuppam",
        "sector": "SEC007",
        "sector_name": "TAMILNADU_EAST",
        "dir": "SE",
        "direction": "SE",
        "bearing": 103,
        "distance": "72-77",
        "depth": "19-24",
        "lat_dms": "13 1 9 N",
        "lon_dms": "80 28 17 E",
        "suitability": "high",
        "timestamp": "2026-09-19T05:04:34.456455+00:00",
        "source": "incois_textdata",
        "zone_id": "SEC007_Mattankuppam_014"
      }
    },
    {
      "type": "Feature",
      "geometry": {
        "type": "Point",
        "coordinates": [
          80.52917,
          13.01667
        ]
      },
      "properties": {
        "place": "Cathedral (Chennai)",
        "sector": "SEC007",
        "sector_name": "TAMILNADU_EAST",
        "dir": "SE",
        "direction": "SE",
        "bearing": 96,
        "distance": "98-103",
        "depth": "25-30",
        "lat_dms": "13 1 0 N",
        "lon_dms": "80 31 45 E",
        "suitability": "high",
        "timestamp": "2026-09-19T05:04:34.456455+00:00",
        "source": "incois_textdata",
        "zone_id": "SEC007_Cathedral_(Chennai)_015"
      }
    },
    {
      "type": "Feature",
      "geometry": {
        "type": "Point",
        "coordinates": [
          80.44583,
          13.00583
        ]
      },
      "properties": {
        "place": "Pattinampakkam",
        "sector": "SEC007",
        "sector_name": "TAMILNADU_EAST",
        "dir": "SE",
        "direction": "SE",
        "bearing": 99,
        "distance": "58-63",
        "depth": "16-21",
        "lat_dms": "13 0 21 N",
        "lon_dms": "80 26 45 E",
        "suitability": "high",
        "timestamp": "2026-09-19T05:04:34.456455+00:00",
        "source": "incois_textdata",
        "zone_id": "SEC007_Pattinampakkam_016"
      }
    },
    {
      "type": "Feature",
      "geometry": {
        "type": "Point",
        "coordinates": [
          80.42861,
          12.9825
        ]
      },
      "properties": {
        "place": "Srinivasapuram",
        "sector": "SEC007",
        "sector_name": "TAMILNADU_EAST",
        "dir": "SE",
        "direction": "SE",
        "bearing": 104,
        "distance": "54-59",
        "depth": "15-20",
        "lat_dms": "12 58 57 N",
        "lon_dms": "80 25 43 E",
        "suitability": "high",
        "timestamp": "2026-09-19T05:04:34.456455+00:00",
        "source": "incois_textdata",
        "zone_id": "SEC007_Srinivasapuram_017"
      }
    },
    {
      "type": "Feature",
      "geometry": {
        "type": "Point",
        "coordinates": [
          80.40694,
          12.96417
        ]
      },
      "properties": {
        "place": "Orurkuppam",
        "sector": "SEC007",
        "sector_name": "TAMILNADU_EAST",
        "dir": "SE",
        "direction": "SE",
        "bearing": 107,
        "distance": "47-52",
        "depth": "13-18",
        "lat_dms": "12 57 51 N",
        "lon_dms": "80 24 25 E",
        "suitability": "high",
        "timestamp": "2026-09-19T05:04:34.456455+00:00",
        "source": "incois_textdata",
        "zone_id": "SEC007_Orurkuppam_018"
      }
    },
    {
      "type": "Feature",
      "geometry": {
        "type": "Point",
        "coordinates": [
          80.37833,
          12.96139
        ]
      },
      "properties": {
        "place": "Odaikuppam",
        "sector": "SEC007",
        "sector_name": "TAMILNADU_EAST",
        "dir": "SE",
        "direction": "SE",
        "bearing": 108,
        "distance": "33-38",
        "depth": "10-15",
        "lat_dms": "12 57 41 N",
        "lon_dms": "80 22 42 E",
        "suitability": "high",
        "timestamp": "2026-09-19T05:04:34.456455+00:00",
        "source": "incois_textdata",
        "zone_id": "SEC007_Odaikuppam_019"
      }
    },
    {
      "type": "Feature",
      "geometry": {
        "type": "Point",
        "coordinates": [
          80.37167,
          12.7125
        ]
      },
      "properties": {
        "place": "Chemacherry",
        "sector": "SEC007",
        "sector_name": "TAMILNADU_EAST",
        "dir": "SE",
        "direction": "SE",
        "bearing": 119,
        "distance": "47-52",
        "depth": "13-18",
        "lat_dms": "12 42 45 N",
        "lon_dms": "80 22 18 E",
        "suitability": "high",
        "timestamp": "2026-09-19T05:04:34.456455+00:00",
        "source": "incois_textdata",
        "zone_id": "SEC007_Chemacherry_020"
      }
    },
    {
      "type": "Feature",
      "geometry": {
        "type": "Point",
        "coordinates": [
          80.37694,
          12.69167
        ]
      },
      "properties": {
        "place": "Nemmelikuppam",
        "sector": "SEC007",
        "sector_name": "TAMILNADU_EAST",
        "dir": "SE",
        "direction": "SE",
        "bearing": 100,
        "distance": "50-55",
        "depth": "14-19",
        "lat_dms": "12 41 30 N",
        "lon_dms": "80 22 37 E",
        "suitability": "high",
        "timestamp": "2026-09-19T05:04:34.456455+00:00",
        "source": "incois_textdata",
        "zone_id": "SEC007_Nemmelikuppam_021"
      }
    },
    {
      "type": "Feature",
      "geometry": {
        "type": "Point",
        "coordinates": [
          80.38833,
          12.67278
        ]
      },
      "properties": {
        "place": "Pudhukalpakkam",
        "sector": "SEC007",
        "sector_name": "TAMILNADU_EAST",
        "dir": "SE",
        "direction": "SE",
        "bearing": 111,
        "distance": "49-54",
        "depth": "16-21",
        "lat_dms": "12 40 22 N",
        "lon_dms": "80 23 18 E",
        "suitability": "high",
        "timestamp": "2026-09-19T05:04:34.456455+00:00",
        "source": "incois_textdata",
        "zone_id": "SEC007_Pudhukalpakkam_022"
      }
    },
    {
      "type": "Feature",
      "geometry": {
        "type": "Point",
        "coordinates": [
          80.39278,
          12.65167
        ]
      },
      "properties": {
        "place": "Soolerikattukuppam",
        "sector": "SEC007",
        "sector_name": "TAMILNADU_EAST",
        "dir": "SE",
        "direction": "SE",
        "bearing": 108,
        "distance": "50-55",
        "depth": "17-22",
        "lat_dms": "12 39 6 N",
        "lon_dms": "80 23 34 E",
        "suitability": "high",
        "timestamp": "2026-09-19T05:04:34.456455+00:00",
        "source": "incois_textdata",
        "zone_id": "SEC007_Soolerikattukuppam_023"
      }
    },
    {
      "type": "Feature",
      "geometry": {
        "type": "Point",
        "coordinates": [
          80.38806,
          12.63056
        ]
      },
      "properties": {
        "place": "Pattipulam",
        "sector": "SEC007",
        "sector_name": "TAMILNADU_EAST",
        "dir": "SE",
        "direction": "SE",
        "bearing": 109,
        "distance": "54-59",
        "depth": "17-22",
        "lat_dms": "12 37 50 N",
        "lon_dms": "80 23 17 E",
        "suitability": "high",
        "timestamp": "2026-09-19T05:04:34.456455+00:00",
        "source": "incois_textdata",
        "zone_id": "SEC007_Pattipulam_024"
      }
    },
    {
      "type": "Feature",
      "geometry": {
        "type": "Point",
        "coordinates": [
          80.37667,
          12.61167
        ]
      },
      "properties": {
        "place": "Pudu Nemeli Kuppam",
        "sector": "SEC007",
        "sector_name": "TAMILNADU_EAST",
        "dir": "SE",
        "direction": "SE",
        "bearing": 106,
        "distance": "51-56",
        "depth": "17-22",
        "lat_dms": "12 36 42 N",
        "lon_dms": "80 22 36 E",
        "suitability": "high",
        "timestamp": "2026-09-19T05:04:34.456455+00:00",
        "source": "incois_textdata",
        "zone_id": "SEC007_Pudu_Nemeli_Kuppam_025"
      }
    },
    {
      "type": "Feature",
      "geometry": {
        "type": "Point",
        "coordinates": [
          80.37028,
          12.59111
        ]
      },
      "properties": {
        "place": "Salavankuppam",
        "sector": "SEC007",
        "sector_name": "TAMILNADU_EAST",
        "dir": "SE",
        "direction": "SE",
        "bearing": 112,
        "distance": "47-52",
        "depth": "17-22",
        "lat_dms": "12 35 28 N",
        "lon_dms": "80 22 13 E",
        "suitability": "high",
        "timestamp": "2026-09-19T05:04:34.456455+00:00",
        "source": "incois_textdata",
        "zone_id": "SEC007_Salavankuppam_026"
      }
    },
    {
      "type": "Feature",
      "geometry": {
        "type": "Point",
        "coordinates": [
          80.37,
          12.56917
        ]
      },
      "properties": {
        "place": "Mahabalipuram",
        "sector": "SEC007",
        "sector_name": "TAMILNADU_EAST",
        "dir": "SE",
        "direction": "SE",
        "bearing": 108,
        "distance": "46-51",
        "depth": "17-22",
        "lat_dms": "12 34 9 N",
        "lon_dms": "80 22 12 E",
        "suitability": "high",
        "timestamp": "2026-09-19T05:04:34.456455+00:00",
        "source": "incois_textdata",
        "zone_id": "SEC007_Mahabalipuram_027"
      }
    },
    {
      "type": "Feature",
      "geometry": {
        "type": "Point",
        "coordinates": [
          80.37917,
          12.54972
        ]
      },
      "properties": {
        "place": "Mamallapuram",
        "sector": "SEC007",
        "sector_name": "TAMILNADU_EAST",
        "dir": "SE",
        "direction": "SE",
        "bearing": 112,
        "distance": "48-53",
        "depth": "19-24",
        "lat_dms": "12 32 59 N",
        "lon_dms": "80 22 45 E",
        "suitability": "high",
        "timestamp": "2026-09-19T05:04:34.456455+00:00",
        "source": "incois_textdata",
        "zone_id": "SEC007_Mamallapuram_028"
      }
    },
    {
      "type": "Feature",
      "geometry": {
        "type": "Point",
        "coordinates": [
          80.39556,
          12.53556
        ]
      },
      "properties": {
        "place": "Venpursham",
        "sector": "SEC007",
        "sector_name": "TAMILNADU_EAST",
        "dir": "SE",
        "direction": "SE",
        "bearing": 107,
        "distance": "51-56",
        "depth": "21-26",
        "lat_dms": "12 32 8 N",
        "lon_dms": "80 23 44 E",
        "suitability": "high",
        "timestamp": "2026-09-19T05:04:34.456455+00:00",
        "source": "incois_textdata",
        "zone_id": "SEC007_Venpursham_029"
      }
    },
    {
      "type": "Feature",
      "geometry": {
        "type": "Point",
        "coordinates": [
          80.26306,
          12.44194
        ]
      },
      "properties": {
        "place": "Pudupattinam",
        "sector": "SEC007",
        "sector_name": "TAMILNADU_EAST",
        "dir": "SE",
        "direction": "SE",
        "bearing": 121,
        "distance": "35-40",
        "depth": "11-16",
        "lat_dms": "12 26 31 N",
        "lon_dms": "80 15 47 E",
        "suitability": "high",
        "timestamp": "2026-09-19T05:04:34.456455+00:00",
        "source": "incois_textdata",
        "zone_id": "SEC007_Pudupattinam_030"
      }
    },
    {
      "type": "Feature",
      "geometry": {
        "type": "Point",
        "coordinates": [
          80.26417,
          12.41917
        ]
      },
      "properties": {
        "place": "Sadras",
        "sector": "SEC007",
        "sector_name": "TAMILNADU_EAST",
        "dir": "SE",
        "direction": "SE",
        "bearing": 124,
        "distance": "39-44",
        "depth": "12-17",
        "lat_dms": "12 25 9 N",
        "lon_dms": "80 15 51 E",
        "suitability": "high",
        "timestamp": "2026-09-19T05:04:34.456455+00:00",
        "source": "incois_textdata",
        "zone_id": "SEC007_Sadras_031"
      }
    },
    {
      "type": "Feature",
      "geometry": {
        "type": "Point",
        "coordinates": [
          80.26806,
          12.39639
        ]
      },
      "properties": {
        "place": "Uyyalikuppam",
        "sector": "SEC007",
        "sector_name": "TAMILNADU_EAST",
        "dir": "SE",
        "direction": "SE",
        "bearing": 130,
        "distance": "44-49",
        "depth": "13-18",
        "lat_dms": "12 23 47 N",
        "lon_dms": "80 16 5 E",
        "suitability": "high",
        "timestamp": "2026-09-19T05:04:34.456455+00:00",
        "source": "incois_textdata",
        "zone_id": "SEC007_Uyyalikuppam_032"
      }
    },
    {
      "type": "Feature",
      "geometry": {
        "type": "Point",
        "coordinates": [
          80.26722,
          12.37333
        ]
      },
      "properties": {
        "place": "Kadalore Chinna Kuppam",
        "sector": "SEC007",
        "sector_name": "TAMILNADU_EAST",
        "dir": "SE",
        "direction": "SE",
        "bearing": 122,
        "distance": "49-54",
        "depth": "14-19",
        "lat_dms": "12 22 24 N",
        "lon_dms": "80 16 2 E",
        "suitability": "high",
        "timestamp": "2026-09-19T05:04:34.456455+00:00",
        "source": "incois_textdata",
        "zone_id": "SEC007_Kadalore_Chinna_Kuppam_033"
      }
    },
    {
      "type": "Feature",
      "geometry": {
        "type": "Point",
        "coordinates": [
          80.2575,
          12.3525
        ]
      },
      "properties": {
        "place": "Padalore Periya Kuppam",
        "sector": "SEC007",
        "sector_name": "TAMILNADU_EAST",
        "dir": "SE",
        "direction": "SE",
        "bearing": 129,
        "distance": "47-52",
        "depth": "14-19",
        "lat_dms": "12 21 9 N",
        "lon_dms": "80 15 27 E",
        "suitability": "high",
        "timestamp": "2026-09-19T05:04:34.456455+00:00",
        "source": "incois_textdata",
        "zone_id": "SEC007_Padalore_Periya_Kuppam_034"
      }
    },
    {
      "type": "Feature",
      "geometry": {
        "type": "Point",
        "coordinates": [
          80.24056,
          12.33694
        ]
      },
      "properties": {
        "place": "Kadalore Ali Kuppam",
        "sector": "SEC007",
        "sector_name": "TAMILNADU_EAST",
        "dir": "SE",
        "direction": "SE",
        "bearing": 137,
        "distance": "44-49",
        "depth": "14-19",
        "lat_dms": "12 20 13 N",
        "lon_dms": "80 14 26 E",
        "suitability": "high",
        "timestamp": "2026-09-19T05:04:34.456455+00:00",
        "source": "incois_textdata",
        "zone_id": "SEC007_Kadalore_Ali_Kuppam_035"
      }
    },
    {
      "type": "Feature",
      "geometry": {
        "type": "Point",
        "coordinates": [
          80.22,
          12.32667
        ]
      },
      "properties": {
        "place": "Angalamman Kuppam",
        "sector": "SEC007",
        "sector_name": "TAMILNADU_EAST",
        "dir": "SE",
        "direction": "SE",
        "bearing": 139,
        "distance": "41-46",
        "depth": "13-18",
        "lat_dms": "12 19 36 N",
        "lon_dms": "80 13 12 E",
        "suitability": "high",
        "timestamp": "2026-09-19T05:04:34.456455+00:00",
        "source": "incois_textdata",
        "zone_id": "SEC007_Angalamman_Kuppam_036"
      }
    },
    {
      "type": "Feature",
      "geometry": {
        "type": "Point",
        "coordinates": [
          80.19694,
          12.32556
        ]
      },
      "properties": {
        "place": "Pazhayanadukuppam",
        "sector": "SEC007",
        "sector_name": "TAMILNADU_EAST",
        "dir": "SE",
        "direction": "SE",
        "bearing": 145,
        "distance": "34-39",
        "depth": "11-16",
        "lat_dms": "12 19 32 N",
        "lon_dms": "80 11 49 E",
        "suitability": "high",
        "timestamp": "2026-09-19T05:04:34.456455+00:00",
        "source": "incois_textdata",
        "zone_id": "SEC007_Pazhayanadukuppam_037"
      }
    },
    {
      "type": "Feature",
      "geometry": {
        "type": "Point",
        "coordinates": [
          80.17389,
          12.32472
        ]
      },
      "properties": {
        "place": "Pudhunadukuppam",
        "sector": "SEC007",
        "sector_name": "TAMILNADU_EAST",
        "dir": "SE",
        "direction": "SE",
        "bearing": 151,
        "distance": "26-31",
        "depth": "9-14",
        "lat_dms": "12 19 29 N",
        "lon_dms": "80 10 26 E",
        "suitability": "high",
        "timestamp": "2026-09-19T05:04:34.456455+00:00",
        "source": "incois_textdata",
        "zone_id": "SEC007_Pudhunadukuppam_038"
      }
    },
    {
      "type": "Feature",
      "geometry": {
        "type": "Point",
        "coordinates": [
          80.15667,
          12.31028
        ]
      },
      "properties": {
        "place": "Perun Thuravu Kuppam",
        "sector": "SEC007",
        "sector_name": "TAMILNADU_EAST",
        "dir": "SE",
        "direction": "SE",
        "bearing": 135,
        "distance": "23-28",
        "depth": "8-13",
        "lat_dms": "12 18 37 N",
        "lon_dms": "80 9 24 E",
        "suitability": "high",
        "timestamp": "2026-09-19T05:04:34.456455+00:00",
        "source": "incois_textdata",
        "zone_id": "SEC007_Perun_Thuravu_Kuppam_039"
      }
    },
    {
      "type": "Feature",
      "geometry": {
        "type": "Point",
        "coordinates": [
          80.23528,
          12.10167
        ]
      },
      "properties": {
        "place": "Muttukaduazhagankuppam",
        "sector": "SEC007",
        "sector_name": "TAMILNADU_EAST",
        "dir": "SE",
        "direction": "SE",
        "bearing": 121,
        "distance": "391-396",
        "depth": "28-33",
        "lat_dms": "12 6 6 N",
        "lon_dms": "80 14 7 E",
        "suitability": "high",
        "timestamp": "2026-09-19T05:04:34.456455+00:00",
        "source": "incois_textdata",
        "zone_id": "SEC007_Muttukaduazhagankuppam_040"
      }
    },
    {
      "type": "Feature",
      "geometry": {
        "type": "Point",
        "coordinates": [
          80.20444,
          12.07444
        ]
      },
      "properties": {
        "place": "Vasavankuppam",
        "sector": "SEC007",
        "sector_name": "TAMILNADU_EAST",
        "dir": "SE",
        "direction": "SE",
        "bearing": 126,
        "distance": "550-555",
        "depth": "26-31",
        "lat_dms": "12 4 28 N",
        "lon_dms": "80 12 16 E",
        "suitability": "high",
        "timestamp": "2026-09-19T05:04:34.456455+00:00",
        "source": "incois_textdata",
        "zone_id": "SEC007_Vasavankuppam_041"
      }
    },
    {
      "type": "Feature",
      "geometry": {
        "type": "Point",
        "coordinates": [
          80.17722,
          12.04361
        ]
      },
      "properties": {
        "place": "Ekkiyarkuppam",
        "sector": "SEC007",
        "sector_name": "TAMILNADU_EAST",
        "dir": "SE",
        "direction": "SE",
        "bearing": 123,
        "distance": "374-379",
        "depth": "26-31",
        "lat_dms": "12 2 37 N",
        "lon_dms": "80 10 38 E",
        "suitability": "high",
        "timestamp": "2026-09-19T05:04:34.456455+00:00",
        "source": "incois_textdata",
        "zone_id": "SEC007_Ekkiyarkuppam_042"
      }
    },
    {
      "type": "Feature",
      "geometry": {
        "type": "Point",
        "coordinates": [
          80.13833,
          12.03056
        ]
      },
      "properties": {
        "place": "Mandavai Pudukuppam",
        "sector": "SEC007",
        "sector_name": "TAMILNADU_EAST",
        "dir": "SE",
        "direction": "SE",
        "bearing": 125,
        "distance": "261-266",
        "depth": "23-28",
        "lat_dms": "12 1 50 N",
        "lon_dms": "80 8 18 E",
        "suitability": "high",
        "timestamp": "2026-09-19T05:04:34.456455+00:00",
        "source": "incois_textdata",
        "zone_id": "SEC007_Mandavai_Pudukuppam_043"
      }
    },
    {
      "type": "Feature",
      "geometry": {
        "type": "Point",
        "coordinates": [
          80.09972,
          12.01778
        ]
      },
      "properties": {
        "place": "Anumandhaikuppam",
        "sector": "SEC007",
        "sector_name": "TAMILNADU_EAST",
        "dir": "SE",
        "direction": "SE",
        "bearing": 121,
        "distance": "50-55",
        "depth": "20-25",
        "lat_dms": "12 1 4 N",
        "lon_dms": "80 5 59 E",
        "suitability": "high",
        "timestamp": "2026-09-19T05:04:34.456455+00:00",
        "source": "incois_textdata",
        "zone_id": "SEC007_Anumandhaikuppam_044"
      }
    },
    {
      "type": "Feature",
      "geometry": {
        "type": "Point",
        "coordinates": [
          80.07778,
          11.98333
        ]
      },
      "properties": {
        "place": "Koonimedu Kuppam",
        "sector": "SEC007",
        "sector_name": "TAMILNADU_EAST",
        "dir": "SE",
        "direction": "SE",
        "bearing": 121,
        "distance": "61-66",
        "depth": "20-25",
        "lat_dms": "11 59 0 N",
        "lon_dms": "80 4 40 E",
        "suitability": "high",
        "timestamp": "2026-09-19T05:04:34.456455+00:00",
        "source": "incois_textdata",
        "zone_id": "SEC007_Koonimedu_Kuppam_045"
      }
    },
    {
      "type": "Feature",
      "geometry": {
        "type": "Point",
        "coordinates": [
          80.05083,
          11.95306
        ]
      },
      "properties": {
        "place": "Ganapathichettikulam",
        "sector": "SEC007",
        "sector_name": "TAMILNADU_EAST",
        "dir": "SE",
        "direction": "SE",
        "bearing": 116,
        "distance": "29-34",
        "depth": "19-24",
        "lat_dms": "11 57 11 N",
        "lon_dms": "80 3 3 E",
        "suitability": "high",
        "timestamp": "2026-09-19T05:04:34.456455+00:00",
        "source": "incois_textdata",
        "zone_id": "SEC007_Ganapathichettikulam_046"
      }
    },
    {
      "type": "Feature",
      "geometry": {
        "type": "Point",
        "coordinates": [
          80.01139,
          11.94083
        ]
      },
      "properties": {
        "place": "Bommaiyarpalyam",
        "sector": "SEC007",
        "sector_name": "TAMILNADU_EAST",
        "dir": "SE",
        "direction": "SE",
        "bearing": 109,
        "distance": "25-30",
        "depth": "16-21",
        "lat_dms": "11 56 27 N",
        "lon_dms": "80 0 41 E",
        "suitability": "high",
        "timestamp": "2026-09-19T05:04:34.456455+00:00",
        "source": "incois_textdata",
        "zone_id": "SEC007_Bommaiyarpalyam_047"
      }
    },
    {
      "type": "Feature",
      "geometry": {
        "type": "Point",
        "coordinates": [
          79.97917,
          11.91556
        ]
      },
      "properties": {
        "place": "Solainagar North",
        "sector": "SEC007",
        "sector_name": "TAMILNADU_EAST",
        "dir": "SE",
        "direction": "SE",
        "bearing": 104,
        "distance": "41-46",
        "depth": "14-19",
        "lat_dms": "11 54 56 N",
        "lon_dms": "79 58 45 E",
        "suitability": "high",
        "timestamp": "2026-09-19T05:04:34.456455+00:00",
        "source": "incois_textdata",
        "zone_id": "SEC007_Solainagar_North_048"
      }
    },
    {
      "type": "Feature",
      "geometry": {
        "type": "Point",
        "coordinates": [
          79.96556,
          11.87694
        ]
      },
      "properties": {
        "place": "Veerampattinam",
        "sector": "SEC007",
        "sector_name": "TAMILNADU_EAST",
        "dir": "SE",
        "direction": "SE",
        "bearing": 97,
        "distance": "58-63",
        "depth": "13-18",
        "lat_dms": "11 52 37 N",
        "lon_dms": "79 57 56 E",
        "suitability": "high",
        "timestamp": "2026-09-19T05:04:34.456455+00:00",
        "source": "incois_textdata",
        "zone_id": "SEC007_Veerampattinam_049"
      }
    },
    {
      "type": "Feature",
      "geometry": {
        "type": "Point",
        "coordinates": [
          80.06694,
          11.56472
        ]
      },
      "properties": {
        "place": "Parangipettai",
        "sector": "SEC007",
        "sector_name": "TAMILNADU_EAST",
        "dir": "NE",
        "direction": "NE",
        "bearing": 78,
        "distance": "721-726",
        "depth": "31-36",
        "lat_dms": "11 33 53 N",
        "lon_dms": "80 4 1 E",
        "suitability": "high",
        "timestamp": "2026-09-19T05:04:34.456455+00:00",
        "source": "incois_textdata",
        "zone_id": "SEC007_Parangipettai_050"
      }
    },
    {
      "type": "Feature",
      "geometry": {
        "type": "Point",
        "coordinates": [
          80.09167,
          11.53361
        ]
      },
      "properties": {
        "place": "Mudasalodai",
        "sector": "SEC007",
        "sector_name": "TAMILNADU_EAST",
        "dir": "NE",
        "direction": "NE",
        "bearing": 83,
        "distance": "859-864",
        "depth": "32-37",
        "lat_dms": "11 32 1 N",
        "lon_dms": "80 5 30 E",
        "suitability": "high",
        "timestamp": "2026-09-19T05:04:34.456455+00:00",
        "source": "incois_textdata",
        "zone_id": "SEC007_Mudasalodai_051"
      }
    },
    {
      "type": "Feature",
      "geometry": {
        "type": "Point",
        "coordinates": [
          80.09472,
          11.49361
        ]
      },
      "properties": {
        "place": "M.G.R. Thittu",
        "sector": "SEC007",
        "sector_name": "TAMILNADU_EAST",
        "dir": "NE",
        "direction": "NE",
        "bearing": 86,
        "distance": "892-897",
        "depth": "31-36",
        "lat_dms": "11 29 37 N",
        "lon_dms": "80 5 41 E",
        "suitability": "high",
        "timestamp": "2026-09-19T05:04:34.456455+00:00",
        "source": "incois_textdata",
        "zone_id": "SEC007_M.G.R._Thittu_052"
      }
    },
    {
      "type": "Feature",
      "geometry": {
        "type": "Point",
        "coordinates": [
          80.08278,
          11.455
        ]
      },
      "properties": {
        "place": "Killai",
        "sector": "SEC007",
        "sector_name": "TAMILNADU_EAST",
        "dir": "NE",
        "direction": "NE",
        "bearing": 86,
        "distance": "804-809",
        "depth": "28-33",
        "lat_dms": "11 27 18 N",
        "lon_dms": "80 4 58 E",
        "suitability": "high",
        "timestamp": "2026-09-19T05:04:34.456455+00:00",
        "source": "incois_textdata",
        "zone_id": "SEC007_Killai_053"
      }
    },
    {
      "type": "Feature",
      "geometry": {
        "type": "Point",
        "coordinates": [
          80.08389,
          11.41472
        ]
      },
      "properties": {
        "place": "Kottaimedu",
        "sector": "SEC007",
        "sector_name": "TAMILNADU_EAST",
        "dir": "NE",
        "direction": "NE",
        "bearing": 69,
        "distance": "799-804",
        "depth": "27-32",
        "lat_dms": "11 24 53 N",
        "lon_dms": "80 5 2 E",
        "suitability": "high",
        "timestamp": "2026-09-19T05:04:34.456455+00:00",
        "source": "incois_textdata",
        "zone_id": "SEC007_Kottaimedu_054"
      }
    },
    {
      "type": "Feature",
      "geometry": {
        "type": "Point",
        "coordinates": [
          80.11222,
          11.38694
        ]
      },
      "properties": {
        "place": "Pazhayar",
        "sector": "SEC007",
        "sector_name": "TAMILNADU_EAST",
        "dir": "NE",
        "direction": "NE",
        "bearing": 83,
        "distance": "877-882",
        "depth": "28-33",
        "lat_dms": "11 23 13 N",
        "lon_dms": "80 6 44 E",
        "suitability": "high",
        "timestamp": "2026-09-19T05:04:34.456455+00:00",
        "source": "incois_textdata",
        "zone_id": "SEC007_Pazhayar_055"
      }
    },
    {
      "type": "Feature",
      "geometry": {
        "type": "Point",
        "coordinates": [
          80.13333,
          11.35472
        ]
      },
      "properties": {
        "place": "Madavamedu",
        "sector": "SEC007",
        "sector_name": "TAMILNADU_EAST",
        "dir": "NE",
        "direction": "NE",
        "bearing": 85,
        "distance": "904-909",
        "depth": "30-35",
        "lat_dms": "11 21 17 N",
        "lon_dms": "80 8 0 E",
        "suitability": "high",
        "timestamp": "2026-09-19T05:04:34.456455+00:00",
        "source": "incois_textdata",
        "zone_id": "SEC007_Madavamedu_056"
      }
    },
    {
      "type": "Feature",
      "geometry": {
        "type": "Point",
        "coordinates": [
          80.12417,
          11.31583
        ]
      },
      "properties": {
        "place": "Mudasalodai Village",
        "sector": "SEC007",
        "sector_name": "TAMILNADU_EAST",
        "dir": "NE",
        "direction": "NE",
        "bearing": 82,
        "distance": "730-735",
        "depth": "29-34",
        "lat_dms": "11 18 57 N",
        "lon_dms": "80 7 27 E",
        "suitability": "high",
        "timestamp": "2026-09-19T05:04:34.456455+00:00",
        "source": "incois_textdata",
        "zone_id": "SEC007_Mudasalodai_Village_057"
      }
    },
    {
      "type": "Feature",
      "geometry": {
        "type": "Point",
        "coordinates": [
          80.09722,
          11.28556
        ]
      },
      "properties": {
        "place": "Tirumullaivasal",
        "sector": "SEC007",
        "sector_name": "TAMILNADU_EAST",
        "dir": "NE",
        "direction": "NE",
        "bearing": 81,
        "distance": "540-545",
        "depth": "26-31",
        "lat_dms": "11 17 8 N",
        "lon_dms": "80 5 50 E",
        "suitability": "high",
        "timestamp": "2026-09-19T05:04:34.456455+00:00",
        "source": "incois_textdata",
        "zone_id": "SEC007_Tirumullaivasal_058"
      }
    },
    {
      "type": "Feature",
      "geometry": {
        "type": "Point",
        "coordinates": [
          80.07528,
          11.25194
        ]
      },
      "properties": {
        "place": "Keezhamoovarkarai",
        "sector": "SEC007",
        "sector_name": "TAMILNADU_EAST",
        "dir": "NE",
        "direction": "NE",
        "bearing": 80,
        "distance": "348-353",
        "depth": "23-28",
        "lat_dms": "11 15 7 N",
        "lon_dms": "80 4 31 E",
        "suitability": "high",
        "timestamp": "2026-09-19T05:04:34.456455+00:00",
        "source": "incois_textdata",
        "zone_id": "SEC007_Keezhamoovarkarai_059"
      }
    },
    {
      "type": "Feature",
      "geometry": {
        "type": "Point",
        "coordinates": [
          80.03889,
          11.1325
        ]
      },
      "properties": {
        "place": "Kaverippattinam",
        "sector": "SEC007",
        "sector_name": "TAMILNADU_EAST",
        "dir": "NE",
        "direction": "NE",
        "bearing": 89,
        "distance": "46-51",
        "depth": "18-23",
        "lat_dms": "11 7 57 N",
        "lon_dms": "80 2 20 E",
        "suitability": "high",
        "timestamp": "2026-09-19T05:04:34.456455+00:00",
        "source": "incois_textdata",
        "zone_id": "SEC007_Kaverippattinam_060"
      }
    },
    {
      "type": "Feature",
      "geometry": {
        "type": "Point",
        "coordinates": [
          80.0575,
          11.10639
        ]
      },
      "properties": {
        "place": "Chinnangudi",
        "sector": "SEC007",
        "sector_name": "TAMILNADU_EAST",
        "dir": "NE",
        "direction": "NE",
        "bearing": 88,
        "distance": "62-67",
        "depth": "20-25",
        "lat_dms": "11 6 23 N",
        "lon_dms": "80 3 27 E",
        "suitability": "high",
        "timestamp": "2026-09-19T05:04:34.456455+00:00",
        "source": "incois_textdata",
        "zone_id": "SEC007_Chinnangudi_061"
      }
    },
    {
      "type": "Feature",
      "geometry": {
        "type": "Point",
        "coordinates": [
          80.08167,
          11.08417
        ]
      },
      "properties": {
        "place": "Thalampettai",
        "sector": "SEC007",
        "sector_name": "TAMILNADU_EAST",
        "dir": "E",
        "direction": "E",
        "bearing": 90,
        "distance": "77-82",
        "depth": "22-27",
        "lat_dms": "11 5 3 N",
        "lon_dms": "80 4 54 E",
        "suitability": "high",
        "timestamp": "2026-09-19T05:04:34.456455+00:00",
        "source": "incois_textdata",
        "zone_id": "SEC007_Thalampettai_062"
      }
    },
    {
      "type": "Feature",
      "geometry": {
        "type": "Point",
        "coordinates": [
          80.08306,
          11.05222
        ]
      },
      "properties": {
        "place": "Pudhupettai",
        "sector": "SEC007",
        "sector_name": "TAMILNADU_EAST",
        "dir": "SE",
        "direction": "SE",
        "bearing": 94,
        "distance": "64-69",
        "depth": "23-28",
        "lat_dms": "11 3 8 N",
        "lon_dms": "80 4 59 E",
        "suitability": "high",
        "timestamp": "2026-09-19T05:04:34.456455+00:00",
        "source": "incois_textdata",
        "zone_id": "SEC007_Pudhupettai_063"
      }
    },
    {
      "type": "Feature",
      "geometry": {
        "type": "Point",
        "coordinates": [
          80.06889,
          11.02306
        ]
      },
      "properties": {
        "place": "Kuttiyandiyur",
        "sector": "SEC007",
        "sector_name": "TAMILNADU_EAST",
        "dir": "SE",
        "direction": "SE",
        "bearing": 96,
        "distance": "56-61",
        "depth": "21-26",
        "lat_dms": "11 1 23 N",
        "lon_dms": "80 4 8 E",
        "suitability": "high",
        "timestamp": "2026-09-19T05:04:34.456455+00:00",
        "source": "incois_textdata",
        "zone_id": "SEC007_Kuttiyandiyur_064"
      }
    },
    {
      "type": "Feature",
      "geometry": {
        "type": "Point",
        "coordinates": [
          80.05111,
          10.99639
        ]
      },
      "properties": {
        "place": "Tharangampadi",
        "sector": "SEC007",
        "sector_name": "TAMILNADU_EAST",
        "dir": "SE",
        "direction": "SE",
        "bearing": 100,
        "distance": "51-56",
        "depth": "20-25",
        "lat_dms": "10 59 47 N",
        "lon_dms": "80 3 4 E",
        "suitability": "high",
        "timestamp": "2026-09-19T05:04:34.456455+00:00",
        "source": "incois_textdata",
        "zone_id": "SEC007_Tharangampadi_065"
      }
    },
    {
      "type": "Feature",
      "geometry": {
        "type": "Point",
        "coordinates": [
          80.05278,
          10.96389
        ]
      },
      "properties": {
        "place": "Chandrappadi",
        "sector": "SEC007",
        "sector_name": "TAMILNADU_EAST",
        "dir": "SE",
        "direction": "SE",
        "bearing": 100,
        "distance": "44-49",
        "depth": "20-25",
        "lat_dms": "10 57 50 N",
        "lon_dms": "80 3 10 E",
        "suitability": "high",
        "timestamp": "2026-09-19T05:04:34.456455+00:00",
        "source": "incois_textdata",
        "zone_id": "SEC007_Chandrappadi_066"
      }
    },
    {
      "type": "Feature",
      "geometry": {
        "type": "Point",
        "coordinates": [
          80.0625,
          10.93278
        ]
      },
      "properties": {
        "place": "Chinnorpettai",
        "sector": "SEC007",
        "sector_name": "TAMILNADU_EAST",
        "dir": "SE",
        "direction": "SE",
        "bearing": 105,
        "distance": "30-35",
        "depth": "21-26",
        "lat_dms": "10 55 58 N",
        "lon_dms": "80 3 45 E",
        "suitability": "high",
        "timestamp": "2026-09-19T05:04:34.456455+00:00",
        "source": "incois_textdata",
        "zone_id": "SEC007_Chinnorpettai_067"
      }
    },
    {
      "type": "Feature",
      "geometry": {
        "type": "Point",
        "coordinates": [
          80.06806,
          10.90056
        ]
      },
      "properties": {
        "place": "Pattinacherry",
        "sector": "SEC007",
        "sector_name": "TAMILNADU_EAST",
        "dir": "SE",
        "direction": "SE",
        "bearing": 99,
        "distance": "52-57",
        "depth": "22-27",
        "lat_dms": "10 54 2 N",
        "lon_dms": "80 4 5 E",
        "suitability": "high",
        "timestamp": "2026-09-19T05:04:34.456455+00:00",
        "source": "incois_textdata",
        "zone_id": "SEC007_Pattinacherry_068"
      }
    },
    {
      "type": "Feature",
      "geometry": {
        "type": "Point",
        "coordinates": [
          80.06528,
          10.86778
        ]
      },
      "properties": {
        "place": "Karikal",
        "sector": "SEC007",
        "sector_name": "TAMILNADU_EAST",
        "dir": "SE",
        "direction": "SE",
        "bearing": 102,
        "distance": "61-66",
        "depth": "21-26",
        "lat_dms": "10 52 4 N",
        "lon_dms": "80 3 55 E",
        "suitability": "high",
        "timestamp": "2026-09-19T05:04:34.456455+00:00",
        "source": "incois_textdata",
        "zone_id": "SEC007_Karikal_069"
      }
    },
    {
      "type": "Feature",
      "geometry": {
        "type": "Point",
        "coordinates": [
          80.03222,
          10.68667
        ]
      },
      "properties": {
        "place": "Velanganni",
        "sector": "SEC007",
        "sector_name": "TAMILNADU_EAST",
        "dir": "NE",
        "direction": "NE",
        "bearing": 88,
        "distance": "21-26",
        "depth": "18-23",
        "lat_dms": "10 41 12 N",
        "lon_dms": "80 1 56 E",
        "suitability": "high",
        "timestamp": "2026-09-19T05:04:34.456455+00:00",
        "source": "incois_textdata",
        "zone_id": "SEC007_Velanganni_070"
      }
    },
    {
      "type": "Feature",
      "geometry": {
        "type": "Point",
        "coordinates": [
          80.04083,
          10.65167
        ]
      },
      "properties": {
        "place": "Seruthur",
        "sector": "SEC007",
        "sector_name": "TAMILNADU_EAST",
        "dir": "SE",
        "direction": "SE",
        "bearing": 95,
        "distance": "13-18",
        "depth": "18-23",
        "lat_dms": "10 39 6 N",
        "lon_dms": "80 2 27 E",
        "suitability": "high",
        "timestamp": "2026-09-19T05:04:34.456455+00:00",
        "source": "incois_textdata",
        "zone_id": "SEC007_Seruthur_071"
      }
    },
    {
      "type": "Feature",
      "geometry": {
        "type": "Point",
        "coordinates": [
          80.06472,
          10.62417
        ]
      },
      "properties": {
        "place": "Kameshwaram",
        "sector": "SEC007",
        "sector_name": "TAMILNADU_EAST",
        "dir": "NE",
        "direction": "NE",
        "bearing": 88,
        "distance": "32-37",
        "depth": "21-26",
        "lat_dms": "10 37 27 N",
        "lon_dms": "80 3 53 E",
        "suitability": "high",
        "timestamp": "2026-09-19T05:04:34.456455+00:00",
        "source": "incois_textdata",
        "zone_id": "SEC007_Kameshwaram_072"
      }
    },
    {
      "type": "Feature",
      "geometry": {
        "type": "Point",
        "coordinates": [
          80.08667,
          10.595
        ]
      },
      "properties": {
        "place": "Vilunthamavadi",
        "sector": "SEC007",
        "sector_name": "TAMILNADU_EAST",
        "dir": "E",
        "direction": "E",
        "bearing": 90,
        "distance": "32-37",
        "depth": "23-28",
        "lat_dms": "10 35 42 N",
        "lon_dms": "80 5 12 E",
        "suitability": "high",
        "timestamp": "2026-09-19T05:04:34.456455+00:00",
        "source": "incois_textdata",
        "zone_id": "SEC007_Vilunthamavadi_073"
      }
    },
    {
      "type": "Feature",
      "geometry": {
        "type": "Point",
        "coordinates": [
          80.08944,
          10.55889
        ]
      },
      "properties": {
        "place": "Vettaikaranrippu",
        "sector": "SEC007",
        "sector_name": "TAMILNADU_EAST",
        "dir": "SE",
        "direction": "SE",
        "bearing": 93,
        "distance": "30-35",
        "depth": "23-28",
        "lat_dms": "10 33 32 N",
        "lon_dms": "80 5 22 E",
        "suitability": "high",
        "timestamp": "2026-09-19T05:04:34.456455+00:00",
        "source": "incois_textdata",
        "zone_id": "SEC007_Vettaikaranrippu_074"
      }
    },
    {
      "type": "Feature",
      "geometry": {
        "type": "Point",
        "coordinates": [
          80.08194,
          10.52306
        ]
      },
      "properties": {
        "place": "Vanavanmadevi",
        "sector": "SEC007",
        "sector_name": "TAMILNADU_EAST",
        "dir": "SE",
        "direction": "SE",
        "bearing": 95,
        "distance": "15-20",
        "depth": "22-27",
        "lat_dms": "10 31 23 N",
        "lon_dms": "80 4 55 E",
        "suitability": "high",
        "timestamp": "2026-09-19T05:04:34.456455+00:00",
        "source": "incois_textdata",
        "zone_id": "SEC007_Vanavanmadevi_075"
      }
    },
    {
      "type": "Feature",
      "geometry": {
        "type": "Point",
        "coordinates": [
          80.08361,
          10.48694
        ]
      },
      "properties": {
        "place": "Kallinodu",
        "sector": "SEC007",
        "sector_name": "TAMILNADU_EAST",
        "dir": "SE",
        "direction": "SE",
        "bearing": 92,
        "distance": "20-25",
        "depth": "22-27",
        "lat_dms": "10 29 13 N",
        "lon_dms": "80 5 1 E",
        "suitability": "high",
        "timestamp": "2026-09-19T05:04:34.456455+00:00",
        "source": "incois_textdata",
        "zone_id": "SEC007_Kallinodu_076"
      }
    },
    {
      "type": "Feature",
      "geometry": {
        "type": "Point",
        "coordinates": [
          80.09944,
          10.45417
        ]
      },
      "properties": {
        "place": "Pushpavanam",
        "sector": "SEC007",
        "sector_name": "TAMILNADU_EAST",
        "dir": "SE",
        "direction": "SE",
        "bearing": 91,
        "distance": "21-26",
        "depth": "24-29",
        "lat_dms": "10 27 15 N",
        "lon_dms": "80 5 58 E",
        "suitability": "high",
        "timestamp": "2026-09-19T05:04:34.456455+00:00",
        "source": "incois_textdata",
        "zone_id": "SEC007_Pushpavanam_077"
      }
    },
    {
      "type": "Feature",
      "geometry": {
        "type": "Point",
        "coordinates": [
          80.12889,
          10.43333
        ]
      },
      "properties": {
        "place": "Topputturai",
        "sector": "SEC007",
        "sector_name": "TAMILNADU_EAST",
        "dir": "NE",
        "direction": "NE",
        "bearing": 84,
        "distance": "26-31",
        "depth": "26-31",
        "lat_dms": "10 26 0 N",
        "lon_dms": "80 7 44 E",
        "suitability": "high",
        "timestamp": "2026-09-19T05:04:34.456455+00:00",
        "source": "incois_textdata",
        "zone_id": "SEC007_Topputturai_078"
      }
    },
    {
      "type": "Feature",
      "geometry": {
        "type": "Point",
        "coordinates": [
          80.16472,
          10.42667
        ]
      },
      "properties": {
        "place": "Arkkattuthurai",
        "sector": "SEC007",
        "sector_name": "TAMILNADU_EAST",
        "dir": "NE",
        "direction": "NE",
        "bearing": 83,
        "distance": "37-42",
        "depth": "30-35",
        "lat_dms": "10 25 36 N",
        "lon_dms": "80 9 53 E",
        "suitability": "high",
        "timestamp": "2026-09-19T05:04:34.456455+00:00",
        "source": "incois_textdata",
        "zone_id": "SEC007_Arkkattuthurai_079"
      }
    },
    {
      "type": "Feature",
      "geometry": {
        "type": "Point",
        "coordinates": [
          81.29806,
          16.12444
        ]
      },
      "properties": {
        "place": "Pedda Gollapalem",
        "sector": "SEC008",
        "sector_name": "ANDHRA",
        "dir": "SW",
        "direction": "SW",
        "bearing": 212,
        "distance": "12-17",
        "depth": "28-33",
        "lat_dms": "16 7 28 N",
        "lon_dms": "81 17 53 E",
        "suitability": "high",
        "timestamp": "2026-09-19T05:04:34.357926+00:00",
        "source": "incois_textdata",
        "zone_id": "SEC008_Pedda_Gollapalem_000"
      }
    },
    {
      "type": "Feature",
      "geometry": {
        "type": "Point",
        "coordinates": [
          81.31944,
          16.08972
        ]
      },
      "properties": {
        "place": "Palakayatippa",
        "sector": "SEC008",
        "sector_name": "ANDHRA",
        "dir": "NE",
        "direction": "NE",
        "bearing": 59,
        "distance": "17-22",
        "depth": "21-26",
        "lat_dms": "16 5 23 N",
        "lon_dms": "81 19 10 E",
        "suitability": "high",
        "timestamp": "2026-09-19T05:04:34.357926+00:00",
        "source": "incois_textdata",
        "zone_id": "SEC008_Palakayatippa_001"
      }
    },
    {
      "type": "Feature",
      "geometry": {
        "type": "Point",
        "coordinates": [
          81.35861,
          16.07583
        ]
      },
      "properties": {
        "place": "Giripuram",
        "sector": "SEC008",
        "sector_name": "ANDHRA",
        "dir": "SE",
        "direction": "SE",
        "bearing": 143,
        "distance": "23-28",
        "depth": "20-25",
        "lat_dms": "16 4 33 N",
        "lon_dms": "81 21 31 E",
        "suitability": "high",
        "timestamp": "2026-09-19T05:04:34.357926+00:00",
        "source": "incois_textdata",
        "zone_id": "SEC008_Giripuram_002"
      }
    },
    {
      "type": "Feature",
      "geometry": {
        "type": "Point",
        "coordinates": [
          81.38667,
          16.04722
        ]
      },
      "properties": {
        "place": "Machilipatnam",
        "sector": "SEC008",
        "sector_name": "ANDHRA",
        "dir": "SE",
        "direction": "SE",
        "bearing": 118,
        "distance": "29-34",
        "depth": "20-25",
        "lat_dms": "16 2 50 N",
        "lon_dms": "81 23 12 E",
        "suitability": "high",
        "timestamp": "2026-09-19T05:04:34.357926+00:00",
        "source": "incois_textdata",
        "zone_id": "SEC008_Machilipatnam_003"
      }
    },
    {
      "type": "Feature",
      "geometry": {
        "type": "Point",
        "coordinates": [
          81.11056,
          15.70917
        ]
      },
      "properties": {
        "place": "Nachugunta",
        "sector": "SEC008",
        "sector_name": "ANDHRA",
        "dir": "SE",
        "direction": "SE",
        "bearing": 101,
        "distance": "104-109",
        "depth": "22-27",
        "lat_dms": "15 42 33 N",
        "lon_dms": "81 6 38 E",
        "suitability": "high",
        "timestamp": "2026-09-19T05:04:34.357926+00:00",
        "source": "incois_textdata",
        "zone_id": "SEC008_Nachugunta_004"
      }
    },
    {
      "type": "Feature",
      "geometry": {
        "type": "Point",
        "coordinates": [
          81.07139,
          15.69722
        ]
      },
      "properties": {
        "place": "Sorlagondi",
        "sector": "SEC008",
        "sector_name": "ANDHRA",
        "dir": "SE",
        "direction": "SE",
        "bearing": 161,
        "distance": "138-143",
        "depth": "16-21",
        "lat_dms": "15 41 50 N",
        "lon_dms": "81 4 17 E",
        "suitability": "high",
        "timestamp": "2026-09-19T05:04:34.357926+00:00",
        "source": "incois_textdata",
        "zone_id": "SEC008_Sorlagondi_005"
      }
    },
    {
      "type": "Feature",
      "geometry": {
        "type": "Point",
        "coordinates": [
          81.03111,
          15.68306
        ]
      },
      "properties": {
        "place": "Etimoga",
        "sector": "SEC008",
        "sector_name": "ANDHRA",
        "dir": "SE",
        "direction": "SE",
        "bearing": 156,
        "distance": "123-128",
        "depth": "9-14",
        "lat_dms": "15 40 59 N",
        "lon_dms": "81 1 52 E",
        "suitability": "high",
        "timestamp": "2026-09-19T05:04:34.357926+00:00",
        "source": "incois_textdata",
        "zone_id": "SEC008_Etimoga_006"
      }
    },
    {
      "type": "Feature",
      "geometry": {
        "type": "Point",
        "coordinates": [
          80.70778,
          15.63694
        ]
      },
      "properties": {
        "place": "Bestapalam Bapatla",
        "sector": "SEC008",
        "sector_name": "ANDHRA",
        "dir": "SE",
        "direction": "SE",
        "bearing": 130,
        "distance": "13-18",
        "depth": "31-36",
        "lat_dms": "15 38 13 N",
        "lon_dms": "80 42 28 E",
        "suitability": "high",
        "timestamp": "2026-09-19T05:04:34.357926+00:00",
        "source": "incois_textdata",
        "zone_id": "SEC008_Bestapalam_Bapatla_007"
      }
    },
    {
      "type": "Feature",
      "geometry": {
        "type": "Point",
        "coordinates": [
          80.65389,
          15.62833
        ]
      },
      "properties": {
        "place": "Nizampatnam",
        "sector": "SEC008",
        "sector_name": "ANDHRA",
        "dir": "SE",
        "direction": "SE",
        "bearing": 177,
        "distance": "17-22",
        "depth": "25-30",
        "lat_dms": "15 37 42 N",
        "lon_dms": "80 39 14 E",
        "suitability": "high",
        "timestamp": "2026-09-19T05:04:34.357926+00:00",
        "source": "incois_textdata",
        "zone_id": "SEC008_Nizampatnam_008"
      }
    },
    {
      "type": "Feature",
      "geometry": {
        "type": "Point",
        "coordinates": [
          80.605,
          15.61167
        ]
      },
      "properties": {
        "place": "Suryalanka",
        "sector": "SEC008",
        "sector_name": "ANDHRA",
        "dir": "SE",
        "direction": "SE",
        "bearing": 154,
        "distance": "12-17",
        "depth": "25-30",
        "lat_dms": "15 36 42 N",
        "lon_dms": "80 36 18 E",
        "suitability": "high",
        "timestamp": "2026-09-19T05:04:34.357926+00:00",
        "source": "incois_textdata",
        "zone_id": "SEC008_Suryalanka_009"
      }
    },
    {
      "type": "Feature",
      "geometry": {
        "type": "Point",
        "coordinates": [
          80.29972,
          14.64111
        ]
      },
      "properties": {
        "place": "Utukuru",
        "sector": "SEC008",
        "sector_name": "ANDHRA",
        "dir": "SE",
        "direction": "SE",
        "bearing": 100,
        "distance": "88-93",
        "depth": "14-19",
        "lat_dms": "14 38 28 N",
        "lon_dms": "80 17 59 E",
        "suitability": "high",
        "timestamp": "2026-09-19T05:04:34.357926+00:00",
        "source": "incois_textdata",
        "zone_id": "SEC008_Utukuru_010"
      }
    },
    {
      "type": "Feature",
      "geometry": {
        "type": "Point",
        "coordinates": [
          80.36167,
          14.61167
        ]
      },
      "properties": {
        "place": "Pattapupalem",
        "sector": "SEC008",
        "sector_name": "ANDHRA",
        "dir": "SE",
        "direction": "SE",
        "bearing": 99,
        "distance": "406-411",
        "depth": "20-25",
        "lat_dms": "14 36 42 N",
        "lon_dms": "80 21 42 E",
        "suitability": "high",
        "timestamp": "2026-09-19T05:04:34.357926+00:00",
        "source": "incois_textdata",
        "zone_id": "SEC008_Pattapupalem_011"
      }
    },
    {
      "type": "Feature",
      "geometry": {
        "type": "Point",
        "coordinates": [
          80.42139,
          14.57278
        ]
      },
      "properties": {
        "place": "Maipadu",
        "sector": "SEC008",
        "sector_name": "ANDHRA",
        "dir": "NE",
        "direction": "NE",
        "bearing": 74,
        "distance": "723-728",
        "depth": "25-30",
        "lat_dms": "14 34 22 N",
        "lon_dms": "80 25 17 E",
        "suitability": "high",
        "timestamp": "2026-09-19T05:04:34.357926+00:00",
        "source": "incois_textdata",
        "zone_id": "SEC008_Maipadu_012"
      }
    },
    {
      "type": "Feature",
      "geometry": {
        "type": "Point",
        "coordinates": [
          80.43778,
          14.33722
        ]
      },
      "properties": {
        "place": "Isakapalle",
        "sector": "SEC008",
        "sector_name": "ANDHRA",
        "dir": "SE",
        "direction": "SE",
        "bearing": 142,
        "distance": "1176-1181",
        "depth": "53-58",
        "lat_dms": "14 20 14 N",
        "lon_dms": "80 26 16 E",
        "suitability": "high",
        "timestamp": "2026-09-19T05:04:34.357926+00:00",
        "source": "incois_textdata",
        "zone_id": "SEC008_Isakapalle_013"
      }
    },
    {
      "type": "Feature",
      "geometry": {
        "type": "Point",
        "coordinates": [
          80.48528,
          14.30222
        ]
      },
      "properties": {
        "place": "Krishnapatnam",
        "sector": "SEC008",
        "sector_name": "ANDHRA",
        "dir": "NE",
        "direction": "NE",
        "bearing": 85,
        "distance": "1031-1036",
        "depth": "37-42",
        "lat_dms": "14 18 8 N",
        "lon_dms": "80 29 7 E",
        "suitability": "high",
        "timestamp": "2026-09-19T05:04:34.357926+00:00",
        "source": "incois_textdata",
        "zone_id": "SEC008_Krishnapatnam_014"
      }
    },
    {
      "type": "Feature",
      "geometry": {
        "type": "Point",
        "coordinates": [
          80.51361,
          14.24528
        ]
      },
      "properties": {
        "place": "Pathapalem",
        "sector": "SEC008",
        "sector_name": "ANDHRA",
        "dir": "SE",
        "direction": "SE",
        "bearing": 113,
        "distance": "1262-1267",
        "depth": "38-43",
        "lat_dms": "14 14 43 N",
        "lon_dms": "80 30 49 E",
        "suitability": "high",
        "timestamp": "2026-09-19T05:04:34.357926+00:00",
        "source": "incois_textdata",
        "zone_id": "SEC008_Pathapalem_015"
      }
    },
    {
      "type": "Feature",
      "geometry": {
        "type": "Point",
        "coordinates": [
          80.56778,
          14.06833
        ]
      },
      "properties": {
        "place": "Krishnapatnam(Upputeru)",
        "sector": "SEC008",
        "sector_name": "ANDHRA",
        "dir": "SE",
        "direction": "SE",
        "bearing": 113,
        "distance": "1743-1748",
        "depth": "50-55",
        "lat_dms": "14 4 6 N",
        "lon_dms": "80 34 4 E",
        "suitability": "high",
        "timestamp": "2026-09-19T05:04:34.357926+00:00",
        "source": "incois_textdata",
        "zone_id": "SEC008_Krishnapatnam(Upputeru)_016"
      }
    },
    {
      "type": "Feature",
      "geometry": {
        "type": "Point",
        "coordinates": [
          80.51972,
          14.03556
        ]
      },
      "properties": {
        "place": "Tammenapatnam",
        "sector": "SEC008",
        "sector_name": "ANDHRA",
        "dir": "SE",
        "direction": "SE",
        "bearing": 117,
        "distance": "1133-1138",
        "depth": "45-50",
        "lat_dms": "14 2 8 N",
        "lon_dms": "80 31 11 E",
        "suitability": "high",
        "timestamp": "2026-09-19T05:04:34.357926+00:00",
        "source": "incois_textdata",
        "zone_id": "SEC008_Tammenapatnam_017"
      }
    },
    {
      "type": "Feature",
      "geometry": {
        "type": "Point",
        "coordinates": [
          80.46722,
          14.00389
        ]
      },
      "properties": {
        "place": "Kottapatnam",
        "sector": "SEC008",
        "sector_name": "ANDHRA",
        "dir": "SE",
        "direction": "SE",
        "bearing": 109,
        "distance": "493-498",
        "depth": "37-42",
        "lat_dms": "14 0 14 N",
        "lon_dms": "80 28 2 E",
        "suitability": "high",
        "timestamp": "2026-09-19T05:04:34.357926+00:00",
        "source": "incois_textdata",
        "zone_id": "SEC008_Kottapatnam_018"
      }
    },
    {
      "type": "Feature",
      "geometry": {
        "type": "Point",
        "coordinates": [
          80.45667,
          13.83889
        ]
      },
      "properties": {
        "place": "Arkatapalem",
        "sector": "SEC008",
        "sector_name": "ANDHRA",
        "dir": "SE",
        "direction": "SE",
        "bearing": 126,
        "distance": "107-112",
        "depth": "40-45",
        "lat_dms": "13 50 20 N",
        "lon_dms": "80 27 24 E",
        "suitability": "high",
        "timestamp": "2026-09-19T05:04:34.357926+00:00",
        "source": "incois_textdata",
        "zone_id": "SEC008_Arkatapalem_019"
      }
    },
    {
      "type": "Feature",
      "geometry": {
        "type": "Point",
        "coordinates": [
          80.42861,
          13.7975
        ]
      },
      "properties": {
        "place": "Kondur",
        "sector": "SEC008",
        "sector_name": "ANDHRA",
        "dir": "SE",
        "direction": "SE",
        "bearing": 129,
        "distance": "34-39",
        "depth": "38-43",
        "lat_dms": "13 47 51 N",
        "lon_dms": "80 25 43 E",
        "suitability": "high",
        "timestamp": "2026-09-19T05:04:34.357926+00:00",
        "source": "incois_textdata",
        "zone_id": "SEC008_Kondur_020"
      }
    },
    {
      "type": "Feature",
      "geometry": {
        "type": "Point",
        "coordinates": [
          80.43889,
          13.74639
        ]
      },
      "properties": {
        "place": "Durgarajupatnam",
        "sector": "SEC008",
        "sector_name": "ANDHRA",
        "dir": "SE",
        "direction": "SE",
        "bearing": 130,
        "distance": "33-38",
        "depth": "37-42",
        "lat_dms": "13 44 47 N",
        "lon_dms": "80 26 20 E",
        "suitability": "high",
        "timestamp": "2026-09-19T05:04:34.357926+00:00",
        "source": "incois_textdata",
        "zone_id": "SEC008_Durgarajupatnam_021"
      }
    },
    {
      "type": "Feature",
      "geometry": {
        "type": "Point",
        "coordinates": [
          80.45528,
          13.69722
        ]
      },
      "properties": {
        "place": "Pulinjerikuppam",
        "sector": "SEC008",
        "sector_name": "ANDHRA",
        "dir": "NE",
        "direction": "NE",
        "bearing": 66,
        "distance": "61-66",
        "depth": "23-28",
        "lat_dms": "13 41 50 N",
        "lon_dms": "80 27 19 E",
        "suitability": "high",
        "timestamp": "2026-09-19T05:04:34.357926+00:00",
        "source": "incois_textdata",
        "zone_id": "SEC008_Pulinjerikuppam_022"
      }
    },
    {
      "type": "Feature",
      "geometry": {
        "type": "Point",
        "coordinates": [
          84.78611,
          18.88417
        ]
      },
      "properties": {
        "place": "Ganguvada",
        "sector": "SEC009",
        "sector_name": "ODISHA",
        "dir": "NE",
        "direction": "NE",
        "bearing": 66,
        "distance": "47-52",
        "depth": "26-31",
        "lat_dms": "18 53 3 N",
        "lon_dms": "84 47 10 E",
        "suitability": "high",
        "timestamp": "2026-09-19T05:04:34.390523+00:00",
        "source": "incois_textdata",
        "zone_id": "SEC009_Ganguvada_000"
      }
    },
    {
      "type": "Feature",
      "geometry": {
        "type": "Point",
        "coordinates": [
          84.74722,
          18.84972
        ]
      },
      "properties": {
        "place": "Kaviti",
        "sector": "SEC009",
        "sector_name": "ODISHA",
        "dir": "SE",
        "direction": "SE",
        "bearing": 166,
        "distance": "36-41",
        "depth": "15-20",
        "lat_dms": "18 50 59 N",
        "lon_dms": "84 44 50 E",
        "suitability": "high",
        "timestamp": "2026-09-19T05:04:34.390523+00:00",
        "source": "incois_textdata",
        "zone_id": "SEC009_Kaviti_001"
      }
    },
    {
      "type": "Feature",
      "geometry": {
        "type": "Point",
        "coordinates": [
          84.70111,
          18.83
        ]
      },
      "properties": {
        "place": "Iduvanipalem",
        "sector": "SEC009",
        "sector_name": "ODISHA",
        "dir": "SE",
        "direction": "SE",
        "bearing": 155,
        "distance": "34-39",
        "depth": "11-16",
        "lat_dms": "18 49 48 N",
        "lon_dms": "84 42 4 E",
        "suitability": "high",
        "timestamp": "2026-09-19T05:04:34.390523+00:00",
        "source": "incois_textdata",
        "zone_id": "SEC009_Iduvanipalem_002"
      }
    },
    {
      "type": "Feature",
      "geometry": {
        "type": "Point",
        "coordinates": [
          84.67806,
          18.78417
        ]
      },
      "properties": {
        "place": "Baruva",
        "sector": "SEC009",
        "sector_name": "ODISHA",
        "dir": "SE",
        "direction": "SE",
        "bearing": 140,
        "distance": "65-70",
        "depth": "12-17",
        "lat_dms": "18 47 3 N",
        "lon_dms": "84 40 41 E",
        "suitability": "high",
        "timestamp": "2026-09-19T05:04:34.390523+00:00",
        "source": "incois_textdata",
        "zone_id": "SEC009_Baruva_003"
      }
    },
    {
      "type": "Feature",
      "geometry": {
        "type": "Point",
        "coordinates": [
          84.43389,
          18.51111
        ]
      },
      "properties": {
        "place": "Bavanapadu",
        "sector": "SEC009",
        "sector_name": "ODISHA",
        "dir": "SE",
        "direction": "SE",
        "bearing": 141,
        "distance": "36-41",
        "depth": "9-14",
        "lat_dms": "18 30 40 N",
        "lon_dms": "84 26 2 E",
        "suitability": "high",
        "timestamp": "2026-09-19T05:04:34.390523+00:00",
        "source": "incois_textdata",
        "zone_id": "SEC009_Bavanapadu_004"
      }
    },
    {
      "type": "Feature",
      "geometry": {
        "type": "Point",
        "coordinates": [
          84.37944,
          18.49056
        ]
      },
      "properties": {
        "place": "Kotta Naupada",
        "sector": "SEC009",
        "sector_name": "ODISHA",
        "dir": "SE",
        "direction": "SE",
        "bearing": 137,
        "distance": "52-57",
        "depth": "7-12",
        "lat_dms": "18 29 26 N",
        "lon_dms": "84 22 46 E",
        "suitability": "high",
        "timestamp": "2026-09-19T05:04:34.390523+00:00",
        "source": "incois_textdata",
        "zone_id": "SEC009_Kotta_Naupada_005"
      }
    },
    {
      "type": "Feature",
      "geometry": {
        "type": "Point",
        "coordinates": [
          84.34528,
          18.44167
        ]
      },
      "properties": {
        "place": "Maruvada",
        "sector": "SEC009",
        "sector_name": "ODISHA",
        "dir": "SE",
        "direction": "SE",
        "bearing": 122,
        "distance": "17-22",
        "depth": "8-13",
        "lat_dms": "18 26 30 N",
        "lon_dms": "84 20 43 E",
        "suitability": "high",
        "timestamp": "2026-09-19T05:04:34.390523+00:00",
        "source": "incois_textdata",
        "zone_id": "SEC009_Maruvada_006"
      }
    },
    {
      "type": "Feature",
      "geometry": {
        "type": "Point",
        "coordinates": [
          83.49917,
          17.68917
        ]
      },
      "properties": {
        "place": "Chintapalli",
        "sector": "SEC009",
        "sector_name": "ODISHA",
        "dir": "SW",
        "direction": "SW",
        "bearing": 201,
        "distance": "49-54",
        "depth": "43-48",
        "lat_dms": "17 41 21 N",
        "lon_dms": "83 29 57 E",
        "suitability": "high",
        "timestamp": "2026-09-19T05:04:34.390523+00:00",
        "source": "incois_textdata",
        "zone_id": "SEC009_Chintapalli_007"
      }
    },
    {
      "type": "Feature",
      "geometry": {
        "type": "Point",
        "coordinates": [
          83.45278,
          17.64306
        ]
      },
      "properties": {
        "place": "Konada",
        "sector": "SEC009",
        "sector_name": "ODISHA",
        "dir": "SW",
        "direction": "SW",
        "bearing": 197,
        "distance": "51-56",
        "depth": "41-46",
        "lat_dms": "17 38 35 N",
        "lon_dms": "83 27 10 E",
        "suitability": "high",
        "timestamp": "2026-09-19T05:04:34.390523+00:00",
        "source": "incois_textdata",
        "zone_id": "SEC009_Konada_008"
      }
    },
    {
      "type": "Feature",
      "geometry": {
        "type": "Point",
        "coordinates": [
          83.42278,
          17.58306
        ]
      },
      "properties": {
        "place": "Mukkam",
        "sector": "SEC009",
        "sector_name": "ODISHA",
        "dir": "SW",
        "direction": "SW",
        "bearing": 198,
        "distance": "52-57",
        "depth": "44-49",
        "lat_dms": "17 34 59 N",
        "lon_dms": "83 25 22 E",
        "suitability": "high",
        "timestamp": "2026-09-19T05:04:34.390523+00:00",
        "source": "incois_textdata",
        "zone_id": "SEC009_Mukkam_009"
      }
    },
    {
      "type": "Feature",
      "geometry": {
        "type": "Point",
        "coordinates": [
          83.1375,
          17.45667
        ]
      },
      "properties": {
        "place": "Bhimunipatnam",
        "sector": "SEC009",
        "sector_name": "ODISHA",
        "dir": "SW",
        "direction": "SW",
        "bearing": 215,
        "distance": "45-50",
        "depth": "56-61",
        "lat_dms": "17 27 24 N",
        "lon_dms": "83 8 15 E",
        "suitability": "high",
        "timestamp": "2026-09-19T05:04:34.390523+00:00",
        "source": "incois_textdata",
        "zone_id": "SEC009_Bhimunipatnam_010"
      }
    },
    {
      "type": "Feature",
      "geometry": {
        "type": "Point",
        "coordinates": [
          83.06667,
          17.42417
        ]
      },
      "properties": {
        "place": "Visakhapatnam",
        "sector": "SEC009",
        "sector_name": "ODISHA",
        "dir": "SW",
        "direction": "SW",
        "bearing": 221,
        "distance": "41-46",
        "depth": "34-39",
        "lat_dms": "17 25 27 N",
        "lon_dms": "83 4 0 E",
        "suitability": "high",
        "timestamp": "2026-09-19T05:04:34.390523+00:00",
        "source": "incois_textdata",
        "zone_id": "SEC009_Visakhapatnam_011"
      }
    },
    {
      "type": "Feature",
      "geometry": {
        "type": "Point",
        "coordinates": [
          83.03806,
          17.34972
        ]
      },
      "properties": {
        "place": "Pudimadaka",
        "sector": "SEC009",
        "sector_name": "ODISHA",
        "dir": "SE",
        "direction": "SE",
        "bearing": 166,
        "distance": "65-70",
        "depth": "13-18",
        "lat_dms": "17 20 59 N",
        "lon_dms": "83 2 17 E",
        "suitability": "high",
        "timestamp": "2026-09-19T05:04:34.390523+00:00",
        "source": "incois_textdata",
        "zone_id": "SEC009_Pudimadaka_012"
      }
    },
    {
      "type": "Feature",
      "geometry": {
        "type": "Point",
        "coordinates": [
          82.88583,
          17.20056
        ]
      },
      "properties": {
        "place": "Rambilli",
        "sector": "SEC009",
        "sector_name": "ODISHA",
        "dir": "SW",
        "direction": "SW",
        "bearing": 191,
        "distance": "54-59",
        "depth": "26-31",
        "lat_dms": "17 12 2 N",
        "lon_dms": "82 53 9 E",
        "suitability": "high",
        "timestamp": "2026-09-19T05:04:34.390523+00:00",
        "source": "incois_textdata",
        "zone_id": "SEC009_Rambilli_013"
      }
    },
    {
      "type": "Feature",
      "geometry": {
        "type": "Point",
        "coordinates": [
          82.84333,
          17.10417
        ]
      },
      "properties": {
        "place": "Revu Polavaram",
        "sector": "SEC009",
        "sector_name": "ODISHA",
        "dir": "SE",
        "direction": "SE",
        "bearing": 174,
        "distance": "83-88",
        "depth": "29-34",
        "lat_dms": "17 6 15 N",
        "lon_dms": "82 50 36 E",
        "suitability": "high",
        "timestamp": "2026-09-19T05:04:34.390523+00:00",
        "source": "incois_textdata",
        "zone_id": "SEC009_Revu_Polavaram_014"
      }
    },
    {
      "type": "Feature",
      "geometry": {
        "type": "Point",
        "coordinates": [
          82.76028,
          17.04083
        ]
      },
      "properties": {
        "place": "Pentakota",
        "sector": "SEC009",
        "sector_name": "ODISHA",
        "dir": "SE",
        "direction": "SE",
        "bearing": 152,
        "distance": "87-92",
        "depth": "30-35",
        "lat_dms": "17 2 27 N",
        "lon_dms": "82 45 37 E",
        "suitability": "high",
        "timestamp": "2026-09-19T05:04:34.390523+00:00",
        "source": "incois_textdata",
        "zone_id": "SEC009_Pentakota_015"
      }
    },
    {
      "type": "Feature",
      "geometry": {
        "type": "Point",
        "coordinates": [
          82.66306,
          16.82194
        ]
      },
      "properties": {
        "place": "Perumallapuram",
        "sector": "SEC009",
        "sector_name": "ODISHA",
        "dir": "SE",
        "direction": "SE",
        "bearing": 150,
        "distance": "170-175",
        "depth": "43-48",
        "lat_dms": "16 49 19 N",
        "lon_dms": "82 39 47 E",
        "suitability": "high",
        "timestamp": "2026-09-19T05:04:34.390523+00:00",
        "source": "incois_textdata",
        "zone_id": "SEC009_Perumallapuram_016"
      }
    },
    {
      "type": "Feature",
      "geometry": {
        "type": "Point",
        "coordinates": [
          82.61139,
          16.79139
        ]
      },
      "properties": {
        "place": "Konapapeta",
        "sector": "SEC009",
        "sector_name": "ODISHA",
        "dir": "SE",
        "direction": "SE",
        "bearing": 148,
        "distance": "176-181",
        "depth": "41-46",
        "lat_dms": "16 47 29 N",
        "lon_dms": "82 36 41 E",
        "suitability": "high",
        "timestamp": "2026-09-19T05:04:34.390523+00:00",
        "source": "incois_textdata",
        "zone_id": "SEC009_Konapapeta_017"
      }
    },
    {
      "type": "Feature",
      "geometry": {
        "type": "Point",
        "coordinates": [
          82.57917,
          16.74083
        ]
      },
      "properties": {
        "place": "Uppada",
        "sector": "SEC009",
        "sector_name": "ODISHA",
        "dir": "SE",
        "direction": "SE",
        "bearing": 147,
        "distance": "453-458",
        "depth": "43-48",
        "lat_dms": "16 44 27 N",
        "lon_dms": "82 34 45 E",
        "suitability": "high",
        "timestamp": "2026-09-19T05:04:34.390523+00:00",
        "source": "incois_textdata",
        "zone_id": "SEC009_Uppada_018"
      }
    },
    {
      "type": "Feature",
      "geometry": {
        "type": "Point",
        "coordinates": [
          82.46528,
          16.62167
        ]
      },
      "properties": {
        "place": "Vakalapudi",
        "sector": "SEC009",
        "sector_name": "ODISHA",
        "dir": "SE",
        "direction": "SE",
        "bearing": 156,
        "distance": "190-195",
        "depth": "44-49",
        "lat_dms": "16 37 18 N",
        "lon_dms": "82 27 55 E",
        "suitability": "high",
        "timestamp": "2026-09-19T05:04:34.390523+00:00",
        "source": "incois_textdata",
        "zone_id": "SEC009_Vakalapudi_019"
      }
    },
    {
      "type": "Feature",
      "geometry": {
        "type": "Point",
        "coordinates": [
          82.44083,
          16.57333
        ]
      },
      "properties": {
        "place": "Kakinada",
        "sector": "SEC009",
        "sector_name": "ODISHA",
        "dir": "SE",
        "direction": "SE",
        "bearing": 156,
        "distance": "200-205",
        "depth": "42-47",
        "lat_dms": "16 34 24 N",
        "lon_dms": "82 26 27 E",
        "suitability": "high",
        "timestamp": "2026-09-19T05:04:34.390523+00:00",
        "source": "incois_textdata",
        "zone_id": "SEC009_Kakinada_020"
      }
    },
    {
      "type": "Feature",
      "geometry": {
        "type": "Point",
        "coordinates": [
          82.39194,
          16.55556
        ]
      },
      "properties": {
        "place": "Bhairavapalem",
        "sector": "SEC009",
        "sector_name": "ODISHA",
        "dir": "SE",
        "direction": "SE",
        "bearing": 172,
        "distance": "113-118",
        "depth": "30-35",
        "lat_dms": "16 33 20 N",
        "lon_dms": "82 23 31 E",
        "suitability": "high",
        "timestamp": "2026-09-19T05:04:34.390523+00:00",
        "source": "incois_textdata",
        "zone_id": "SEC009_Bhairavapalem_021"
      }
    },
    {
      "type": "Feature",
      "geometry": {
        "type": "Point",
        "coordinates": [
          82.35639,
          16.51778
        ]
      },
      "properties": {
        "place": "Kothapalem LH",
        "sector": "SEC009",
        "sector_name": "ODISHA",
        "dir": "SE",
        "direction": "SE",
        "bearing": 128,
        "distance": "56-61",
        "depth": "8-13",
        "lat_dms": "16 31 4 N",
        "lon_dms": "82 21 23 E",
        "suitability": "high",
        "timestamp": "2026-09-19T05:04:34.390523+00:00",
        "source": "incois_textdata",
        "zone_id": "SEC009_Kothapalem_LH_022"
      }
    },
    {
      "type": "Feature",
      "geometry": {
        "type": "Point",
        "coordinates": [
          87.01278,
          21.13917
        ]
      },
      "properties": {
        "place": "Bahabalapur(KasafalSouth)",
        "sector": "SEC010",
        "sector_name": "WESTBENGAL",
        "dir": "SW",
        "direction": "SW",
        "bearing": 192,
        "distance": "6-11",
        "depth": "38-43",
        "lat_dms": "21 8 21 N",
        "lon_dms": "87 0 46 E",
        "suitability": "high",
        "timestamp": "2026-09-19T05:04:34.287056+00:00",
        "source": "incois_textdata",
        "zone_id": "SEC010_Bahabalapur(KasafalSouth)_000"
      }
    },
    {
      "type": "Feature",
      "geometry": {
        "type": "Point",
        "coordinates": [
          87.02139,
          21.1225
        ]
      },
      "properties": {
        "place": "Balaramgadi",
        "sector": "SEC010",
        "sector_name": "WESTBENGAL",
        "dir": "SW",
        "direction": "SW",
        "bearing": 187,
        "distance": "7-12",
        "depth": "38-43",
        "lat_dms": "21 7 21 N",
        "lon_dms": "87 1 17 E",
        "suitability": "high",
        "timestamp": "2026-09-19T05:04:34.287056+00:00",
        "source": "incois_textdata",
        "zone_id": "SEC010_Balaramgadi_001"
      }
    },
    {
      "type": "Feature",
      "geometry": {
        "type": "Point",
        "coordinates": [
          87.03778,
          21.11167
        ]
      },
      "properties": {
        "place": "Balaramgadi(ChandipurFLC)",
        "sector": "SEC010",
        "sector_name": "WESTBENGAL",
        "dir": "SW",
        "direction": "SW",
        "bearing": 182,
        "distance": "8-13",
        "depth": "37-42",
        "lat_dms": "21 6 42 N",
        "lon_dms": "87 2 16 E",
        "suitability": "high",
        "timestamp": "2026-09-19T05:04:34.287056+00:00",
        "source": "incois_textdata",
        "zone_id": "SEC010_Balaramgadi(ChandipurFLC)_002"
      }
    },
    {
      "type": "Feature",
      "geometry": {
        "type": "Point",
        "coordinates": [
          87.05694,
          21.10667
        ]
      },
      "properties": {
        "place": "Chandipur",
        "sector": "SEC010",
        "sector_name": "WESTBENGAL",
        "dir": "SE",
        "direction": "SE",
        "bearing": 175,
        "distance": "9-14",
        "depth": "34-39",
        "lat_dms": "21 6 24 N",
        "lon_dms": "87 3 25 E",
        "suitability": "high",
        "timestamp": "2026-09-19T05:04:34.287056+00:00",
        "source": "incois_textdata",
        "zone_id": "SEC010_Chandipur_003"
      }
    },
    {
      "type": "Feature",
      "geometry": {
        "type": "Point",
        "coordinates": [
          87.07444,
          21.09694
        ]
      },
      "properties": {
        "place": "Mahisali",
        "sector": "SEC010",
        "sector_name": "WESTBENGAL",
        "dir": "SE",
        "direction": "SE",
        "bearing": 164,
        "distance": "9-14",
        "depth": "33-38",
        "lat_dms": "21 5 49 N",
        "lon_dms": "87 4 28 E",
        "suitability": "high",
        "timestamp": "2026-09-19T05:04:34.287056+00:00",
        "source": "incois_textdata",
        "zone_id": "SEC010_Mahisali_004"
      }
    },
    {
      "type": "Feature",
      "geometry": {
        "type": "Point",
        "coordinates": [
          87.08417,
          21.07944
        ]
      },
      "properties": {
        "place": "Janipur",
        "sector": "SEC010",
        "sector_name": "WESTBENGAL",
        "dir": "SE",
        "direction": "SE",
        "bearing": 137,
        "distance": "14-19",
        "depth": "30-35",
        "lat_dms": "21 4 46 N",
        "lon_dms": "87 5 3 E",
        "suitability": "high",
        "timestamp": "2026-09-19T05:04:34.287056+00:00",
        "source": "incois_textdata",
        "zone_id": "SEC010_Janipur_005"
      }
    },
    {
      "type": "Feature",
      "geometry": {
        "type": "Point",
        "coordinates": [
          87.09889,
          21.06583
        ]
      },
      "properties": {
        "place": "Godaisagar",
        "sector": "SEC010",
        "sector_name": "WESTBENGAL",
        "dir": "SE",
        "direction": "SE",
        "bearing": 135,
        "distance": "16-21",
        "depth": "32-37",
        "lat_dms": "21 3 57 N",
        "lon_dms": "87 5 56 E",
        "suitability": "high",
        "timestamp": "2026-09-19T05:04:34.287056+00:00",
        "source": "incois_textdata",
        "zone_id": "SEC010_Godaisagar_006"
      }
    },
    {
      "type": "Feature",
      "geometry": {
        "type": "Point",
        "coordinates": [
          87.11861,
          21.06306
        ]
      },
      "properties": {
        "place": "Chudamani",
        "sector": "SEC010",
        "sector_name": "WESTBENGAL",
        "dir": "SE",
        "direction": "SE",
        "bearing": 111,
        "distance": "18-23",
        "depth": "33-38",
        "lat_dms": "21 3 47 N",
        "lon_dms": "87 7 7 E",
        "suitability": "high",
        "timestamp": "2026-09-19T05:04:34.287056+00:00",
        "source": "incois_textdata",
        "zone_id": "SEC010_Chudamani_007"
      }
    },
    {
      "type": "Feature",
      "geometry": {
        "type": "Point",
        "coordinates": [
          87.13806,
          21.05861
        ]
      },
      "properties": {
        "place": "Panchubisa",
        "sector": "SEC010",
        "sector_name": "WESTBENGAL",
        "dir": "SE",
        "direction": "SE",
        "bearing": 121,
        "distance": "20-25",
        "depth": "35-40",
        "lat_dms": "21 3 31 N",
        "lon_dms": "87 8 17 E",
        "suitability": "high",
        "timestamp": "2026-09-19T05:04:34.287056+00:00",
        "source": "incois_textdata",
        "zone_id": "SEC010_Panchubisa_008"
      }
    },
    {
      "type": "Feature",
      "geometry": {
        "type": "Point",
        "coordinates": [
          87.15222,
          21.04472
        ]
      },
      "properties": {
        "place": "ChudamaniBoatJetty",
        "sector": "SEC010",
        "sector_name": "WESTBENGAL",
        "dir": "SE",
        "direction": "SE",
        "bearing": 108,
        "distance": "24-29",
        "depth": "36-41",
        "lat_dms": "21 2 41 N",
        "lon_dms": "87 9 8 E",
        "suitability": "high",
        "timestamp": "2026-09-19T05:04:34.287056+00:00",
        "source": "incois_textdata",
        "zone_id": "SEC010_ChudamaniBoatJetty_009"
      }
    },
    {
      "type": "Feature",
      "geometry": {
        "type": "Point",
        "coordinates": [
          87.40806,
          20.97917
        ]
      },
      "properties": {
        "place": "Kasianala",
        "sector": "SEC010",
        "sector_name": "WESTBENGAL",
        "dir": "SE",
        "direction": "SE",
        "bearing": 101,
        "distance": "27-32",
        "depth": "60-65",
        "lat_dms": "20 58 45 N",
        "lon_dms": "87 24 29 E",
        "suitability": "high",
        "timestamp": "2026-09-19T05:04:34.287056+00:00",
        "source": "incois_textdata",
        "zone_id": "SEC010_Kasianala_010"
      }
    },
    {
      "type": "Feature",
      "geometry": {
        "type": "Point",
        "coordinates": [
          87.39389,
          20.96833
        ]
      },
      "properties": {
        "place": "Dhamra",
        "sector": "SEC010",
        "sector_name": "WESTBENGAL",
        "dir": "NE",
        "direction": "NE",
        "bearing": 70,
        "distance": "26-31",
        "depth": "56-61",
        "lat_dms": "20 58 6 N",
        "lon_dms": "87 23 38 E",
        "suitability": "high",
        "timestamp": "2026-09-19T05:04:34.287056+00:00",
        "source": "incois_textdata",
        "zone_id": "SEC010_Dhamra_011"
      }
    },
    {
      "type": "Feature",
      "geometry": {
        "type": "Point",
        "coordinates": [
          87.38056,
          20.95639
        ]
      },
      "properties": {
        "place": "Karanpalli",
        "sector": "SEC010",
        "sector_name": "WESTBENGAL",
        "dir": "E",
        "direction": "E",
        "bearing": 90,
        "distance": "17-22",
        "depth": "49-54",
        "lat_dms": "20 57 23 N",
        "lon_dms": "87 22 50 E",
        "suitability": "high",
        "timestamp": "2026-09-19T05:04:34.287056+00:00",
        "source": "incois_textdata",
        "zone_id": "SEC010_Karanpalli_012"
      }
    },
    {
      "type": "Feature",
      "geometry": {
        "type": "Point",
        "coordinates": [
          87.37444,
          20.93944
        ]
      },
      "properties": {
        "place": "Talchua",
        "sector": "SEC010",
        "sector_name": "WESTBENGAL",
        "dir": "NE",
        "direction": "NE",
        "bearing": 66,
        "distance": "20-25",
        "depth": "48-53",
        "lat_dms": "20 56 22 N",
        "lon_dms": "87 22 28 E",
        "suitability": "high",
        "timestamp": "2026-09-19T05:04:34.287056+00:00",
        "source": "incois_textdata",
        "zone_id": "SEC010_Talchua_013"
      }
    },
    {
      "type": "Feature",
      "geometry": {
        "type": "Point",
        "coordinates": [
          87.36472,
          20.92417
        ]
      },
      "properties": {
        "place": "Baincha",
        "sector": "SEC010",
        "sector_name": "WESTBENGAL",
        "dir": "SE",
        "direction": "SE",
        "bearing": 91,
        "distance": "24-29",
        "depth": "46-51",
        "lat_dms": "20 55 27 N",
        "lon_dms": "87 21 53 E",
        "suitability": "high",
        "timestamp": "2026-09-19T05:04:34.287056+00:00",
        "source": "incois_textdata",
        "zone_id": "SEC010_Baincha_014"
      }
    },
    {
      "type": "Feature",
      "geometry": {
        "type": "Point",
        "coordinates": [
          87.3525,
          20.91083
        ]
      },
      "properties": {
        "place": "Karanjamal",
        "sector": "SEC010",
        "sector_name": "WESTBENGAL",
        "dir": "NE",
        "direction": "NE",
        "bearing": 89,
        "distance": "25-30",
        "depth": "44-49",
        "lat_dms": "20 54 39 N",
        "lon_dms": "87 21 9 E",
        "suitability": "high",
        "timestamp": "2026-09-19T05:04:34.287056+00:00",
        "source": "incois_textdata",
        "zone_id": "SEC010_Karanjamal_015"
      }
    },
    {
      "type": "Feature",
      "geometry": {
        "type": "Point",
        "coordinates": [
          87.33667,
          20.90167
        ]
      },
      "properties": {
        "place": "Kaithakhola",
        "sector": "SEC010",
        "sector_name": "WESTBENGAL",
        "dir": "NE",
        "direction": "NE",
        "bearing": 83,
        "distance": "23-28",
        "depth": "40-45",
        "lat_dms": "20 54 6 N",
        "lon_dms": "87 20 12 E",
        "suitability": "high",
        "timestamp": "2026-09-19T05:04:34.287056+00:00",
        "source": "incois_textdata",
        "zone_id": "SEC010_Kaithakhola_016"
      }
    },
    {
      "type": "Feature",
      "geometry": {
        "type": "Point",
        "coordinates": [
          87.31972,
          20.89556
        ]
      },
      "properties": {
        "place": "Chandinipal",
        "sector": "SEC010",
        "sector_name": "WESTBENGAL",
        "dir": "NE",
        "direction": "NE",
        "bearing": 74,
        "distance": "25-30",
        "depth": "38-43",
        "lat_dms": "20 53 44 N",
        "lon_dms": "87 19 11 E",
        "suitability": "high",
        "timestamp": "2026-09-19T05:04:34.287056+00:00",
        "source": "incois_textdata",
        "zone_id": "SEC010_Chandinipal_017"
      }
    },
    {
      "type": "Feature",
      "geometry": {
        "type": "Point",
        "coordinates": [
          87.30583,
          20.88444
        ]
      },
      "properties": {
        "place": "DhamaraFH",
        "sector": "SEC010",
        "sector_name": "WESTBENGAL",
        "dir": "NE",
        "direction": "NE",
        "bearing": 79,
        "distance": "20-25",
        "depth": "36-41",
        "lat_dms": "20 53 4 N",
        "lon_dms": "87 18 21 E",
        "suitability": "high",
        "timestamp": "2026-09-19T05:04:34.287056+00:00",
        "source": "incois_textdata",
        "zone_id": "SEC010_DhamaraFH_018"
      }
    },
    {
      "type": "Feature",
      "geometry": {
        "type": "Point",
        "coordinates": [
          87.29583,
          20.86917
        ]
      },
      "properties": {
        "place": "Ahirajpur",
        "sector": "SEC010",
        "sector_name": "WESTBENGAL",
        "dir": "NE",
        "direction": "NE",
        "bearing": 64,
        "distance": "17-22",
        "depth": "33-38",
        "lat_dms": "20 52 9 N",
        "lon_dms": "87 17 45 E",
        "suitability": "high",
        "timestamp": "2026-09-19T05:04:34.287056+00:00",
        "source": "incois_textdata",
        "zone_id": "SEC010_Ahirajpur_019"
      }
    },
    {
      "type": "Feature",
      "geometry": {
        "type": "Point",
        "coordinates": [
          87.42333,
          20.46917
        ]
      },
      "properties": {
        "place": "Satbhaya",
        "sector": "SEC010",
        "sector_name": "WESTBENGAL",
        "dir": "SE",
        "direction": "SE",
        "bearing": 110,
        "distance": "51-56",
        "depth": "54-59",
        "lat_dms": "20 28 9 N",
        "lon_dms": "87 25 24 E",
        "suitability": "high",
        "timestamp": "2026-09-19T05:04:34.287056+00:00",
        "source": "incois_textdata",
        "zone_id": "SEC010_Satbhaya_020"
      }
    },
    {
      "type": "Feature",
      "geometry": {
        "type": "Point",
        "coordinates": [
          87.43806,
          20.45472
        ]
      },
      "properties": {
        "place": "Hariharpur",
        "sector": "SEC010",
        "sector_name": "WESTBENGAL",
        "dir": "SE",
        "direction": "SE",
        "bearing": 104,
        "distance": "58-63",
        "depth": "62-67",
        "lat_dms": "20 27 17 N",
        "lon_dms": "87 26 17 E",
        "suitability": "high",
        "timestamp": "2026-09-19T05:04:34.287056+00:00",
        "source": "incois_textdata",
        "zone_id": "SEC010_Hariharpur_021"
      }
    },
    {
      "type": "Feature",
      "geometry": {
        "type": "Point",
        "coordinates": [
          87.45889,
          20.45056
        ]
      },
      "properties": {
        "place": "Gajarajpur",
        "sector": "SEC010",
        "sector_name": "WESTBENGAL",
        "dir": "SE",
        "direction": "SE",
        "bearing": 98,
        "distance": "70-75",
        "depth": "71-76",
        "lat_dms": "20 27 2 N",
        "lon_dms": "87 27 32 E",
        "suitability": "high",
        "timestamp": "2026-09-19T05:04:34.287056+00:00",
        "source": "incois_textdata",
        "zone_id": "SEC010_Gajarajpur_022"
      }
    },
    {
      "type": "Feature",
      "geometry": {
        "type": "Point",
        "coordinates": [
          87.47722,
          20.44056
        ]
      },
      "properties": {
        "place": "Sasanpeta(Tantiapal)",
        "sector": "SEC010",
        "sector_name": "WESTBENGAL",
        "dir": "SE",
        "direction": "SE",
        "bearing": 96,
        "distance": "61-66",
        "depth": "78-83",
        "lat_dms": "20 26 26 N",
        "lon_dms": "87 28 38 E",
        "suitability": "high",
        "timestamp": "2026-09-19T05:04:34.287056+00:00",
        "source": "incois_textdata",
        "zone_id": "SEC010_Sasanpeta(Tantiapal)_023"
      }
    },
    {
      "type": "Feature",
      "geometry": {
        "type": "Point",
        "coordinates": [
          87.48444,
          20.42083
        ]
      },
      "properties": {
        "place": "False Point",
        "sector": "SEC010",
        "sector_name": "WESTBENGAL",
        "dir": "NE",
        "direction": "NE",
        "bearing": 82,
        "distance": "51-56",
        "depth": "79-84",
        "lat_dms": "20 25 15 N",
        "lon_dms": "87 29 4 E",
        "suitability": "high",
        "timestamp": "2026-09-19T05:04:34.287056+00:00",
        "source": "incois_textdata",
        "zone_id": "SEC010_False_Point_024"
      }
    },
    {
      "type": "Feature",
      "geometry": {
        "type": "Point",
        "coordinates": [
          87.485,
          20.39944
        ]
      },
      "properties": {
        "place": "Barunie",
        "sector": "SEC010",
        "sector_name": "WESTBENGAL",
        "dir": "SE",
        "direction": "SE",
        "bearing": 97,
        "distance": "52-57",
        "depth": "79-84",
        "lat_dms": "20 23 58 N",
        "lon_dms": "87 29 6 E",
        "suitability": "high",
        "timestamp": "2026-09-19T05:04:34.287056+00:00",
        "source": "incois_textdata",
        "zone_id": "SEC010_Barunie_025"
      }
    },
    {
      "type": "Feature",
      "geometry": {
        "type": "Point",
        "coordinates": [
          87.48333,
          20.37833
        ]
      },
      "properties": {
        "place": "Jmboo",
        "sector": "SEC010",
        "sector_name": "WESTBENGAL",
        "dir": "SE",
        "direction": "SE",
        "bearing": 94,
        "distance": "59-64",
        "depth": "80-85",
        "lat_dms": "20 22 42 N",
        "lon_dms": "87 29 0 E",
        "suitability": "high",
        "timestamp": "2026-09-19T05:04:34.287056+00:00",
        "source": "incois_textdata",
        "zone_id": "SEC010_Jmboo_026"
      }
    },
    {
      "type": "Feature",
      "geometry": {
        "type": "Point",
        "coordinates": [
          87.48972,
          20.35861
        ]
      },
      "properties": {
        "place": "Kharinasi",
        "sector": "SEC010",
        "sector_name": "WESTBENGAL",
        "dir": "SE",
        "direction": "SE",
        "bearing": 93,
        "distance": "63-68",
        "depth": "82-87",
        "lat_dms": "20 21 31 N",
        "lon_dms": "87 29 23 E",
        "suitability": "high",
        "timestamp": "2026-09-19T05:04:34.287056+00:00",
        "source": "incois_textdata",
        "zone_id": "SEC010_Kharinasi_027"
      }
    },
    {
      "type": "Feature",
      "geometry": {
        "type": "Point",
        "coordinates": [
          87.50667,
          20.34583
        ]
      },
      "properties": {
        "place": "Jambu",
        "sector": "SEC010",
        "sector_name": "WESTBENGAL",
        "dir": "SE",
        "direction": "SE",
        "bearing": 95,
        "distance": "60-65",
        "depth": "84-89",
        "lat_dms": "20 20 45 N",
        "lon_dms": "87 30 24 E",
        "suitability": "high",
        "timestamp": "2026-09-19T05:04:34.287056+00:00",
        "source": "incois_textdata",
        "zone_id": "SEC010_Jambu_028"
      }
    },
    {
      "type": "Feature",
      "geometry": {
        "type": "Point",
        "coordinates": [
          87.52694,
          20.33944
        ]
      },
      "properties": {
        "place": "Kharnasi",
        "sector": "SEC010",
        "sector_name": "WESTBENGAL",
        "dir": "NE",
        "direction": "NE",
        "bearing": 88,
        "distance": "69-74",
        "depth": "89-94",
        "lat_dms": "20 20 22 N",
        "lon_dms": "87 31 37 E",
        "suitability": "high",
        "timestamp": "2026-09-19T05:04:34.287056+00:00",
        "source": "incois_textdata",
        "zone_id": "SEC010_Kharnasi_029"
      }
    },
    {
      "type": "Feature",
      "geometry": {
        "type": "Point",
        "coordinates": [
          87.06667,
          20.18306
        ]
      },
      "properties": {
        "place": "Atharabanki",
        "sector": "SEC010",
        "sector_name": "WESTBENGAL",
        "dir": "SE",
        "direction": "SE",
        "bearing": 103,
        "distance": "45-50",
        "depth": "41-46",
        "lat_dms": "20 10 59 N",
        "lon_dms": "87 4 0 E",
        "suitability": "high",
        "timestamp": "2026-09-19T05:04:34.287056+00:00",
        "source": "incois_textdata",
        "zone_id": "SEC010_Atharabanki_030"
      }
    },
    {
      "type": "Feature",
      "geometry": {
        "type": "Point",
        "coordinates": [
          87.0875,
          20.14139
        ]
      },
      "properties": {
        "place": "Paradip",
        "sector": "SEC010",
        "sector_name": "WESTBENGAL",
        "dir": "SE",
        "direction": "SE",
        "bearing": 106,
        "distance": "54-59",
        "depth": "46-51",
        "lat_dms": "20 8 29 N",
        "lon_dms": "87 5 15 E",
        "suitability": "high",
        "timestamp": "2026-09-19T05:04:34.287056+00:00",
        "source": "incois_textdata",
        "zone_id": "SEC010_Paradip_031"
      }
    },
    {
      "type": "Feature",
      "geometry": {
        "type": "Point",
        "coordinates": [
          87.12056,
          20.10917
        ]
      },
      "properties": {
        "place": "ParadeepFH",
        "sector": "SEC010",
        "sector_name": "WESTBENGAL",
        "dir": "SE",
        "direction": "SE",
        "bearing": 106,
        "distance": "83-88",
        "depth": "53-58",
        "lat_dms": "20 6 33 N",
        "lon_dms": "87 7 14 E",
        "suitability": "high",
        "timestamp": "2026-09-19T05:04:34.287056+00:00",
        "source": "incois_textdata",
        "zone_id": "SEC010_ParadeepFH_032"
      }
    },
    {
      "type": "Feature",
      "geometry": {
        "type": "Point",
        "coordinates": [
          87.16333,
          20.09
        ]
      },
      "properties": {
        "place": "Chumuhani",
        "sector": "SEC010",
        "sector_name": "WESTBENGAL",
        "dir": "SE",
        "direction": "SE",
        "bearing": 117,
        "distance": "199-204",
        "depth": "59-64",
        "lat_dms": "20 5 24 N",
        "lon_dms": "87 9 48 E",
        "suitability": "high",
        "timestamp": "2026-09-19T05:04:34.287056+00:00",
        "source": "incois_textdata",
        "zone_id": "SEC010_Chumuhani_033"
      }
    },
    {
      "type": "Feature",
      "geometry": {
        "type": "Point",
        "coordinates": [
          87.18694,
          20.0525
        ]
      },
      "properties": {
        "place": "Bahabalpur",
        "sector": "SEC010",
        "sector_name": "WESTBENGAL",
        "dir": "SE",
        "direction": "SE",
        "bearing": 177,
        "distance": "447-452",
        "depth": "156-161",
        "lat_dms": "20 3 9 N",
        "lon_dms": "87 11 13 E",
        "suitability": "high",
        "timestamp": "2026-09-19T05:04:34.287056+00:00",
        "source": "incois_textdata",
        "zone_id": "SEC010_Bahabalpur_034"
      }
    },
    {
      "type": "Feature",
      "geometry": {
        "type": "Point",
        "coordinates": [
          87.19639,
          20.00694
        ]
      },
      "properties": {
        "place": "Bindha",
        "sector": "SEC010",
        "sector_name": "WESTBENGAL",
        "dir": "SE",
        "direction": "SE",
        "bearing": 178,
        "distance": "713-718",
        "depth": "162-167",
        "lat_dms": "20 0 25 N",
        "lon_dms": "87 11 47 E",
        "suitability": "high",
        "timestamp": "2026-09-19T05:04:34.287056+00:00",
        "source": "incois_textdata",
        "zone_id": "SEC010_Bindha_035"
      }
    },
    {
      "type": "Feature",
      "geometry": {
        "type": "Point",
        "coordinates": [
          87.34556,
          19.97139
        ]
      },
      "properties": {
        "place": "Choumukh",
        "sector": "SEC010",
        "sector_name": "WESTBENGAL",
        "dir": "SE",
        "direction": "SE",
        "bearing": 178,
        "distance": "1055-1060",
        "depth": "169-174",
        "lat_dms": "19 58 17 N",
        "lon_dms": "87 20 44 E",
        "suitability": "high",
        "timestamp": "2026-09-19T05:04:34.287056+00:00",
        "source": "incois_textdata",
        "zone_id": "SEC010_Choumukh_036"
      }
    },
    {
      "type": "Feature",
      "geometry": {
        "type": "Point",
        "coordinates": [
          87.22306,
          19.96917
        ]
      },
      "properties": {
        "place": "Hansakura",
        "sector": "SEC010",
        "sector_name": "WESTBENGAL",
        "dir": "SE",
        "direction": "SE",
        "bearing": 179,
        "distance": "876-881",
        "depth": "167-172",
        "lat_dms": "19 58 9 N",
        "lon_dms": "87 13 23 E",
        "suitability": "high",
        "timestamp": "2026-09-19T05:04:34.287056+00:00",
        "source": "incois_textdata",
        "zone_id": "SEC010_Hansakura_037"
      }
    },
    {
      "type": "Feature",
      "geometry": {
        "type": "Point",
        "coordinates": [
          87.30722,
          19.94472
        ]
      },
      "properties": {
        "place": "Dagara",
        "sector": "SEC010",
        "sector_name": "WESTBENGAL",
        "dir": "SW",
        "direction": "SW",
        "bearing": 181,
        "distance": "1077-1082",
        "depth": "172-177",
        "lat_dms": "19 56 41 N",
        "lon_dms": "87 18 26 E",
        "suitability": "high",
        "timestamp": "2026-09-19T05:04:34.287056+00:00",
        "source": "incois_textdata",
        "zone_id": "SEC010_Dagara_038"
      }
    },
    {
      "type": "Feature",
      "geometry": {
        "type": "Point",
        "coordinates": [
          87.26167,
          19.94361
        ]
      },
      "properties": {
        "place": "Kasafala",
        "sector": "SEC010",
        "sector_name": "WESTBENGAL",
        "dir": "SE",
        "direction": "SE",
        "bearing": 179,
        "distance": "1019-1024",
        "depth": "171-176",
        "lat_dms": "19 56 37 N",
        "lon_dms": "87 15 42 E",
        "suitability": "high",
        "timestamp": "2026-09-19T05:04:34.287056+00:00",
        "source": "incois_textdata",
        "zone_id": "SEC010_Kasafala_039"
      }
    },
    {
      "type": "Feature",
      "geometry": {
        "type": "Point",
        "coordinates": [
          85.79611,
          19.67278
        ]
      },
      "properties": {
        "place": "Bandar",
        "sector": "SEC010",
        "sector_name": "WESTBENGAL",
        "dir": "SW",
        "direction": "SW",
        "bearing": 238,
        "distance": "16-21",
        "depth": "67-72",
        "lat_dms": "19 40 22 N",
        "lon_dms": "85 47 46 E",
        "suitability": "high",
        "timestamp": "2026-09-19T05:04:34.287056+00:00",
        "source": "incois_textdata",
        "zone_id": "SEC010_Bandar_040"
      }
    },
    {
      "type": "Feature",
      "geometry": {
        "type": "Point",
        "coordinates": [
          85.815,
          19.67167
        ]
      },
      "properties": {
        "place": "Magarkhia",
        "sector": "SEC010",
        "sector_name": "WESTBENGAL",
        "dir": "SW",
        "direction": "SW",
        "bearing": 240,
        "distance": "20-25",
        "depth": "68-73",
        "lat_dms": "19 40 18 N",
        "lon_dms": "85 48 54 E",
        "suitability": "high",
        "timestamp": "2026-09-19T05:04:34.287056+00:00",
        "source": "incois_textdata",
        "zone_id": "SEC010_Magarkhia_041"
      }
    },
    {
      "type": "Feature",
      "geometry": {
        "type": "Point",
        "coordinates": [
          86.26806,
          19.66833
        ]
      },
      "properties": {
        "place": "NuagarhFH(Astaranga)",
        "sector": "SEC010",
        "sector_name": "WESTBENGAL",
        "dir": "SW",
        "direction": "SW",
        "bearing": 188,
        "distance": "77-82",
        "depth": "33-38",
        "lat_dms": "19 40 6 N",
        "lon_dms": "86 16 5 E",
        "suitability": "high",
        "timestamp": "2026-09-19T05:04:34.287056+00:00",
        "source": "incois_textdata",
        "zone_id": "SEC010_NuagarhFH(Astaranga)_042"
      }
    },
    {
      "type": "Feature",
      "geometry": {
        "type": "Point",
        "coordinates": [
          85.77778,
          19.66806
        ]
      },
      "properties": {
        "place": "Penthakata",
        "sector": "SEC010",
        "sector_name": "WESTBENGAL",
        "dir": "SW",
        "direction": "SW",
        "bearing": 206,
        "distance": "13-18",
        "depth": "15-20",
        "lat_dms": "19 40 5 N",
        "lon_dms": "85 46 40 E",
        "suitability": "high",
        "timestamp": "2026-09-19T05:04:34.287056+00:00",
        "source": "incois_textdata",
        "zone_id": "SEC010_Penthakata_043"
      }
    },
    {
      "type": "Feature",
      "geometry": {
        "type": "Point",
        "coordinates": [
          85.83278,
          19.66528
        ]
      },
      "properties": {
        "place": "Saharabedi",
        "sector": "SEC010",
        "sector_name": "WESTBENGAL",
        "dir": "SW",
        "direction": "SW",
        "bearing": 235,
        "distance": "22-27",
        "depth": "78-83",
        "lat_dms": "19 39 55 N",
        "lon_dms": "85 49 58 E",
        "suitability": "high",
        "timestamp": "2026-09-19T05:04:34.287056+00:00",
        "source": "incois_textdata",
        "zone_id": "SEC010_Saharabedi_044"
      }
    },
    {
      "type": "Feature",
      "geometry": {
        "type": "Point",
        "coordinates": [
          85.90472,
          19.66056
        ]
      },
      "properties": {
        "place": "Jamuka",
        "sector": "SEC010",
        "sector_name": "WESTBENGAL",
        "dir": "SW",
        "direction": "SW",
        "bearing": 229,
        "distance": "26-31",
        "depth": "94-99",
        "lat_dms": "19 39 38 N",
        "lon_dms": "85 54 17 E",
        "suitability": "high",
        "timestamp": "2026-09-19T05:04:34.287056+00:00",
        "source": "incois_textdata",
        "zone_id": "SEC010_Jamuka_045"
      }
    },
    {
      "type": "Feature",
      "geometry": {
        "type": "Point",
        "coordinates": [
          85.76306,
          19.65611
        ]
      },
      "properties": {
        "place": "Puri",
        "sector": "SEC010",
        "sector_name": "WESTBENGAL",
        "dir": "SW",
        "direction": "SW",
        "bearing": 205,
        "distance": "17-22",
        "depth": "15-20",
        "lat_dms": "19 39 22 N",
        "lon_dms": "85 45 47 E",
        "suitability": "high",
        "timestamp": "2026-09-19T05:04:34.287056+00:00",
        "source": "incois_textdata",
        "zone_id": "SEC010_Puri_046"
      }
    },
    {
      "type": "Feature",
      "geometry": {
        "type": "Point",
        "coordinates": [
          85.84917,
          19.65556
        ]
      },
      "properties": {
        "place": "Kaliakana",
        "sector": "SEC010",
        "sector_name": "WESTBENGAL",
        "dir": "SW",
        "direction": "SW",
        "bearing": 232,
        "distance": "25-30",
        "depth": "84-89",
        "lat_dms": "19 39 20 N",
        "lon_dms": "85 50 57 E",
        "suitability": "high",
        "timestamp": "2026-09-19T05:04:34.287056+00:00",
        "source": "incois_textdata",
        "zone_id": "SEC010_Kaliakana_047"
      }
    },
    {
      "type": "Feature",
      "geometry": {
        "type": "Point",
        "coordinates": [
          85.88694,
          19.65444
        ]
      },
      "properties": {
        "place": "Nuagan",
        "sector": "SEC010",
        "sector_name": "WESTBENGAL",
        "dir": "SW",
        "direction": "SW",
        "bearing": 229,
        "distance": "26-31",
        "depth": "92-97",
        "lat_dms": "19 39 16 N",
        "lon_dms": "85 53 13 E",
        "suitability": "high",
        "timestamp": "2026-09-19T05:04:34.287056+00:00",
        "source": "incois_textdata",
        "zone_id": "SEC010_Nuagan_048"
      }
    },
    {
      "type": "Feature",
      "geometry": {
        "type": "Point",
        "coordinates": [
          85.86778,
          19.65278
        ]
      },
      "properties": {
        "place": "Noliasahi",
        "sector": "SEC010",
        "sector_name": "WESTBENGAL",
        "dir": "SW",
        "direction": "SW",
        "bearing": 230,
        "distance": "27-32",
        "depth": "90-95",
        "lat_dms": "19 39 10 N",
        "lon_dms": "85 52 4 E",
        "suitability": "high",
        "timestamp": "2026-09-19T05:04:34.287056+00:00",
        "source": "incois_textdata",
        "zone_id": "SEC010_Noliasahi_049"
      }
    },
    {
      "type": "Feature",
      "geometry": {
        "type": "Point",
        "coordinates": [
          86.25472,
          19.64417
        ]
      },
      "properties": {
        "place": "Nuagar",
        "sector": "SEC010",
        "sector_name": "WESTBENGAL",
        "dir": "SW",
        "direction": "SW",
        "bearing": 194,
        "distance": "66-71",
        "depth": "35-40",
        "lat_dms": "19 38 39 N",
        "lon_dms": "86 15 17 E",
        "suitability": "high",
        "timestamp": "2026-09-19T05:04:34.287056+00:00",
        "source": "incois_textdata",
        "zone_id": "SEC010_Nuagar_050"
      }
    },
    {
      "type": "Feature",
      "geometry": {
        "type": "Point",
        "coordinates": [
          85.75278,
          19.64
        ]
      },
      "properties": {
        "place": "PuriSouth",
        "sector": "SEC010",
        "sector_name": "WESTBENGAL",
        "dir": "SW",
        "direction": "SW",
        "bearing": 200,
        "distance": "19-24",
        "depth": "15-20",
        "lat_dms": "19 38 24 N",
        "lon_dms": "85 45 10 E",
        "suitability": "high",
        "timestamp": "2026-09-19T05:04:34.287056+00:00",
        "source": "incois_textdata",
        "zone_id": "SEC010_PuriSouth_051"
      }
    },
    {
      "type": "Feature",
      "geometry": {
        "type": "Point",
        "coordinates": [
          86.24833,
          19.61861
        ]
      },
      "properties": {
        "place": "Sudhikeswar(Talia)",
        "sector": "SEC010",
        "sector_name": "WESTBENGAL",
        "dir": "SW",
        "direction": "SW",
        "bearing": 190,
        "distance": "135-140",
        "depth": "34-39",
        "lat_dms": "19 37 7 N",
        "lon_dms": "86 14 54 E",
        "suitability": "high",
        "timestamp": "2026-09-19T05:04:34.287056+00:00",
        "source": "incois_textdata",
        "zone_id": "SEC010_Sudhikeswar(Talia)_052"
      }
    },
    {
      "type": "Feature",
      "geometry": {
        "type": "Point",
        "coordinates": [
          86.195,
          19.61111
        ]
      },
      "properties": {
        "place": "Astaranga",
        "sector": "SEC010",
        "sector_name": "WESTBENGAL",
        "dir": "SW",
        "direction": "SW",
        "bearing": 194,
        "distance": "199-204",
        "depth": "34-39",
        "lat_dms": "19 36 40 N",
        "lon_dms": "86 11 42 E",
        "suitability": "high",
        "timestamp": "2026-09-19T05:04:34.287056+00:00",
        "source": "incois_textdata",
        "zone_id": "SEC010_Astaranga_053"
      }
    },
    {
      "type": "Feature",
      "geometry": {
        "type": "Point",
        "coordinates": [
          86.22278,
          19.61083
        ]
      },
      "properties": {
        "place": "Balipantala",
        "sector": "SEC010",
        "sector_name": "WESTBENGAL",
        "dir": "SW",
        "direction": "SW",
        "bearing": 191,
        "distance": "185-190",
        "depth": "34-39",
        "lat_dms": "19 36 39 N",
        "lon_dms": "86 13 22 E",
        "suitability": "high",
        "timestamp": "2026-09-19T05:04:34.287056+00:00",
        "source": "incois_textdata",
        "zone_id": "SEC010_Balipantala_054"
      }
    },
    {
      "type": "Feature",
      "geometry": {
        "type": "Point",
        "coordinates": [
          86.17139,
          19.5975
        ]
      },
      "properties": {
        "place": "Anakona&Dalukani",
        "sector": "SEC010",
        "sector_name": "WESTBENGAL",
        "dir": "SW",
        "direction": "SW",
        "bearing": 196,
        "distance": "221-226",
        "depth": "35-40",
        "lat_dms": "19 35 51 N",
        "lon_dms": "86 10 17 E",
        "suitability": "high",
        "timestamp": "2026-09-19T05:04:34.287056+00:00",
        "source": "incois_textdata",
        "zone_id": "SEC010_Anakona&Dalukani_055"
      }
    },
    {
      "type": "Feature",
      "geometry": {
        "type": "Point",
        "coordinates": [
          86.15056,
          19.57944
        ]
      },
      "properties": {
        "place": "Tondahar",
        "sector": "SEC010",
        "sector_name": "WESTBENGAL",
        "dir": "SW",
        "direction": "SW",
        "bearing": 192,
        "distance": "215-220",
        "depth": "34-39",
        "lat_dms": "19 34 46 N",
        "lon_dms": "86 9 2 E",
        "suitability": "high",
        "timestamp": "2026-09-19T05:04:34.287056+00:00",
        "source": "incois_textdata",
        "zone_id": "SEC010_Tondahar_056"
      }
    },
    {
      "type": "Feature",
      "geometry": {
        "type": "Point",
        "coordinates": [
          86.06889,
          19.575
        ]
      },
      "properties": {
        "place": "Bangor",
        "sector": "SEC010",
        "sector_name": "WESTBENGAL",
        "dir": "SE",
        "direction": "SE",
        "bearing": 169,
        "distance": "114-119",
        "depth": "27-32",
        "lat_dms": "19 34 30 N",
        "lon_dms": "86 4 8 E",
        "suitability": "high",
        "timestamp": "2026-09-19T05:04:34.287056+00:00",
        "source": "incois_textdata",
        "zone_id": "SEC010_Bangor_057"
      }
    },
    {
      "type": "Feature",
      "geometry": {
        "type": "Point",
        "coordinates": [
          86.12417,
          19.57111
        ]
      },
      "properties": {
        "place": "Kajalpatia(Khandiapatna)",
        "sector": "SEC010",
        "sector_name": "WESTBENGAL",
        "dir": "SW",
        "direction": "SW",
        "bearing": 189,
        "distance": "188-193",
        "depth": "32-37",
        "lat_dms": "19 34 16 N",
        "lon_dms": "86 7 27 E",
        "suitability": "high",
        "timestamp": "2026-09-19T05:04:34.287056+00:00",
        "source": "incois_textdata",
        "zone_id": "SEC010_Kajalpatia(Khandiapatna)_058"
      }
    },
    {
      "type": "Feature",
      "geometry": {
        "type": "Point",
        "coordinates": [
          86.09639,
          19.57111
        ]
      },
      "properties": {
        "place": "Chandrabhaga",
        "sector": "SEC010",
        "sector_name": "WESTBENGAL",
        "dir": "SW",
        "direction": "SW",
        "bearing": 183,
        "distance": "181-186",
        "depth": "30-35",
        "lat_dms": "19 34 16 N",
        "lon_dms": "86 5 47 E",
        "suitability": "high",
        "timestamp": "2026-09-19T05:04:34.287056+00:00",
        "source": "incois_textdata",
        "zone_id": "SEC010_Chandrabhaga_059"
      }
    },
    {
      "type": "Feature",
      "geometry": {
        "type": "Point",
        "coordinates": [
          85.53972,
          19.37139
        ]
      },
      "properties": {
        "place": "PuriNorth",
        "sector": "SEC010",
        "sector_name": "WESTBENGAL",
        "dir": "SW",
        "direction": "SW",
        "bearing": 208,
        "distance": "127-132",
        "depth": "49-54",
        "lat_dms": "19 22 17 N",
        "lon_dms": "85 32 23 E",
        "suitability": "high",
        "timestamp": "2026-09-19T05:04:34.287056+00:00",
        "source": "incois_textdata",
        "zone_id": "SEC010_PuriNorth_060"
      }
    },
    {
      "type": "Feature",
      "geometry": {
        "type": "Point",
        "coordinates": [
          85.54944,
          19.34639
        ]
      },
      "properties": {
        "place": "Ganjam",
        "sector": "SEC010",
        "sector_name": "WESTBENGAL",
        "dir": "SE",
        "direction": "SE",
        "bearing": 93,
        "distance": "144-149",
        "depth": "50-55",
        "lat_dms": "19 20 47 N",
        "lon_dms": "85 32 58 E",
        "suitability": "high",
        "timestamp": "2026-09-19T05:04:34.287056+00:00",
        "source": "incois_textdata",
        "zone_id": "SEC010_Ganjam_061"
      }
    },
    {
      "type": "Feature",
      "geometry": {
        "type": "Point",
        "coordinates": [
          85.55333,
          19.32
        ]
      },
      "properties": {
        "place": "Kantiagada(Podampeta)",
        "sector": "SEC010",
        "sector_name": "WESTBENGAL",
        "dir": "SE",
        "direction": "SE",
        "bearing": 100,
        "distance": "172-177",
        "depth": "48-53",
        "lat_dms": "19 19 12 N",
        "lon_dms": "85 33 12 E",
        "suitability": "high",
        "timestamp": "2026-09-19T05:04:34.287056+00:00",
        "source": "incois_textdata",
        "zone_id": "SEC010_Kantiagada(Podampeta)_062"
      }
    },
    {
      "type": "Feature",
      "geometry": {
        "type": "Point",
        "coordinates": [
          85.54694,
          19.29389
        ]
      },
      "properties": {
        "place": "Arakhakud",
        "sector": "SEC010",
        "sector_name": "WESTBENGAL",
        "dir": "SW",
        "direction": "SW",
        "bearing": 185,
        "distance": "191-196",
        "depth": "44-49",
        "lat_dms": "19 17 38 N",
        "lon_dms": "85 32 49 E",
        "suitability": "high",
        "timestamp": "2026-09-19T05:04:34.287056+00:00",
        "source": "incois_textdata",
        "zone_id": "SEC010_Arakhakud_063"
      }
    },
    {
      "type": "Feature",
      "geometry": {
        "type": "Point",
        "coordinates": [
          85.52306,
          19.28278
        ]
      },
      "properties": {
        "place": "Siandi",
        "sector": "SEC010",
        "sector_name": "WESTBENGAL",
        "dir": "SW",
        "direction": "SW",
        "bearing": 182,
        "distance": "169-174",
        "depth": "43-48",
        "lat_dms": "19 16 58 N",
        "lon_dms": "85 31 23 E",
        "suitability": "high",
        "timestamp": "2026-09-19T05:04:34.287056+00:00",
        "source": "incois_textdata",
        "zone_id": "SEC010_Siandi_064"
      }
    },
    {
      "type": "Feature",
      "geometry": {
        "type": "Point",
        "coordinates": [
          85.50944,
          19.26306
        ]
      },
      "properties": {
        "place": "Prayagi",
        "sector": "SEC010",
        "sector_name": "WESTBENGAL",
        "dir": "SE",
        "direction": "SE",
        "bearing": 117,
        "distance": "156-161",
        "depth": "43-48",
        "lat_dms": "19 15 47 N",
        "lon_dms": "85 30 34 E",
        "suitability": "high",
        "timestamp": "2026-09-19T05:04:34.287056+00:00",
        "source": "incois_textdata",
        "zone_id": "SEC010_Prayagi_065"
      }
    },
    {
      "type": "Feature",
      "geometry": {
        "type": "Point",
        "coordinates": [
          85.49417,
          19.24417
        ]
      },
      "properties": {
        "place": "Satpara",
        "sector": "SEC010",
        "sector_name": "WESTBENGAL",
        "dir": "SE",
        "direction": "SE",
        "bearing": 175,
        "distance": "132-137",
        "depth": "42-47",
        "lat_dms": "19 14 39 N",
        "lon_dms": "85 29 39 E",
        "suitability": "high",
        "timestamp": "2026-09-19T05:04:34.287056+00:00",
        "source": "incois_textdata",
        "zone_id": "SEC010_Satpara_066"
      }
    },
    {
      "type": "Feature",
      "geometry": {
        "type": "Point",
        "coordinates": [
          85.46833,
          19.2375
        ]
      },
      "properties": {
        "place": "Khirisahi",
        "sector": "SEC010",
        "sector_name": "WESTBENGAL",
        "dir": "SE",
        "direction": "SE",
        "bearing": 169,
        "distance": "131-136",
        "depth": "39-44",
        "lat_dms": "19 14 15 N",
        "lon_dms": "85 28 6 E",
        "suitability": "high",
        "timestamp": "2026-09-19T05:04:34.287056+00:00",
        "source": "incois_textdata",
        "zone_id": "SEC010_Khirisahi_067"
      }
    },
    {
      "type": "Feature",
      "geometry": {
        "type": "Point",
        "coordinates": [
          85.44611,
          19.22389
        ]
      },
      "properties": {
        "place": "Bajarkot",
        "sector": "SEC010",
        "sector_name": "WESTBENGAL",
        "dir": "SE",
        "direction": "SE",
        "bearing": 145,
        "distance": "143-148",
        "depth": "37-42",
        "lat_dms": "19 13 26 N",
        "lon_dms": "85 26 46 E",
        "suitability": "high",
        "timestamp": "2026-09-19T05:04:34.287056+00:00",
        "source": "incois_textdata",
        "zone_id": "SEC010_Bajarkot_068"
      }
    },
    {
      "type": "Feature",
      "geometry": {
        "type": "Point",
        "coordinates": [
          85.43639,
          19.19889
        ]
      },
      "properties": {
        "place": "Ramalanka",
        "sector": "SEC010",
        "sector_name": "WESTBENGAL",
        "dir": "SE",
        "direction": "SE",
        "bearing": 142,
        "distance": "201-206",
        "depth": "38-43",
        "lat_dms": "19 11 56 N",
        "lon_dms": "85 26 11 E",
        "suitability": "high",
        "timestamp": "2026-09-19T05:04:34.287056+00:00",
        "source": "incois_textdata",
        "zone_id": "SEC010_Ramalanka_069"
      }
    },
    {
      "type": "Feature",
      "geometry": {
        "type": "Point",
        "coordinates": [
          87.85694,
          21.48556
        ]
      },
      "properties": {
        "place": "TajpurJaldha",
        "sector": "SEC011",
        "sector_name": "ANDAMAN",
        "dir": "SE",
        "direction": "SE",
        "bearing": 124,
        "distance": "0-5",
        "depth": "30-35",
        "lat_dms": "21 29 8 N",
        "lon_dms": "87 51 25 E",
        "suitability": "high",
        "timestamp": "2026-09-19T05:04:34.432485+00:00",
        "source": "incois_textdata",
        "zone_id": "SEC011_TajpurJaldha_000"
      }
    },
    {
      "type": "Feature",
      "geometry": {
        "type": "Point",
        "coordinates": [
          87.81667,
          21.45
        ]
      },
      "properties": {
        "place": "Junput",
        "sector": "SEC011",
        "sector_name": "ANDAMAN",
        "dir": "S",
        "direction": "S",
        "bearing": 180,
        "distance": "4-9",
        "depth": "27-32",
        "lat_dms": "21 27 0 N",
        "lon_dms": "87 49 0 E",
        "suitability": "high",
        "timestamp": "2026-09-19T05:04:34.432485+00:00",
        "source": "incois_textdata",
        "zone_id": "SEC011_Junput_001"
      }
    },
    {
      "type": "Feature",
      "geometry": {
        "type": "Point",
        "coordinates": [
          88.5225,
          21.435
        ]
      },
      "properties": {
        "place": "Namkhana",
        "sector": "SEC011",
        "sector_name": "ANDAMAN",
        "dir": "SE",
        "direction": "SE",
        "bearing": 142,
        "distance": "18-23",
        "depth": "51-56",
        "lat_dms": "21 26 6 N",
        "lon_dms": "88 31 21 E",
        "suitability": "high",
        "timestamp": "2026-09-19T05:04:34.432485+00:00",
        "source": "incois_textdata",
        "zone_id": "SEC011_Namkhana_002"
      }
    },
    {
      "type": "Feature",
      "geometry": {
        "type": "Point",
        "coordinates": [
          87.82028,
          21.39806
        ]
      },
      "properties": {
        "place": "Digha",
        "sector": "SEC011",
        "sector_name": "ANDAMAN",
        "dir": "SE",
        "direction": "SE",
        "bearing": 158,
        "distance": "6-11",
        "depth": "29-34",
        "lat_dms": "21 23 53 N",
        "lon_dms": "87 49 13 E",
        "suitability": "high",
        "timestamp": "2026-09-19T05:04:34.432485+00:00",
        "source": "incois_textdata",
        "zone_id": "SEC011_Digha_003"
      }
    },
    {
      "type": "Feature",
      "geometry": {
        "type": "Point",
        "coordinates": [
          88.46417,
          21.39583
        ]
      },
      "properties": {
        "place": "Frasergunje",
        "sector": "SEC011",
        "sector_name": "ANDAMAN",
        "dir": "SE",
        "direction": "SE",
        "bearing": 131,
        "distance": "0-5",
        "depth": "29-34",
        "lat_dms": "21 23 45 N",
        "lon_dms": "88 27 51 E",
        "suitability": "high",
        "timestamp": "2026-09-19T05:04:34.432485+00:00",
        "source": "incois_textdata",
        "zone_id": "SEC011_Frasergunje_004"
      }
    },
    {
      "type": "Feature",
      "geometry": {
        "type": "Point",
        "coordinates": [
          88.39694,
          21.37333
        ]
      },
      "properties": {
        "place": "Lothian Island",
        "sector": "SEC011",
        "sector_name": "ANDAMAN",
        "dir": "SE",
        "direction": "SE",
        "bearing": 163,
        "distance": "6-11",
        "depth": "25-30",
        "lat_dms": "21 22 24 N",
        "lon_dms": "88 23 49 E",
        "suitability": "high",
        "timestamp": "2026-09-19T05:04:34.432485+00:00",
        "source": "incois_textdata",
        "zone_id": "SEC011_Lothian_Island_005"
      }
    },
    {
      "type": "Feature",
      "geometry": {
        "type": "Point",
        "coordinates": [
          87.86667,
          21.37028
        ]
      },
      "properties": {
        "place": "Sagar",
        "sector": "SEC011",
        "sector_name": "ANDAMAN",
        "dir": "SW",
        "direction": "SW",
        "bearing": 211,
        "distance": "4-9",
        "depth": "35-40",
        "lat_dms": "21 22 13 N",
        "lon_dms": "87 52 0 E",
        "suitability": "high",
        "timestamp": "2026-09-19T05:04:34.432485+00:00",
        "source": "incois_textdata",
        "zone_id": "SEC011_Sagar_006"
      }
    },
    {
      "type": "Feature",
      "geometry": {
        "type": "Point",
        "coordinates": [
          88.35278,
          21.32444
        ]
      },
      "properties": {
        "place": "FrezerganjFH",
        "sector": "SEC011",
        "sector_name": "ANDAMAN",
        "dir": "SE",
        "direction": "SE",
        "bearing": 167,
        "distance": "7-12",
        "depth": "25-30",
        "lat_dms": "21 19 28 N",
        "lon_dms": "88 21 10 E",
        "suitability": "high",
        "timestamp": "2026-09-19T05:04:34.432485+00:00",
        "source": "incois_textdata",
        "zone_id": "SEC011_FrezerganjFH_007"
      }
    },
    {
      "type": "Feature",
      "geometry": {
        "type": "Point",
        "coordinates": [
          71.89194,
          12.50861
        ]
      },
      "properties": {
        "place": "Valiyapani reef",
        "sector": "SEC014",
        "sector_name": "LAKSHADWEEP",
        "dir": "NW",
        "direction": "NW",
        "bearing": 357,
        "distance": "1052-1057",
        "depth": "24-29",
        "lat_dms": "12 30 31 N",
        "lon_dms": "71 53 31 E",
        "suitability": "high",
        "timestamp": "2026-09-19T05:04:34.557955+00:00",
        "source": "incois_textdata",
        "zone_id": "SEC014_Valiyapani_reef_000"
      }
    },
    {
      "type": "Feature",
      "geometry": {
        "type": "Point",
        "coordinates": [
          71.67083,
          12.08333
        ]
      },
      "properties": {
        "place": "Byramgore",
        "sector": "SEC014",
        "sector_name": "LAKSHADWEEP",
        "dir": "NW",
        "direction": "NW",
        "bearing": 326,
        "distance": "1421-1426",
        "depth": "28-33",
        "lat_dms": "12 5 0 N",
        "lon_dms": "71 40 15 E",
        "suitability": "high",
        "timestamp": "2026-09-19T05:04:34.557955+00:00",
        "source": "incois_textdata",
        "zone_id": "SEC014_Byramgore_001"
      }
    },
    {
      "type": "Feature",
      "geometry": {
        "type": "Point",
        "coordinates": [
          71.72306,
          12.00528
        ]
      },
      "properties": {
        "place": "Cheriyapani reef",
        "sector": "SEC014",
        "sector_name": "LAKSHADWEEP",
        "dir": "NW",
        "direction": "NW",
        "bearing": 333,
        "distance": "253-258",
        "depth": "19-24",
        "lat_dms": "12 0 19 N",
        "lon_dms": "71 43 23 E",
        "suitability": "high",
        "timestamp": "2026-09-19T05:04:34.557955+00:00",
        "source": "incois_textdata",
        "zone_id": "SEC014_Cheriyapani_reef_002"
      }
    },
    {
      "type": "Feature",
      "geometry": {
        "type": "Point",
        "coordinates": [
          72.86361,
          11.76917
        ]
      },
      "properties": {
        "place": "Chetlat I",
        "sector": "SEC014",
        "sector_name": "LAKSHADWEEP",
        "dir": "NE",
        "direction": "NE",
        "bearing": 62,
        "distance": "2172-2177",
        "depth": "16-21",
        "lat_dms": "11 46 9 N",
        "lon_dms": "72 51 49 E",
        "suitability": "high",
        "timestamp": "2026-09-19T05:04:34.557955+00:00",
        "source": "incois_textdata",
        "zone_id": "SEC014_Chetlat_I_003"
      }
    },
    {
      "type": "Feature",
      "geometry": {
        "type": "Point",
        "coordinates": [
          73.24028,
          11.59639
        ]
      },
      "properties": {
        "place": "Kiltani",
        "sector": "SEC014",
        "sector_name": "LAKSHADWEEP",
        "dir": "NE",
        "direction": "NE",
        "bearing": 67,
        "distance": "2113-2118",
        "depth": "26-31",
        "lat_dms": "11 35 47 N",
        "lon_dms": "73 14 25 E",
        "suitability": "high",
        "timestamp": "2026-09-19T05:04:34.557955+00:00",
        "source": "incois_textdata",
        "zone_id": "SEC014_Kiltani_004"
      }
    },
    {
      "type": "Feature",
      "geometry": {
        "type": "Point",
        "coordinates": [
          72.18,
          11.52944
        ]
      },
      "properties": {
        "place": "Bitra I",
        "sector": "SEC014",
        "sector_name": "LAKSHADWEEP",
        "dir": "SE",
        "direction": "SE",
        "bearing": 179,
        "distance": "99-104",
        "depth": "5-10",
        "lat_dms": "11 31 46 N",
        "lon_dms": "72 10 48 E",
        "suitability": "high",
        "timestamp": "2026-09-19T05:04:34.557955+00:00",
        "source": "incois_textdata",
        "zone_id": "SEC014_Bitra_I_005"
      }
    },
    {
      "type": "Feature",
      "geometry": {
        "type": "Point",
        "coordinates": [
          72.98056,
          11.23917
        ]
      },
      "properties": {
        "place": "Kadmath I",
        "sector": "SEC014",
        "sector_name": "LAKSHADWEEP",
        "dir": "NE",
        "direction": "NE",
        "bearing": 84,
        "distance": "1861-1866",
        "depth": "20-25",
        "lat_dms": "11 14 21 N",
        "lon_dms": "72 58 50 E",
        "suitability": "high",
        "timestamp": "2026-09-19T05:04:34.557955+00:00",
        "source": "incois_textdata",
        "zone_id": "SEC014_Kadmath_I_006"
      }
    },
    {
      "type": "Feature",
      "geometry": {
        "type": "Point",
        "coordinates": [
          73.03444,
          11.15389
        ]
      },
      "properties": {
        "place": "Amini I",
        "sector": "SEC014",
        "sector_name": "LAKSHADWEEP",
        "dir": "NE",
        "direction": "NE",
        "bearing": 82,
        "distance": "1761-1766",
        "depth": "32-37",
        "lat_dms": "11 9 14 N",
        "lon_dms": "73 2 4 E",
        "suitability": "high",
        "timestamp": "2026-09-19T05:04:34.557955+00:00",
        "source": "incois_textdata",
        "zone_id": "SEC014_Amini_I_007"
      }
    },
    {
      "type": "Feature",
      "geometry": {
        "type": "Point",
        "coordinates": [
          72.38222,
          11.11361
        ]
      },
      "properties": {
        "place": "Bangaram I",
        "sector": "SEC014",
        "sector_name": "LAKSHADWEEP",
        "dir": "NE",
        "direction": "NE",
        "bearing": 27,
        "distance": "1734-1739",
        "depth": "20-25",
        "lat_dms": "11 6 49 N",
        "lon_dms": "72 22 56 E",
        "suitability": "high",
        "timestamp": "2026-09-19T05:04:34.557955+00:00",
        "source": "incois_textdata",
        "zone_id": "SEC014_Bangaram_I_008"
      }
    },
    {
      "type": "Feature",
      "geometry": {
        "type": "Point",
        "coordinates": [
          72.44833,
          11.07417
        ]
      },
      "properties": {
        "place": "Tinnakara",
        "sector": "SEC014",
        "sector_name": "LAKSHADWEEP",
        "dir": "NE",
        "direction": "NE",
        "bearing": 44,
        "distance": "1628-1633",
        "depth": "18-23",
        "lat_dms": "11 4 27 N",
        "lon_dms": "72 26 54 E",
        "suitability": "high",
        "timestamp": "2026-09-19T05:04:34.557955+00:00",
        "source": "incois_textdata",
        "zone_id": "SEC014_Tinnakara_009"
      }
    },
    {
      "type": "Feature",
      "geometry": {
        "type": "Point",
        "coordinates": [
          73.6325,
          10.85806
        ]
      },
      "properties": {
        "place": "Androth I",
        "sector": "SEC014",
        "sector_name": "LAKSHADWEEP",
        "dir": "NW",
        "direction": "NW",
        "bearing": 305,
        "distance": "397-402",
        "depth": "7-12",
        "lat_dms": "10 51 29 N",
        "lon_dms": "73 37 57 E",
        "suitability": "high",
        "timestamp": "2026-09-19T05:04:34.557955+00:00",
        "source": "incois_textdata",
        "zone_id": "SEC014_Androth_I_010"
      }
    },
    {
      "type": "Feature",
      "geometry": {
        "type": "Point",
        "coordinates": [
          72.85972,
          8.47917
        ]
      },
      "properties": {
        "place": "Minicoy",
        "sector": "SEC014",
        "sector_name": "LAKSHADWEEP",
        "dir": "NW",
        "direction": "NW",
        "bearing": 322,
        "distance": "2143-2148",
        "depth": "27-32",
        "lat_dms": "8 28 45 N",
        "lon_dms": "72 51 35 E",
        "suitability": "high",
        "timestamp": "2026-09-19T05:04:34.557955+00:00",
        "source": "incois_textdata",
        "zone_id": "SEC014_Minicoy_011"
      }
    }
  ],
  "artifacts": [
    "data/pfz-today.geojson",
    "redis:pfz:today"
  ]
}